<favourites>
	<favourite name="Max Payne" thumb="http://thegamesdb.net/banners/boxart/original/front/11584-1.jpg">ActivateWindow(10025,&quot;plugin://plugin.program.iarl/Emulator/GBA_ZachMorris/Game/Max+Payne+%28USA%29?sf_options=desc%3D%26_options_sf&quot;,return)</favourite>
	<favourite name="Max Payne" thumb="http://thegamesdb.net/banners/boxart/original/front/4170-1.jpg">ActivateWindow(10025,&quot;plugin://plugin.program.iarl/Emulator/Sony_Playstation_2_N3RDFLIX/Game/Max+Payne+%28USA%29?sf_options=desc%3D%26_options_sf&quot;,return)</favourite>
	<favourite name="Max Payne 2 - The Fall of Max Payne" thumb="http://thegamesdb.net/banners/boxart/original/front/4171-1.jpg">ActivateWindow(10025,&quot;plugin://plugin.program.iarl/Emulator/Sony_Playstation_2_N3RDFLIX/Game/Max+Payne+2+-+The+Fall+of+Max+Payne+%28USA%29?sf_options=desc%3D%26_options_sf&quot;,return)</favourite>
    <favourite name="Max Payne 2 - The Fall of Max Payne" thumb="http://thegamesdb.net/banners/boxart/original/front/4171-1.jpg">ActivateWindow(10025,&quot;plugin://plugin.program.iarl/Emulator/Sony_Playstation_2_N3RDFLIX/Game/Max+Payne+2+-+The+Fall+of+Max+Payne+%28USA%29?sf_options=desc%3D%26_options_sf&quot;,return)</favourite>
	<favourite name="Max Payne Advance" thumb="http://static.giantbomb.com/uploads/scale_large/8/82063/2737109-maxpayne.jpg">ActivateWindow(10025,&quot;plugin://plugin.program.iarl/Emulator/GBA_ZachMorris/Game/Max+Payne+Advance+%28Europe%29+%28En%2CFr%2CDe%29?sf_options=desc%3D%26_options_sf&quot;,return)</favourite>
</favourites>