<favourites>
    <favourite name="Kirby's Dream Course" thumb="http://i.imgur.com/doPORCu.jpg">ActivateWindow(10025,&quot;plugin://plugin.program.iarl/Emulator/SNES_ZachMorris/Game/Kirby%27s+Dream+Course+%28USA%29?sf_options=desc%3D%26_options_sf&quot;,return)</favourite>
	<favourite name="Hoshi no Kirby - Yume no Izumi Deluxe" thumb="http://thegamesdb.net/banners/boxart/original/front/2337-1.jpg">ActivateWindow(10025,&quot;plugin://plugin.program.iarl/Emulator/GBA_ZachMorris/Game/Hoshi+no+Kirby+-+Yume+no+Izumi+Deluxe+%28Japan%29?sf_options=desc%3D%26_options_sf&quot;,return)</favourite>
	<favourite name="Hoshi no Kirby - Yume no Izumi no Monogatari" thumb="http://i.imgur.com/7ANiE8K.jpg">ActivateWindow(10025,&quot;plugin://plugin.program.iarl/Emulator/NES_ZachMorris/Game/Hoshi+no+Kirby+-+Yume+no+Izumi+no+Monogatari+%28Japan%29?sf_options=desc%3D%26_options_sf&quot;,return)</favourite>
	<favourite name="Hoshi no Kirby 2" thumb="http://thegamesdb.net/banners/boxart/original/front/3190-1.jpg">ActivateWindow(10025,&quot;plugin://plugin.program.iarl/Emulator/GB_Classic_ZachMorris/Game/Hoshi+no+Kirby+2+%28Japan%29+%28SGB+Enhanced%29?sf_options=desc%3D%26_options_sf&quot;,return)</favourite>
	<favourite name="Hoshi no Kirby 3" thumb="http://i.imgur.com/0kg3GA5.jpg">ActivateWindow(10025,&quot;plugin://plugin.program.iarl/Emulator/SNES_ZachMorris/Game/Hoshi+no+Kirby+3+%28Japan%29?sf_options=desc%3D%26_options_sf&quot;,return)</favourite>
	<favourite name="Hoshi no Kirby 64" thumb="http://thegamesdb.net/banners/boxart/original/front/262-1.jpg">ActivateWindow(10025,&quot;plugin://plugin.program.iarl/Emulator/N64_ZachMorris/Game/Hoshi+no+Kirby+64+%28Japan%29+%28Rev+C%29?sf_options=desc%3D%26_options_sf&quot;,return)</favourite>
	<favourite name="Hoshi no Kirby Super Deluxe" thumb="http://i.imgur.com/t95qEVQ.jpg">ActivateWindow(10025,&quot;plugin://plugin.program.iarl/Emulator/SNES_ZachMorris/Game/Hoshi+no+Kirby+Super+Deluxe+%28Japan%29+%28Rev+2%29?sf_options=desc%3D%26_options_sf&quot;,return)</favourite>
	<favourite name="Korokoro Kirby" thumb="http://thegamesdb.net/banners/boxart/original/front/8623-1.jpg">ActivateWindow(10025,&quot;plugin://plugin.program.iarl/Emulator/GBC_ZachMorris/Game/Korokoro+Kirby+%28Japan%29?sf_options=desc%3D%26_options_sf&quot;,return)</favourite>
	<favourite name="Kirby's Adventure" thumb="http://i.imgur.com/MMXzRmY.jpg">ActivateWindow(10025,&quot;plugin://plugin.program.iarl/Emulator/NES_ZachMorris/Game/Kirby%27s+Adventure+%28USA%29+%28Rev+A%29?sf_options=desc%3D%26_options_sf&quot;,return)</favourite>
	<favourite name="Kirby's Avalanche" thumb="http://i.imgur.com/dqmeNcJ.jpg">ActivateWindow(10025,&quot;plugin://plugin.program.iarl/Emulator/SNES_ZachMorris/Game/Kirby%27s+Avalanche+%28USA%29?sf_options=desc%3D%26_options_sf&quot;,return)</favourite>
	<favourite name="Kirby's Block Ball" thumb="http://thegamesdb.net/banners/boxart/original/front/2305-1.jpg">ActivateWindow(10025,&quot;plugin://plugin.program.iarl/Emulator/GB_Classic_ZachMorris/Game/Kirby%27s+Block+Ball+%28USA%2C+Europe%29+%28SGB+Enhanced%29?sf_options=desc%3D%26_options_sf&quot;,return)</favourite>
	<favourite name="Kirby's Dream Land" thumb="http://thegamesdb.net/banners/boxart/original/front/8706-1.jpg">ActivateWindow(10025,&quot;plugin://plugin.program.iarl/Emulator/GB_Classic_ZachMorris/Game/Kirby%27s+Dream+Land+%28USA%2C+Europe%29?sf_options=desc%3D%26_options_sf&quot;,return)</favourite>
	<favourite name="Kirby's Dream Land 2" thumb="http://thegamesdb.net/banners/boxart/original/front/3190-1.jpg">ActivateWindow(10025,&quot;plugin://plugin.program.iarl/Emulator/GB_Classic_ZachMorris/Game/Kirby%27s+Dream+Land+2+%28USA%2C+Europe%29+%28SGB+Enhanced%29?sf_options=desc%3D%26_options_sf&quot;,return)</favourite>
	<favourite name="Kirby's Dream Land 3" thumb="http://i.imgur.com/0kg3GA5.jpg">ActivateWindow(10025,&quot;plugin://plugin.program.iarl/Emulator/SNES_ZachMorris/Game/Kirby%27s+Dream+Land+3+%28USA%29?sf_options=desc%3D%26_options_sf&quot;,return)</favourite>
	<favourite name="Kirby's Fun Pak" thumb="http://i.imgur.com/t95qEVQ.jpg">ActivateWindow(10025,&quot;plugin://plugin.program.iarl/Emulator/SNES_ZachMorris/Game/Kirby%27s+Fun+Pak+%28Europe%29?sf_options=desc%3D%26_options_sf&quot;,return)</favourite>
	<favourite name="Kirby's Ghost Trap" thumb="http://i.imgur.com/dqmeNcJ.jpg">ActivateWindow(10025,&quot;plugin://plugin.program.iarl/Emulator/SNES_ZachMorris/Game/Kirby%27s+Ghost+Trap+%28Europe%29?sf_options=desc%3D%26_options_sf&quot;,return)</favourite>
	<favourite name="Kirby's Pinball Land" thumb="http://thegamesdb.net/banners/boxart/original/front/3191-1.jpg">ActivateWindow(10025,&quot;plugin://plugin.program.iarl/Emulator/GB_Classic_ZachMorris/Game/Kirby%27s+Pinball+Land+%28USA%2C+Europe%29?sf_options=desc%3D%26_options_sf&quot;,return)</favourite>
	<favourite name="Kirby's Star Stacker" thumb="http://thegamesdb.net/banners/boxart/original/front/3192-1.jpg">ActivateWindow(10025,&quot;plugin://plugin.program.iarl/Emulator/GB_Classic_ZachMorris/Game/Kirby%27s+Star+Stacker+%28USA%2C+Europe%29+%28SGB+Enhanced%29?sf_options=desc%3D%26_options_sf&quot;,return)</favourite>
	<favourite name="Kirby & the Amazing Mirror" thumb="http://thegamesdb.net/banners/boxart/original/front/2336-1.jpg">ActivateWindow(10025,&quot;plugin://plugin.program.iarl/Emulator/GBA_ZachMorris/Game/Kirby+%26+the+Amazing+Mirror+%28USA%29?sf_options=desc%3D%26_options_sf&quot;,return)</favourite>
	<favourite name="Kirby - Canvas Curse" thumb="http://thegamesdb.net/banners/boxart/original/front/6814-1.jpg">ActivateWindow(10025,&quot;plugin://plugin.program.iarl/Emulator/NINTENDO_DS_N3RDFLIX/Game/Kirby+-+Canvas+Curse+%28US%29?sf_options=desc%3D%26_options_sf&quot;,return)</favourite>
	<favourite name="Kirby - Mass Attack" thumb="http://thegamesdb.net/banners/boxart/original/front/11263-1.jpg">ActivateWindow(10025,&quot;plugin://plugin.program.iarl/Emulator/NINTENDO_DS_N3RDFLIX/Game/Kirby+-+Mass+Attack+%28USA%29+%28En%2CFr%2CEs%29?sf_options=desc%3D%26_options_sf&quot;,return)</favourite>
	<favourite name="Kirby - Nightmare in Dream Land" thumb="http://static.giantbomb.com/uploads/scale_large/8/87790/1865074-box_knidl.png">ActivateWindow(10025,&quot;plugin://plugin.program.iarl/Emulator/GBA_ZachMorris/Game/Kirby+-+Nightmare+in+Dream+Land+%28USA%29?sf_options=desc%3D%26_options_sf&quot;,return)</favourite>
	<favourite name="Kirby - Squeak Squad" thumb="http://thegamesdb.net/banners/boxart/original/front/6815-1.jpg">ActivateWindow(10025,&quot;plugin://plugin.program.iarl/Emulator/NINTENDO_DS_N3RDFLIX/Game/Kirby+-+Squeak+Squad+%28US%29?sf_options=desc%3D%26_options_sf&quot;,return)</favourite>
	<favourite name="Kirby - Super Star Ultra" thumb="http://thegamesdb.net/banners/boxart/original/front/11264-1.jpg">ActivateWindow(10025,&quot;plugin://plugin.program.iarl/Emulator/NINTENDO_DS_N3RDFLIX/Game/Kirby+-+Super+Star+Ultra+%28US%29?sf_options=desc%3D%26_options_sf&quot;,return)</favourite>
	<favourite name="Kirby - Tilt 'n' Tumble" thumb="http://thegamesdb.net/banners/boxart/original/front/8623-1.jpg">ActivateWindow(10025,&quot;plugin://plugin.program.iarl/Emulator/GBC_ZachMorris/Game/Kirby+-+Tilt+%27n%27+Tumble+%28USA%29?sf_options=desc%3D%26_options_sf&quot;,return)</favourite>
	<favourite name="Kirby 64 - The Crystal Shards" thumb="http://static.giantbomb.com/uploads/scale_large/8/87790/1865065-box_k64tcs.png">ActivateWindow(10025,&quot;plugin://plugin.program.iarl/Emulator/N64_ZachMorris/Game/Kirby+64+-+The+Crystal+Shards+%28USA%29?sf_options=desc%3D%26_options_sf&quot;,return)</favourite>
	<favourite name="Kirby Air Ride" thumb="http://thegamesdb.net/banners/boxart/original/front/6994-1.jpg">ActivateWindow(10025,&quot;plugin://plugin.program.iarl/Emulator/Nintendo_Gamecube_N3RDFLIX/Game/Kirby+Air+Ride+%28U%29%28STINKYCUBE%29?sf_options=desc%3D%26_options_sf&quot;,return)</favourite>
	<favourite name="Kirby Bowl" thumb="http://i.imgur.com/dC3WLyl.jpg">ActivateWindow(10025,&quot;plugin://plugin.program.iarl/Emulator/SNES_ZachMorris/Game/Kirby+Bowl+%28Japan%29?sf_options=desc%3D%26_options_sf&quot;,return)</favourite>
	<favourite name="Kirby Super Star" thumb="http://i.imgur.com/t95qEVQ.jpg">ActivateWindow(10025,&quot;plugin://plugin.program.iarl/Emulator/SNES_ZachMorris/Game/Kirby+Super+Star+%28USA%29?sf_options=desc%3D%26_options_sf&quot;,return)</favourite>
	<favourite name="Kirby no Block Ball" thumb="http://thegamesdb.net/banners/boxart/original/front/2305-1.jpg">ActivateWindow(10025,&quot;plugin://plugin.program.iarl/Emulator/GB_Classic_ZachMorris/Game/Kirby+no+Block+Ball+%28Japan%29+%28SGB+Enhanced%29?sf_options=desc%3D%26_options_sf&quot;,return)</favourite>
	<favourite name="Kirby no Kirakira Kids" thumb="http://i.imgur.com/lZ56iCv.jpg">ActivateWindow(10025,&quot;plugin://plugin.program.iarl/Emulator/SNES_ZachMorris/Game/Kirby+no+Kirakira+Kids+%28Japan%29?sf_options=desc%3D%26_options_sf&quot;,return)</favourite>
	<favourite name="Kirby no Kirakira Kids" thumb="http://thegamesdb.net/banners/boxart/original/front/3192-1.jpg">ActivateWindow(10025,&quot;plugin://plugin.program.iarl/Emulator/GB_Classic_ZachMorris/Game/Kirby+no+Kirakira+Kids+%28Japan%29+%28SGB+Enhanced%29?sf_options=desc%3D%26_options_sf&quot;,return)</favourite>
	<favourite name="Kirby no Pinball" thumb="http://thegamesdb.net/banners/boxart/original/front/3191-1.jpg">ActivateWindow(10025,&quot;plugin://plugin.program.iarl/Emulator/GB_Classic_ZachMorris/Game/Kirby+no+Pinball+%28Japan%29?sf_options=desc%3D%26_options_sf&quot;,return)</favourite>
</favourites>