<favourites>
	<favourite name="Transformers - Dark of the Moon - Autobots" thumb="http://thegamesdb.net/banners/boxart/original/front/42725-1.jpg">ActivateWindow(10025,&quot;plugin://plugin.program.iarl/Emulator/NINTENDO_DS_N3RDFLIX/Game/Transformers+-+Dark+of+the+Moon+-+Autobots+%28USA%29?sf_options=desc%3D%26_options_sf&quot;,return)</favourite>
	<favourite name="Transformers" thumb="https://archive.org/download/C64Games_201705/C64_Artwork.zip/Commodore%2064%20Artwork%2FTransformers%20%28Europe%29%2F%5B1.Front%5D%20Front1.jpg">ActivateWindow(10025,&quot;plugin://plugin.program.iarl/Emulator/C64_ZachMorris/Game/Transformers+%28Europe%29?sf_options=desc%3D%26_options_sf&quot;,return)</favourite>
	<favourite name="Transformers" thumb="http://thegamesdb.net/banners/boxart/original/front/5378-1.jpg">ActivateWindow(10025,&quot;plugin://plugin.program.iarl/Emulator/Sony_Playstation_2_N3RDFLIX/Game/Transformers+%28USA%29?sf_options=desc%3D%26_options_sf&quot;,return)</favourite>
	<favourite name="Transformers - Autobots" thumb="http://thegamesdb.net/banners/boxart/original/front/6895-1.jpg">ActivateWindow(10025,&quot;plugin://plugin.program.iarl/Emulator/NINTENDO_DS_N3RDFLIX/Game/Transformers+-+Autobots+%28USA%29?sf_options=desc%3D%26_options_sf&quot;,return)</favourite>
	<favourite name="Transformers - Beast Wars Transmetals" thumb="http://static.giantbomb.com/uploads/scale_large/8/87790/2207758-box_tfbwtm.png">ActivateWindow(10025,&quot;plugin://plugin.program.iarl/Emulator/PS1_ZachMorris/Game/Transformers+-+Beast+Wars+Transmetals+%28USA%29?sf_options=desc%3D%26_options_sf&quot;,return)</favourite>
	<favourite name="Transformers - Beast Wars Transmetals" thumb="http://static.giantbomb.com/uploads/scale_large/8/87790/2207758-box_tfbwtm.png">ActivateWindow(10025,&quot;plugin://plugin.program.iarl/Emulator/N64_ZachMorris/Game/Transformers+-+Beast+Wars+Transmetals+%28USA%29?sf_options=desc%3D%26_options_sf&quot;,return)</favourite>
	<favourite name="Transformers - Dark of the Moon - Decepticons" thumb="http://thegamesdb.net/banners/boxart/original/front/42726-1.jpg">ActivateWindow(10025,&quot;plugin://plugin.program.iarl/Emulator/NINTENDO_DS_N3RDFLIX/Game/Transformers+-+Dark+of+the+Moon+-+Decepticons+%28USA%29?sf_options=desc%3D%26_options_sf&quot;,return)</favourite>
	<favourite name="Transformers - Decepticons" thumb="http://thegamesdb.net/banners/boxart/original/front/42727-1.png">ActivateWindow(10025,&quot;plugin://plugin.program.iarl/Emulator/NINTENDO_DS_N3RDFLIX/Game/Transformers+-+Decepticons+%28USA%29?sf_options=desc%3D%26_options_sf&quot;,return)</favourite>
	<favourite name="Transformers - Revenge of the Fallen" thumb="http://thegamesdb.net/banners/boxart/original/front/8794-1.jpg">ActivateWindow(10025,&quot;plugin://plugin.program.iarl/Emulator/Sony_Playstation_2_N3RDFLIX/Game/Transformers+-+Revenge+of+the+Fallen+%28Europe%29?sf_options=desc%3D%26_options_sf&quot;,return)</favourite>
	<favourite name="Transformers - Revenge of the Fallen" thumb="http://thegamesdb.net/banners/boxart/original/front/34451-1.jpg">ActivateWindow(10025,&quot;plugin://plugin.program.iarl/Emulator/PSP_N3RDFLIX/Game/Transformers+-+Revenge+of+the+Fallen+%28USA%29?sf_options=desc%3D%26_options_sf&quot;,return)</favourite>
	<favourite name="Transformers - Revenge of the Fallen - Autobots Version" thumb="http://thegamesdb.net/banners/boxart/original/front/42729-1.jpg">ActivateWindow(10025,&quot;plugin://plugin.program.iarl/Emulator/NINTENDO_DS_N3RDFLIX/Game/Transformers+-+Revenge+of+the+Fallen+-+Autobots+Version+%28USA%29?sf_options=desc%3D%26_options_sf&quot;,return)</favourite>
	<favourite name="Transformers - Revenge of the Fallen - Decepticons Version" thumb="http://thegamesdb.net/banners/boxart/original/front/42730-1.jpg">ActivateWindow(10025,&quot;plugin://plugin.program.iarl/Emulator/NINTENDO_DS_N3RDFLIX/Game/Transformers+-+Revenge+of+the+Fallen+-+Decepticons+Version+%28USA%29?sf_options=desc%3D%26_options_sf&quot;,return)</favourite>
	<favourite name="Transformers - The Battle to Save the Earth" thumb="https://archive.org/download/C64Games_201705/C64_Artwork.zip/Commodore%2064%20Artwork%2FTransformers%20-%20The%20Battle%20to%20Save%20the%20Earth%20%28USA%29%20%28Side%20A%29%2FAdvert-Activision12.jpg">ActivateWindow(10025,&quot;plugin://plugin.program.iarl/Emulator/C64_ZachMorris/Game/Transformers+-+The+Battle+to+Save+the+Earth+%28USA%29?sf_options=desc%3D%26_options_sf&quot;,return)</favourite>
	<favourite name="Transformers - The Game" thumb="http://thegamesdb.net/banners/boxart/original/front/29067-1.jpg">ActivateWindow(10025,&quot;plugin://plugin.program.iarl/Emulator/PSP_N3RDFLIX/Game/Transformers+-+The+Game+%28USA%29?sf_options=desc%3D%26_options_sf&quot;,return)</favourite>
	<favourite name="Transformers Animated - The Game" thumb="http://thegamesdb.net/banners/boxart/original/front/24618-1.jpg">ActivateWindow(10025,&quot;plugin://plugin.program.iarl/Emulator/NINTENDO_DS_N3RDFLIX/Game/Transformers+Animated+-+The+Game+%28USA%29?sf_options=desc%3D%26_options_sf&quot;,return)</favourite>
	<favourite name="Transformers Beast Wars II" thumb="http://archive.org/download/Mame172arcdcmplt/snap.zip/tbeastw2.png">ActivateWindow(10025,&quot;plugin://plugin.program.iarl/Emulator/MAME_ZachMorris/Game/Transformers+Beast+Wars+II?sf_options=desc%3D%26_options_sf&quot;,return)</favourite>
	<favourite name="Transformers Prime - The Game" thumb="http://thegamesdb.net/banners/boxart/original/front/16082-1.jpg">ActivateWindow(10025,&quot;plugin://plugin.program.iarl/Emulator/NINTENDO_DS_N3RDFLIX/Game/Transformers+Prime+-+The+Game+%28Europe%29?sf_options=desc%3D%26_options_sf&quot;,return)</favourite>
	<favourite name="Transformers War for Cybertron - Autobots" thumb="http://thegamesdb.net/banners/boxart/original/front/42728-1.jpg">ActivateWindow(10025,&quot;plugin://plugin.program.iarl/Emulator/NINTENDO_DS_N3RDFLIX/Game/Transformers+War+for+Cybertron+-+Autobots+%28USA%29?sf_options=desc%3D%26_options_sf&quot;,return)</favourite>
	<favourite name="Transformers War for Cybertron - Decepticons" thumb="http://thegamesdb.net/banners/boxart/original/front/24151-1.jpg">ActivateWindow(10025,&quot;plugin://plugin.program.iarl/Emulator/NINTENDO_DS_N3RDFLIX/Game/Transformers+War+for+Cybertron+-+Decepticons+%28USA%29?sf_options=desc%3D%26_options_sf&quot;,return)</favourite>
	<favourite name="Beast Wars - Transformers" thumb="http://thegamesdb.net/banners/boxart/original/front/32961-1.jpg">ActivateWindow(10025,&quot;plugin://plugin.program.iarl/Emulator/PS1_ZachMorris/Game/Beast+Wars+-+Transformers+%28USA%29?sf_options=desc%3D%26_options_sf&quot;,return)</favourite>
	<favourite name="Kettou Transformers Beast Wars - Beast Senshi Saikyou Ketteisen" thumb="http://static.giantbomb.com/uploads/scale_large/16/164924/2418013-bw.jpg">ActivateWindow(10025,&quot;plugin://plugin.program.iarl/Emulator/GBC_ZachMorris/Game/Kettou+Transformers+Beast+Wars+-+Beast+Senshi+Saikyou+Ketteisen+%28Japan%29+%28SGB+Enhanced%29?sf_options=desc%3D%26_options_sf&quot;,return)</favourite>
    <favourite name="Transformers" thumb="http://thegamesdb.net/banners/boxart/original/front/5378-1.jpg">ActivateWindow(10025,&quot;plugin://plugin.program.iarl/Emulator/Sony_Playstation_2_N3RDFLIX/Game/Transformers+%28USA%29?sf_options=desc%3D%26_options_sf&quot;,return)</favourite>
	<favourite name="Transformers - Autobots" thumb="http://thegamesdb.net/banners/boxart/original/front/6895-1.jpg">ActivateWindow(10025,&quot;plugin://plugin.program.iarl/Emulator/NINTENDO_DS_N3RDFLIX/Game/Transformers+-+Autobots+%28USA%29?sf_options=desc%3D%26_options_sf&quot;,return)</favourite>
	<favourite name="Transformers - Dark of the Moon - Autobots" thumb="http://thegamesdb.net/banners/boxart/original/front/42725-1.jpg">ActivateWindow(10025,&quot;plugin://plugin.program.iarl/Emulator/NINTENDO_DS_N3RDFLIX/Game/Transformers+-+Dark+of+the+Moon+-+Autobots+%28USA%29?sf_options=desc%3D%26_options_sf&quot;,return)</favourite>
	<favourite name="Transformers - Dark of the Moon - Decepticons" thumb="http://thegamesdb.net/banners/boxart/original/front/42726-1.jpg">ActivateWindow(10025,&quot;plugin://plugin.program.iarl/Emulator/NINTENDO_DS_N3RDFLIX/Game/Transformers+-+Dark+of+the+Moon+-+Decepticons+%28USA%29?sf_options=desc%3D%26_options_sf&quot;,return)</favourite>
	<favourite name="Transformers - Decepticons" thumb="http://thegamesdb.net/banners/boxart/original/front/42727-1.png">ActivateWindow(10025,&quot;plugin://plugin.program.iarl/Emulator/NINTENDO_DS_N3RDFLIX/Game/Transformers+-+Decepticons+%28USA%29?sf_options=desc%3D%26_options_sf&quot;,return)</favourite>
	<favourite name="Transformers - Revenge of the Fallen" thumb="http://thegamesdb.net/banners/boxart/original/front/8794-1.jpg">ActivateWindow(10025,&quot;plugin://plugin.program.iarl/Emulator/Sony_Playstation_2_N3RDFLIX/Game/Transformers+-+Revenge+of+the+Fallen+%28Europe%29?sf_options=desc%3D%26_options_sf&quot;,return)</favourite>
	<favourite name="Transformers - Revenge of the Fallen" thumb="http://thegamesdb.net/banners/boxart/original/front/34451-1.jpg">ActivateWindow(10025,&quot;plugin://plugin.program.iarl/Emulator/PSP_N3RDFLIX/Game/Transformers+-+Revenge+of+the+Fallen+%28USA%29?sf_options=desc%3D%26_options_sf&quot;,return)</favourite>
	<favourite name="Transformers - Revenge of the Fallen - Autobots Version" thumb="http://thegamesdb.net/banners/boxart/original/front/42729-1.jpg">ActivateWindow(10025,&quot;plugin://plugin.program.iarl/Emulator/NINTENDO_DS_N3RDFLIX/Game/Transformers+-+Revenge+of+the+Fallen+-+Autobots+Version+%28USA%29?sf_options=desc%3D%26_options_sf&quot;,return)</favourite>
	<favourite name="Transformers - Revenge of the Fallen - Decepticons Version" thumb="http://thegamesdb.net/banners/boxart/original/front/42730-1.jpg">ActivateWindow(10025,&quot;plugin://plugin.program.iarl/Emulator/NINTENDO_DS_N3RDFLIX/Game/Transformers+-+Revenge+of+the+Fallen+-+Decepticons+Version+%28USA%29?sf_options=desc%3D%26_options_sf&quot;,return)</favourite>
	<favourite name="Transformers - The Game" thumb="http://thegamesdb.net/banners/boxart/original/front/29067-1.jpg">ActivateWindow(10025,&quot;plugin://plugin.program.iarl/Emulator/PSP_N3RDFLIX/Game/Transformers+-+The+Game+%28USA%29?sf_options=desc%3D%26_options_sf&quot;,return)</favourite>
	<favourite name="Transformers - The Game" thumb="http://thegamesdb.net/banners/boxart/original/front/14176-1.jpg">ActivateWindow(10025,&quot;plugin://plugin.program.iarl/Emulator/Sony_Playstation_2_N3RDFLIX/Game/Transformers+-+The+Game+%28USA%29?sf_options=desc%3D%26_options_sf&quot;,return)</favourite>
	<favourite name="Transformers Animated - The Game" thumb="http://thegamesdb.net/banners/boxart/original/front/24618-1.jpg">ActivateWindow(10025,&quot;plugin://plugin.program.iarl/Emulator/NINTENDO_DS_N3RDFLIX/Game/Transformers+Animated+-+The+Game+%28USA%29?sf_options=desc%3D%26_options_sf&quot;,return)</favourite>
	<favourite name="Transformers Prime - The Game" thumb="http://thegamesdb.net/banners/boxart/original/front/16082-1.jpg">ActivateWindow(10025,&quot;plugin://plugin.program.iarl/Emulator/NINTENDO_DS_N3RDFLIX/Game/Transformers+Prime+-+The+Game+%28Europe%29?sf_options=desc%3D%26_options_sf&quot;,return)</favourite>
	<favourite name="Transformers War for Cybertron - Autobots" thumb="http://thegamesdb.net/banners/boxart/original/front/42728-1.jpg">ActivateWindow(10025,&quot;plugin://plugin.program.iarl/Emulator/NINTENDO_DS_N3RDFLIX/Game/Transformers+War+for+Cybertron+-+Autobots+%28USA%29?sf_options=desc%3D%26_options_sf&quot;,return)</favourite>
	<favourite name="Transformers War for Cybertron - Decepticons" thumb="http://thegamesdb.net/banners/boxart/original/front/24151-1.jpg">ActivateWindow(10025,&quot;plugin://plugin.program.iarl/Emulator/NINTENDO_DS_N3RDFLIX/Game/Transformers+War+for+Cybertron+-+Decepticons+%28USA%29?sf_options=desc%3D%26_options_sf&quot;,return)</favourite>
</favourites>