<favourites>
	<favourite name="Bandai Golf - Challenge Pebble Beach" thumb="http://i.imgur.com/iBznGUd.jpg">ActivateWindow(10025,&quot;plugin://plugin.program.iarl/Emulator/NES_ZachMorris/Game/Bandai+Golf+-+Challenge+Pebble+Beach+%28USA%29?sf_options=desc%3D%26_options_sf&quot;,return)</favourite>
	<favourite name="18 Holes Pro Golf" thumb="http://archive.org/download/Mame172arcdcmplt/snap.zip/progolf.png">ActivateWindow(10025,&quot;plugin://plugin.program.iarl/Emulator/MAME_ZachMorris/Game/18+Holes+Pro+Golf+%28set+1%29?sf_options=desc%3D%26_options_sf&quot;,return)</favourite>
	<favourite name="33.  Mario Golf" thumb="http://static.giantbomb.com/uploads/scale_large/1/15228/595841-mario_golf_box.jpg">ActivateWindow(10025,&quot;plugin://plugin.program.iarl/Emulator/N64_Bestof_ZachMorris/Game/33.++Mario+Golf?sf_options=desc%3D%26_options_sf&quot;,return)</favourite>
	<favourite name="41.  Mario Golf - Advance Tour" thumb="http://static.giantbomb.com/uploads/scale_large/0/3509/647332-mariogolfadvance_na.jpg">ActivateWindow(10025,&quot;plugin://plugin.program.iarl/Emulator/GBA_Bestof_ZachMorris/Game/41.++Mario+Golf+-+Advance+Tour?sf_options=desc%3D%26_options_sf&quot;,return)</favourite>
	<favourite name="42.  World Class Leader Board" thumb="http://thegamesdb.net/banners/boxart/original/front/25342-1.jpg">ActivateWindow(10025,&quot;plugin://plugin.program.iarl/Emulator/Game_Gear_Bestof_ZachMorris/Game/42.++World+Class+Leader+Board?sf_options=desc%3D%26_options_sf&quot;,return)</favourite>
	<favourite name="AM" thumb="http://www.mobygames.com/images/shots/l/477523-am-s-mini-golf-3d-dos-screenshot-the-load-screen.jpg">ActivateWindow(10025,&quot;plugin://plugin.program.iarl/Emulator/IA_MSDOS_ZachMorris/Game/AM%27s+Mini+Golf+3D?sf_options=desc%3D%26_options_sf&quot;,return)</favourite>
	<favourite name="Abrasco Golf" thumb="https://archive.org/download/C64Games_201705/C64_Artwork.zip/Commodore%2064%20Artwork%2FAbrasco%20Golf%20%28Europe%29%2FCover-Abrasco_Golf.jpg">ActivateWindow(10025,&quot;plugin://plugin.program.iarl/Emulator/C64_ZachMorris/Game/Abrasco+Golf+%28Europe%29?sf_options=desc%3D%26_options_sf&quot;,return)</favourite>
	<favourite name="Ace Golf" thumb="http://thegamesdb.net/banners/boxart/original/front/33950-1.jpg">ActivateWindow(10025,&quot;plugin://plugin.program.iarl/Emulator/Nintendo_Gamecube_N3RDFLIX/Game/Ace+Golf+%28Europe%29?sf_options=desc%3D%26_options_sf&quot;,return)</favourite>
	<favourite name="Actua Golf" thumb="http://thegamesdb.net/banners/boxart/original/front/10490-1.jpg">ActivateWindow(10025,&quot;plugin://plugin.program.iarl/Emulator/Sega_Saturn_ZachMorris/Game/Actua+Golf+%28Europe%29+%28En%2CFr%2CDe%29?sf_options=desc%3D%26_options_sf&quot;,return)</favourite>
	<favourite name="Actua Golf" thumb="http://thegamesdb.net/banners/boxart/original/front/10490-1.jpg">ActivateWindow(10025,&quot;plugin://plugin.program.iarl/Emulator/Sega_Saturn_ZachMorris/Game/Actua+Golf+%28Japan%29?sf_options=desc%3D%26_options_sf&quot;,return)</favourite>
	<favourite name="Arnold Palmer Tournament Golf" thumb="http://archive.org/download/Mame172arcdcmplt/flyers.zip/megatech.png">ActivateWindow(10025,&quot;plugin://plugin.program.iarl/Emulator/MAME_2014_ZachMorris/Game/Arnold+Palmer+Tournament+Golf+%28Mega-Tech%29?sf_options=desc%3D%26_options_sf&quot;,return)</favourite>
	<favourite name="Arnold Palmer Tournament Golf" thumb="http://archive.org/download/Mame172arcdcmplt/flyers.zip/megatech.png">ActivateWindow(10025,&quot;plugin://plugin.program.iarl/Emulator/MAME_ZachMorris/Game/Arnold+Palmer+Tournament+Golf+%28Mega-Tech%29?sf_options=desc%3D%26_options_sf&quot;,return)</favourite>
	<favourite name="Arnold Palmer Tournament Golf" thumb="http://thegamesdb.net/banners/boxart/original/front/4249-1.jpg">ActivateWindow(10025,&quot;plugin://plugin.program.iarl/Emulator/Genesis_ZachMorris/Game/Arnold+Palmer+Tournament+Golf+%28USA%2C+Europe%29?sf_options=desc%3D%26_options_sf&quot;,return)</favourite>
	<favourite name="Atari Mini Golf" thumb="http://archive.org/download/Mame172arcdcmplt/snap.zip/mgolf.png">ActivateWindow(10025,&quot;plugin://plugin.program.iarl/Emulator/MAME_ZachMorris/Game/Atari+Mini+Golf+%28prototype%29?sf_options=desc%3D%26_options_sf&quot;,return)</favourite>
	<favourite name="Battle Golfer Yui" thumb="http://thegamesdb.net/banners/boxart/original/front/20299-1.jpg">ActivateWindow(10025,&quot;plugin://plugin.program.iarl/Emulator/Genesis_ZachMorris/Game/Battle+Golfer+Yui+%28Japan%29?sf_options=desc%3D%26_options_sf&quot;,return)</favourite>
	<favourite name="Best Shot Pro Golf" thumb="http://i.imgur.com/y6a5mGi.jpg">ActivateWindow(10025,&quot;plugin://plugin.program.iarl/Emulator/SNES_ZachMorris/Game/Best+Shot+Pro+Golf+%28Japan%29?sf_options=desc%3D%26_options_sf&quot;,return)</favourite>
	<favourite name="Big Event Golf" thumb="http://archive.org/download/Mame172arcdcmplt/flyers.zip/bigevglf.png">ActivateWindow(10025,&quot;plugin://plugin.program.iarl/Emulator/MAME_2014_ZachMorris/Game/Big+Event+Golf+%28US%29?sf_options=desc%3D%26_options_sf&quot;,return)</favourite>
	<favourite name="Big Event Golf" thumb="http://archive.org/download/Mame172arcdcmplt/flyers.zip/bigevglf.png">ActivateWindow(10025,&quot;plugin://plugin.program.iarl/Emulator/MAME_ZachMorris/Game/Big+Event+Golf+%28US%29?sf_options=desc%3D%26_options_sf&quot;,return)</favourite>
	<favourite name="Big Tournament Golf" thumb="http://thegamesdb.net/banners/boxart/original/front/10484-1.jpg">ActivateWindow(10025,&quot;plugin://plugin.program.iarl/Emulator/Neo_Geo_CD_ZachMorris/Game/Big+Tournament+Golf+%28Jpn%29?sf_options=desc%3D%26_options_sf&quot;,return)</favourite>
	<favourite name="Birdie King" thumb="http://archive.org/download/Mame172arcdcmplt/flyers.zip/bking.png">ActivateWindow(10025,&quot;plugin://plugin.program.iarl/Emulator/MAME_ZachMorris/Game/Birdie+King?sf_options=desc%3D%26_options_sf&quot;,return)</favourite>
	<favourite name="Birdie King" thumb="http://archive.org/download/Mame172arcdcmplt/flyers.zip/bking.png">ActivateWindow(10025,&quot;plugin://plugin.program.iarl/Emulator/MAME_2014_ZachMorris/Game/Birdie+King?sf_options=desc%3D%26_options_sf&quot;,return)</favourite>
	<favourite name="Birdie King 2" thumb="http://archive.org/download/Mame172arcdcmplt/flyers.zip/bking2.png">ActivateWindow(10025,&quot;plugin://plugin.program.iarl/Emulator/MAME_ZachMorris/Game/Birdie+King+2?sf_options=desc%3D%26_options_sf&quot;,return)</favourite>
	<favourite name="Birdie King 2" thumb="http://archive.org/download/Mame172arcdcmplt/flyers.zip/bking2.png">ActivateWindow(10025,&quot;plugin://plugin.program.iarl/Emulator/MAME_2014_ZachMorris/Game/Birdie+King+2?sf_options=desc%3D%26_options_sf&quot;,return)</favourite>
	<favourite name="Birdie King 3" thumb="http://archive.org/download/Mame172arcdcmplt/flyers.zip/bking3.png">ActivateWindow(10025,&quot;plugin://plugin.program.iarl/Emulator/MAME_2014_ZachMorris/Game/Birdie+King+3?sf_options=desc%3D%26_options_sf&quot;,return)</favourite>
	<favourite name="Birdie King 3" thumb="http://archive.org/download/Mame172arcdcmplt/flyers.zip/bking3.png">ActivateWindow(10025,&quot;plugin://plugin.program.iarl/Emulator/MAME_ZachMorris/Game/Birdie+King+3?sf_options=desc%3D%26_options_sf&quot;,return)</favourite>
	<favourite name="Birdie Try" thumb="http://archive.org/download/Mame172arcdcmplt/flyers.zip/birdtry.png">ActivateWindow(10025,&quot;plugin://plugin.program.iarl/Emulator/MAME_2014_ZachMorris/Game/Birdie+Try+%28Japan%29?sf_options=desc%3D%26_options_sf&quot;,return)</favourite>
	<favourite name="Birdie Try" thumb="http://archive.org/download/Mame172arcdcmplt/flyers.zip/birdtry.png">ActivateWindow(10025,&quot;plugin://plugin.program.iarl/Emulator/MAME_ZachMorris/Game/Birdie+Try+%28Japan%29?sf_options=desc%3D%26_options_sf&quot;,return)</favourite>
	<favourite name="Birdie Try" thumb="http://images.launchbox-app.com/birdtry.png">ActivateWindow(10025,&quot;plugin://plugin.program.iarl/Emulator/FBA_ZachMorris/Game/Birdie+Try+%28Japan%29?sf_options=desc%3D%26_options_sf&quot;,return)</favourite>
	<favourite name="CBM 64 Golf" thumb="https://archive.org/download/C64Games_201705/C64_Artwork.zip/Commodore%2064%20Artwork%2FCBM%2064%20Golf%20%28Europe%29%2FCover%20%28Prism%20Leisure%29-Golf_%28Prism_Leisure%29.jpg">ActivateWindow(10025,&quot;plugin://plugin.program.iarl/Emulator/C64_ZachMorris/Game/CBM+64+Golf+%28Europe%29?sf_options=desc%3D%26_options_sf&quot;,return)</favourite>
	<favourite name="California Pro Golf" thumb="https://archive.org/download/C64Games_201705/C64_Artwork.zip/Commodore%2064%20Artwork%2FCalifornia%20Pro%20Golf%20%28Europe%29%2FAdvert-Mastertronic15.jpg">ActivateWindow(10025,&quot;plugin://plugin.program.iarl/Emulator/C64_ZachMorris/Game/California+Pro+Golf+%28Europe%29?sf_options=desc%3D%26_options_sf&quot;,return)</favourite>
	<favourite name="Championship Golf" thumb="https://archive.org/download/C64Games_201705/C64_Artwork.zip/Commodore%2064%20Artwork%2FChampionship%20Golf%20%28Europe%29%2F%5B1.Front%5D%20Front1.jpg">ActivateWindow(10025,&quot;plugin://plugin.program.iarl/Emulator/C64_ZachMorris/Game/Championship+Golf?sf_options=desc%3D%26_options_sf&quot;,return)</favourite>
	<favourite name="Championship Golf" thumb="https://archive.org/download/C64Games_201705/C64_Artwork.zip/Commodore%2064%20Artwork%2FChampionship%20Golf%20%28Europe%29%2F%5B1.Front%5D%20Front1.jpg">ActivateWindow(10025,&quot;plugin://plugin.program.iarl/Emulator/C64_ZachMorris/Game/Championship+Golf+%28Europe%29?sf_options=desc%3D%26_options_sf&quot;,return)</favourite>
	<favourite name="Championship Golf - The Great Courses of the World - Volume I Pebble Beach" thumb="http://www.mobygames.com/images/covers/l/232468-championship-golf-the-great-courses-of-the-world-volume-one-pebble-beach-dos-front-cover.jpg">ActivateWindow(10025,&quot;plugin://plugin.program.iarl/Emulator/IA_MSDOS_ZachMorris/Game/Championship+Golf+-+The+Great+Courses+of+the+World+-+Volume+I+Pebble+Beach?sf_options=desc%3D%26_options_sf&quot;,return)</favourite>
	<favourite name="Chi Chi" thumb="http://thegamesdb.net/banners/boxart/original/front/3892-1.jpg">ActivateWindow(10025,&quot;plugin://plugin.program.iarl/Emulator/Genesis_ZachMorris/Game/Chi+Chi%27s+Pro+Challenge+Golf+%28USA%29?sf_options=desc%3D%26_options_sf&quot;,return)</favourite>
	<favourite name="Chip Shot: Super Pro Golf" thumb="http://thegamesdb.net/banners/boxart/original/front/10506-1.jpg">ActivateWindow(10025,&quot;plugin://plugin.program.iarl/Emulator/Intellivision_ZachMorris/Game/Chip+Shot%3A+Super+Pro+Golf?sf_options=desc%3D%26_options_sf&quot;,return)</favourite>
	<favourite name="Competition Golf Final Round" thumb="http://archive.org/download/Mame172arcdcmplt/flyers.zip/compgolf.png">ActivateWindow(10025,&quot;plugin://plugin.program.iarl/Emulator/MAME_ZachMorris/Game/Competition+Golf+Final+Round+%28revision+3%29?sf_options=desc%3D%26_options_sf&quot;,return)</favourite>
	<favourite name="Competition Golf Final Round" thumb="http://archive.org/download/Mame172arcdcmplt/flyers.zip/compgolf.png">ActivateWindow(10025,&quot;plugin://plugin.program.iarl/Emulator/MAME_2014_ZachMorris/Game/Competition+Golf+Final+Round+%28revision+3%29?sf_options=desc%3D%26_options_sf&quot;,return)</favourite>
	<favourite name="Country Club" thumb="http://archive.org/download/Mame172arcdcmplt/flyers.zip/countryc.png">ActivateWindow(10025,&quot;plugin://plugin.program.iarl/Emulator/MAME_ZachMorris/Game/Country+Club?sf_options=desc%3D%26_options_sf&quot;,return)</favourite>
	<favourite name="Country Club" thumb="http://images.launchbox-app.com/countryc.png">ActivateWindow(10025,&quot;plugin://plugin.program.iarl/Emulator/FBA_ZachMorris/Game/Country+Club?sf_options=desc%3D%26_options_sf&quot;,return)</favourite>
	<favourite name="Country Club Classic" thumb="http://archive.org/download/Mame172arcdcmplt/snap.zip/ccclass.png">ActivateWindow(10025,&quot;plugin://plugin.program.iarl/Emulator/MAME_ZachMorris/Game/Country+Club+Classic+%28v1.10+03-apr-1997%29?sf_options=desc%3D%26_options_sf&quot;,return)</favourite>
	<favourite name="Crazy Golf" thumb="https://archive.org/download/C64Games_201705/C64_Artwork.zip/Commodore%2064%20Artwork%2FCrazy%20Golf%20%28Europe%29%2FCover%20%5BThe%20Big%20100%5D-Big_100_The.jpg">ActivateWindow(10025,&quot;plugin://plugin.program.iarl/Emulator/C64_ZachMorris/Game/Crazy+Golf+%28Europe%29?sf_options=desc%3D%26_options_sf&quot;,return)</favourite>
	<favourite name="Crazy Golf - World Tour" thumb="http://thegamesdb.net/banners/boxart/original/front/29011-1.jpg">ActivateWindow(10025,&quot;plugin://plugin.program.iarl/Emulator/Sony_Playstation_2_N3RDFLIX/Game/Crazy+Golf+-+World+Tour+%28Europe%29?sf_options=desc%3D%26_options_sf&quot;,return)</favourite>
	<favourite name="Crowns Golf" thumb="http://archive.org/download/Mame172arcdcmplt/flyers.zip/crgolf.png">ActivateWindow(10025,&quot;plugin://plugin.program.iarl/Emulator/MAME_ZachMorris/Game/Crowns+Golf+%28834-5419-04%29?sf_options=desc%3D%26_options_sf&quot;,return)</favourite>
	<favourite name="Crowns Golf" thumb="http://archive.org/download/Mame172arcdcmplt/flyers.zip/crgolf.png">ActivateWindow(10025,&quot;plugin://plugin.program.iarl/Emulator/MAME_2014_ZachMorris/Game/Crowns+Golf+%28834-5419-04%29?sf_options=desc%3D%26_options_sf&quot;,return)</favourite>
	<favourite name="Crowns Golf in Hawaii" thumb="http://archive.org/download/Mame172arcdcmplt/flyers.zip/crgolfhi.png">ActivateWindow(10025,&quot;plugin://plugin.program.iarl/Emulator/MAME_ZachMorris/Game/Crowns+Golf+in+Hawaii?sf_options=desc%3D%26_options_sf&quot;,return)</favourite>
	<favourite name="CyberTiger" thumb="http://thegamesdb.net/banners/boxart/original/front/1085-1.jpg">ActivateWindow(10025,&quot;plugin://plugin.program.iarl/Emulator/N64_ZachMorris/Game/CyberTiger+%28USA%29?sf_options=desc%3D%26_options_sf&quot;,return)</favourite>
	<favourite name="CyberTiger" thumb="http://thegamesdb.net/banners/boxart/original/front/9434-1.jpg">ActivateWindow(10025,&quot;plugin://plugin.program.iarl/Emulator/PS1_ZachMorris/Game/CyberTiger+%28USA%29?sf_options=desc%3D%26_options_sf&quot;,return)</favourite>
	<favourite name="CyberTiger" thumb="http://thegamesdb.net/banners/boxart/original/front/21941-1.jpg">ActivateWindow(10025,&quot;plugin://plugin.program.iarl/Emulator/GBC_ZachMorris/Game/CyberTiger+%28USA%2C+Europe%29?sf_options=desc%3D%26_options_sf&quot;,return)</favourite>
	<favourite name="Disney Golf" thumb="http://thegamesdb.net/banners/boxart/original/front/28251-1.jpg">ActivateWindow(10025,&quot;plugin://plugin.program.iarl/Emulator/Sony_Playstation_2_N3RDFLIX/Game/Disney+Golf+%28USA%29?sf_options=desc%3D%26_options_sf&quot;,return)</favourite>
	<favourite name="Dynamic Country Club" thumb="http://archive.org/download/Mame172arcdcmplt/flyers.zip/dcclub.png">ActivateWindow(10025,&quot;plugin://plugin.program.iarl/Emulator/MAME_ZachMorris/Game/Dynamic+Country+Club+%28World%2C+ROM+Based%29?sf_options=desc%3D%26_options_sf&quot;,return)</favourite>
	<favourite name="Dynamic Country Club" thumb="http://archive.org/download/Mame172arcdcmplt/flyers.zip/dcclub.png">ActivateWindow(10025,&quot;plugin://plugin.program.iarl/Emulator/MAME_2014_ZachMorris/Game/Dynamic+Country+Club+%28World%2C+ROM+Based%29?sf_options=desc%3D%26_options_sf&quot;,return)</favourite>
	<favourite name="ESPN Final Round Golf" thumb="http://thegamesdb.net/banners/boxart/original/front/3426-1.jpg">ActivateWindow(10025,&quot;plugin://plugin.program.iarl/Emulator/GBA_ZachMorris/Game/ESPN+Final+Round+Golf+%28Europe%29?sf_options=desc%3D%26_options_sf&quot;,return)</favourite>
	<favourite name="ESPN Final Round Golf 2002" thumb="http://static.giantbomb.com/uploads/scale_large/0/3586/317562-81eunqr59el._sl500_aa280_.gif.jpg">ActivateWindow(10025,&quot;plugin://plugin.program.iarl/Emulator/GBA_ZachMorris/Game/ESPN+Final+Round+Golf+2002+%28USA%29?sf_options=desc%3D%26_options_sf&quot;,return)</favourite>
	<favourite name="Eagle Shot Golf" thumb="http://archive.org/download/Mame172arcdcmplt/flyers.zip/eaglshot.png">ActivateWindow(10025,&quot;plugin://plugin.program.iarl/Emulator/MAME_ZachMorris/Game/Eagle+Shot+Golf?sf_options=desc%3D%26_options_sf&quot;,return)</favourite>
	<favourite name="Eagle Shot Golf" thumb="http://archive.org/download/Mame172arcdcmplt/flyers.zip/eaglshot.png">ActivateWindow(10025,&quot;plugin://plugin.program.iarl/Emulator/MAME_2014_ZachMorris/Game/Eagle+Shot+Golf?sf_options=desc%3D%26_options_sf&quot;,return)</favourite>
	<favourite name="Ernie Els Golf" thumb="http://thegamesdb.net/banners/boxart/original/front/25084-1.png">ActivateWindow(10025,&quot;plugin://plugin.program.iarl/Emulator/Game_Gear_ZachMorris/Game/Ernie+Els+Golf+%28Europe%29+%28En%2CFr%2CDe%2CEs%2CIt%29?sf_options=desc%3D%26_options_sf&quot;,return)</favourite>
	<favourite name="FOX Sports Golf " thumb="http://thegamesdb.net/banners/boxart/original/front/13023-1.jpg">ActivateWindow(10025,&quot;plugin://plugin.program.iarl/Emulator/PS1_ZachMorris/Game/FOX+Sports+Golf+%2799+%28USA%29?sf_options=desc%3D%26_options_sf&quot;,return)</favourite>
	<favourite name="Fighting Golf" thumb="http://i.imgur.com/7XBuZvW.jpg">ActivateWindow(10025,&quot;plugin://plugin.program.iarl/Emulator/NES_ZachMorris/Game/Fighting+Golf+%28Japan%29?sf_options=desc%3D%26_options_sf&quot;,return)</favourite>
	<favourite name="Fighting Golf" thumb="http://archive.org/download/Mame172arcdcmplt/flyers.zip/fitegolf.png">ActivateWindow(10025,&quot;plugin://plugin.program.iarl/Emulator/MAME_ZachMorris/Game/Fighting+Golf+%28World%3F%29?sf_options=desc%3D%26_options_sf&quot;,return)</favourite>
	<favourite name="Fighting Golf" thumb="http://archive.org/download/Mame172arcdcmplt/flyers.zip/fitegolf.png">ActivateWindow(10025,&quot;plugin://plugin.program.iarl/Emulator/MAME_2014_ZachMorris/Game/Fighting+Golf+%28World%3F%29?sf_options=desc%3D%26_options_sf&quot;,return)</favourite>
	<favourite name="Fighting Golf" thumb="http://images.launchbox-app.com/fitegolf.png">ActivateWindow(10025,&quot;plugin://plugin.program.iarl/Emulator/FBA_ZachMorris/Game/Fighting+Golf+%28World%3F%29?sf_options=desc%3D%26_options_sf&quot;,return)</favourite>
	<favourite name="Final Round, The" thumb="http://thegamesdb.net/banners/boxart/original/front/11887-1.jpg">ActivateWindow(10025,&quot;plugin://plugin.program.iarl/Emulator/PS1_ZachMorris/Game/Final+Round%2C+The+%28USA%29?sf_options=desc%3D%26_options_sf&quot;,return)</favourite>
	<favourite name="Fred Couples" thumb="http://thegamesdb.net/banners/boxart/original/front/25090-1.jpg">ActivateWindow(10025,&quot;plugin://plugin.program.iarl/Emulator/Game_Gear_ZachMorris/Game/Fred+Couples%27+Golf+%28USA%29?sf_options=desc%3D%26_options_sf&quot;,return)</favourite>
	<favourite name="Fuzzy" thumb="http://www.mobygames.com/images/covers/l/207661-fuzzy-s-world-of-miniature-space-golf-dos-front-cover.jpg">ActivateWindow(10025,&quot;plugin://plugin.program.iarl/Emulator/IA_MSDOS_ZachMorris/Game/Fuzzy%27s+World+of+Miniature+Space+Golf?sf_options=desc%3D%26_options_sf&quot;,return)</favourite>
	<favourite name="Ganbare! Golf Boys" thumb="http://static.giantbomb.com/uploads/scale_large/0/26/2354487-ganbaregolfboys.jpeg">ActivateWindow(10025,&quot;plugin://plugin.program.iarl/Emulator/TG16_ZachMorris/Game/Ganbare%21+Golf+Boys+%28Japan%29?sf_options=desc%3D%26_options_sf&quot;,return)</favourite>
	<favourite name="Golden Par Golf" thumb="http://archive.org/download/Mame172arcdcmplt/snap.zip/gpgolf.png">ActivateWindow(10025,&quot;plugin://plugin.program.iarl/Emulator/MAME_ZachMorris/Game/Golden+Par+Golf+%28Joystick%2C+V1.1%29?sf_options=desc%3D%26_options_sf&quot;,return)</favourite>
	<favourite name="Golden Tee " thumb="http://archive.org/download/Mame172arcdcmplt/flyers.zip/gt97.png">ActivateWindow(10025,&quot;plugin://plugin.program.iarl/Emulator/MAME_ZachMorris/Game/Golden+Tee+%2797+%28v1.30%29?sf_options=desc%3D%26_options_sf&quot;,return)</favourite>
	<favourite name="Golden Tee " thumb="http://archive.org/download/Mame172arcdcmplt/flyers.zip/gt98.png">ActivateWindow(10025,&quot;plugin://plugin.program.iarl/Emulator/MAME_ZachMorris/Game/Golden+Tee+%2798+%28v1.10%29?sf_options=desc%3D%26_options_sf&quot;,return)</favourite>
	<favourite name="Golden Tee " thumb="http://archive.org/download/Mame172arcdcmplt/flyers.zip/gt99.png">ActivateWindow(10025,&quot;plugin://plugin.program.iarl/Emulator/MAME_ZachMorris/Game/Golden+Tee+%2799+%28v1.00%29?sf_options=desc%3D%26_options_sf&quot;,return)</favourite>
	<favourite name="Golden Tee 2K" thumb="http://thegamesdb.net/banners/boxart/original/front/8732-1.jpg">ActivateWindow(10025,&quot;plugin://plugin.program.iarl/Emulator/MAME_ZachMorris/Game/Golden+Tee+2K+%28v1.00%29?sf_options=desc%3D%26_options_sf&quot;,return)</favourite>
	<favourite name="Golden Tee 3D Golf" thumb="http://archive.org/download/Mame172arcdcmplt/flyers.zip/gt3d.png">ActivateWindow(10025,&quot;plugin://plugin.program.iarl/Emulator/MAME_ZachMorris/Game/Golden+Tee+3D+Golf+%28v1.93N%29?sf_options=desc%3D%26_options_sf&quot;,return)</favourite>
	<favourite name="Golden Tee Classic" thumb="http://thegamesdb.net/banners/boxart/original/front/12264-1.jpg">ActivateWindow(10025,&quot;plugin://plugin.program.iarl/Emulator/MAME_ZachMorris/Game/Golden+Tee+Classic+%28v1.00%29?sf_options=desc%3D%26_options_sf&quot;,return)</favourite>
	<favourite name="Golden Tee Golf" thumb="http://thegamesdb.net/banners/boxart/original/front/30285-1.jpg">ActivateWindow(10025,&quot;plugin://plugin.program.iarl/Emulator/MAME_ZachMorris/Game/Golden+Tee+Golf+%28Joystick%2C+v3.1%29?sf_options=desc%3D%26_options_sf&quot;,return)</favourite>
	<favourite name="Golden Tee Golf" thumb="http://thegamesdb.net/banners/boxart/original/front/30285-1.jpg">ActivateWindow(10025,&quot;plugin://plugin.program.iarl/Emulator/MAME_2014_ZachMorris/Game/Golden+Tee+Golf+%28Joystick%2C+v3.1%29?sf_options=desc%3D%26_options_sf&quot;,return)</favourite>
	<favourite name="Golden Tee Golf II" thumb="http://archive.org/download/Mame172arcdcmplt/cabinets.zip/gtg2.png">ActivateWindow(10025,&quot;plugin://plugin.program.iarl/Emulator/MAME_ZachMorris/Game/Golden+Tee+Golf+II+%28Trackball%2C+V2.2%29?sf_options=desc%3D%26_options_sf&quot;,return)</favourite>
	<favourite name="Golden Tee Golf II" thumb="http://archive.org/download/Mame172arcdcmplt/cabinets.zip/gtg2.png">ActivateWindow(10025,&quot;plugin://plugin.program.iarl/Emulator/MAME_2014_ZachMorris/Game/Golden+Tee+Golf+II+%28Trackball%2C+V2.2%29?sf_options=desc%3D%26_options_sf&quot;,return)</favourite>
	<favourite name="Golf" thumb="https://archive.org/download/C64Games_201705/C64_Artwork.zip/Commodore%2064%20Artwork%2FGolf%27s%20Best%20%28St%20Andrews%29%20%28USA%29%2FCover-Golf%27s_Best_-_Pinehurst_2.jpg">ActivateWindow(10025,&quot;plugin://plugin.program.iarl/Emulator/C64_ZachMorris/Game/Golf%27s+Best+%28Pinehurst+%232+Course%29+%28USA%29?sf_options=desc%3D%26_options_sf&quot;,return)</favourite>
	<favourite name="Golf" thumb="https://archive.org/download/C64Games_201705/C64_Artwork.zip/Commodore%2064%20Artwork%2FGolf%20%28Europe%29%2FCover-Golf_%28AP%29.jpg">ActivateWindow(10025,&quot;plugin://plugin.program.iarl/Emulator/C64_ZachMorris/Game/Golf?sf_options=desc%3D%26_options_sf&quot;,return)</favourite>
	<favourite name="Golf" thumb="http://thegamesdb.net/banners/boxart/original/front/7947-1.jpg">ActivateWindow(10025,&quot;plugin://plugin.program.iarl/Emulator/Atari_2600_ZachMorris/Game/Golf?sf_options=desc%3D%26_options_sf&quot;,return)</favourite>
	<favourite name="Golf " thumb="http://i.imgur.com/q55BZ6k.jpg">ActivateWindow(10025,&quot;plugin://plugin.program.iarl/Emulator/NES_ZachMorris/Game/Golf+%2792%2C+The+%28Japan%29?sf_options=desc%3D%26_options_sf&quot;,return)</favourite>
	<favourite name="Golf" thumb="http://archive.org/download/Mame172arcdcmplt/cabinets.zip/pc_golf.png">ActivateWindow(10025,&quot;plugin://plugin.program.iarl/Emulator/MAME_2014_ZachMorris/Game/Golf+%28PlayChoice-10%29?sf_options=desc%3D%26_options_sf&quot;,return)</favourite>
	<favourite name="Golf" thumb="http://archive.org/download/Mame172arcdcmplt/cabinets.zip/pc_golf.png">ActivateWindow(10025,&quot;plugin://plugin.program.iarl/Emulator/MAME_ZachMorris/Game/Golf+%28PlayChoice-10%29?sf_options=desc%3D%26_options_sf&quot;,return)</favourite>
	<favourite name="Golf" thumb="http://i.imgur.com/wEl2CMW.jpg">ActivateWindow(10025,&quot;plugin://plugin.program.iarl/Emulator/NES_ZachMorris/Game/Golf+%28USA%29?sf_options=desc%3D%26_options_sf&quot;,return)</favourite>
	<favourite name="Golf" thumb="http://thegamesdb.net/banners/boxart/original/front/21510-1.jpg">ActivateWindow(10025,&quot;plugin://plugin.program.iarl/Emulator/GB_Classic_ZachMorris/Game/Golf+%28World%29?sf_options=desc%3D%26_options_sf&quot;,return)</favourite>
	<favourite name="Golf - St. Andrews" thumb="https://archive.org/download/C64Games_201705/C64_Artwork.zip/Commodore%2064%20Artwork%2FGolf%20-%20St.%20Andrews%20%28Europe%29%2FCover-Golf_-_St_Andrews.jpg">ActivateWindow(10025,&quot;plugin://plugin.program.iarl/Emulator/C64_ZachMorris/Game/Golf+-+St.+Andrews+%28Europe%29?sf_options=desc%3D%26_options_sf&quot;,return)</favourite>
	<favourite name="Golf Classic" thumb="http://thegamesdb.net/banners/boxart/original/front/24124-1.png">ActivateWindow(10025,&quot;plugin://plugin.program.iarl/Emulator/GB_Classic_ZachMorris/Game/Golf+Classic+%28Europe%29+%28SGB+Enhanced%29?sf_options=desc%3D%26_options_sf&quot;,return)</favourite>
	<favourite name="Golf Club - Birdy Rush" thumb="http://i.imgur.com/DnUZwBw.jpg">ActivateWindow(10025,&quot;plugin://plugin.program.iarl/Emulator/NES_ZachMorris/Game/Golf+Club+-+Birdy+Rush+%28Japan%29?sf_options=desc%3D%26_options_sf&quot;,return)</favourite>
	<favourite name="Golf Construction Set" thumb="https://archive.org/download/C64Games_201705/C64_Artwork.zip/Commodore%2064%20Artwork%2FGolf%20Construction%20Set%20%28Europe%29%2FAdvert-Ariolasoft_Golf_Construction_Set.jpg">ActivateWindow(10025,&quot;plugin://plugin.program.iarl/Emulator/C64_ZachMorris/Game/Golf+Construction+Set?sf_options=desc%3D%26_options_sf&quot;,return)</favourite>
	<favourite name="Golf Daisuki!" thumb="http://img.gamefaqs.net/box/1/8/6/32186_front.jpg">ActivateWindow(10025,&quot;plugin://plugin.program.iarl/Emulator/GBC_ZachMorris/Game/Golf+Daisuki%21+%28Japan%29+%28SGB+Enhanced%29?sf_options=desc%3D%26_options_sf&quot;,return)</favourite>
	<favourite name="Golf Grand Slam" thumb="http://i.imgur.com/eMVjjsQ.jpg">ActivateWindow(10025,&quot;plugin://plugin.program.iarl/Emulator/NES_ZachMorris/Game/Golf+Grand+Slam+%28USA%29?sf_options=desc%3D%26_options_sf&quot;,return)</favourite>
	<favourite name="Golf Magazine 36 Great Holes Starring Fred Couples" thumb="http://thegamesdb.net/banners/boxart/original/front/4911-1.jpg">ActivateWindow(10025,&quot;plugin://plugin.program.iarl/Emulator/32X_ZachMorris/Game/Golf+Magazine+36+Great+Holes+Starring+Fred+Couples+%28Europe%29?sf_options=desc%3D%26_options_sf&quot;,return)</favourite>
	<favourite name="Golf Magazine 36 Great Holes Starring Fred Couples" thumb="http://www.giantbomb.com/api/image/scale_large/1619573-36greatholes_us_front.jpg">ActivateWindow(10025,&quot;plugin://plugin.program.iarl/Emulator/32X_ZachMorris/Game/Golf+Magazine+36+Great+Holes+Starring+Fred+Couples+%28Japan%2C+USA%29?sf_options=desc%3D%26_options_sf&quot;,return)</favourite>
	<favourite name="Golf Ou" thumb="http://img.gamefaqs.net/box/1/8/9/32189_front.jpg">ActivateWindow(10025,&quot;plugin://plugin.program.iarl/Emulator/GBC_ZachMorris/Game/Golf+Ou+%28Japan%29+%28SGB+Enhanced%29?sf_options=desc%3D%26_options_sf&quot;,return)</favourite>
	<favourite name="Golf Shiyouyo - Course Data Shuu - Adventure Hen" thumb="">ActivateWindow(10025,&quot;plugin://plugin.program.iarl/Emulator/Sega_Dreamcast_ZachMorris/Game/Golf+Shiyouyo+-+Course+Data+Shuu+-+Adventure+Hen+%28Japan%29?sf_options=desc%3D%26_options_sf&quot;,return)</favourite>
	<favourite name="Golf de Ohasuta" thumb="http://thegamesdb.net/banners/boxart/original/front/22001-1.png">ActivateWindow(10025,&quot;plugin://plugin.program.iarl/Emulator/GBC_ZachMorris/Game/Golf+de+Ohasuta+%28Japan%29?sf_options=desc%3D%26_options_sf&quot;,return)</favourite>
	<favourite name="Golfamania" thumb="http://thegamesdb.net/banners/boxart/original/front/2801-1.jpg">ActivateWindow(10025,&quot;plugin://plugin.program.iarl/Emulator/Master_System_ZachMorris/Game/Golfamania+%28Europe%29?sf_options=desc%3D%26_options_sf&quot;,return)</favourite>
	<favourite name="Golfing Greats" thumb="http://archive.org/download/Mame172arcdcmplt/cabinets.zip/glfgreat.png">ActivateWindow(10025,&quot;plugin://plugin.program.iarl/Emulator/MAME_2014_ZachMorris/Game/Golfing+Greats?sf_options=desc%3D%26_options_sf&quot;,return)</favourite>
	<favourite name="Golfing Greats" thumb="http://archive.org/download/Mame172arcdcmplt/cabinets.zip/glfgreat.png">ActivateWindow(10025,&quot;plugin://plugin.program.iarl/Emulator/MAME_ZachMorris/Game/Golfing+Greats?sf_options=desc%3D%26_options_sf&quot;,return)</favourite>
	<favourite name="Great Golf" thumb="http://archive.org/download/Mame172arcdcmplt/flyers.zip/megatech.png">ActivateWindow(10025,&quot;plugin://plugin.program.iarl/Emulator/MAME_2014_ZachMorris/Game/Great+Golf+%28Mega-Tech%2C+SMS+based%29?sf_options=desc%3D%26_options_sf&quot;,return)</favourite>
	<favourite name="Great Golf" thumb="http://archive.org/download/Mame172arcdcmplt/flyers.zip/megatech.png">ActivateWindow(10025,&quot;plugin://plugin.program.iarl/Emulator/MAME_ZachMorris/Game/Great+Golf+%28Mega-Tech%2C+SMS+based%29?sf_options=desc%3D%26_options_sf&quot;,return)</favourite>
	<favourite name="Great Golf" thumb="http://static.giantbomb.com/uploads/scale_large/2/23093/2286034-greatgolfjp_sms_jp_front.jpg">ActivateWindow(10025,&quot;plugin://plugin.program.iarl/Emulator/Master_System_ZachMorris/Game/Great+Golf+%28World%29?sf_options=desc%3D%26_options_sf&quot;,return)</favourite>
	<favourite name="Greg Norman" thumb="http://i.imgur.com/fHSnUxK.jpg">ActivateWindow(10025,&quot;plugin://plugin.program.iarl/Emulator/NES_ZachMorris/Game/Greg+Norman%27s+Golf+Power+%28USA%29?sf_options=desc%3D%26_options_sf&quot;,return)</favourite>
	<favourite name="Greg Norman" thumb="https://archive.org/download/C64Games_201705/C64_Artwork.zip/Commodore%2064%20Artwork%2FGreg%20Norman%27s%20Ultimate%20Golf%20-%20Shark%20Attack%20%28Europe%29%2FCover%20%28Gremlin%20Graphics%29-Greg_Norman%27s_Ultimate_Golf.jpg">ActivateWindow(10025,&quot;plugin://plugin.program.iarl/Emulator/C64_ZachMorris/Game/Greg+Norman%27s+Ultimate+Golf+-+Shark+Attack+%28Europe%29?sf_options=desc%3D%26_options_sf&quot;,return)</favourite>
	<favourite name="HAL" thumb="http://i.imgur.com/me09CS6.png">ActivateWindow(10025,&quot;plugin://plugin.program.iarl/Emulator/SNES_ZachMorris/Game/HAL%27s+Hole+in+One+Golf+%28USA%29?sf_options=desc%3D%26_options_sf&quot;,return)</favourite>
	<favourite name="Handicap Golf" thumb="https://archive.org/download/C64Games_201705/C64_Artwork.zip/Commodore%2064%20Artwork%2FHandicap%20Golf%20%28Europe%29%2FCover%20%5BThe%20Sports%20Pack%5D-Sports_Pack_The.jpg">ActivateWindow(10025,&quot;plugin://plugin.program.iarl/Emulator/C64_ZachMorris/Game/Handicap+Golf+%28Europe%29?sf_options=desc%3D%26_options_sf&quot;,return)</favourite>
	<favourite name="Harukanaru Augusta - Masters " thumb="http://thegamesdb.net/banners/boxart/original/front/410-1.jpg">ActivateWindow(10025,&quot;plugin://plugin.program.iarl/Emulator/N64_ZachMorris/Game/Harukanaru+Augusta+-+Masters+%2798+%28Japan%29?sf_options=desc%3D%26_options_sf&quot;,return)</favourite>
	<favourite name="Hole In One Golf" thumb="http://thegamesdb.net/banners/boxart/original/front/22001-1.png">ActivateWindow(10025,&quot;plugin://plugin.program.iarl/Emulator/GBC_ZachMorris/Game/Hole+In+One+Golf+%28USA%29+%28Rumble+Version%29+%28SGB+Enhanced%29?sf_options=desc%3D%26_options_sf&quot;,return)</favourite>
	<favourite name="Hole in One Golf" thumb="https://archive.org/download/C64Games_201705/C64_Artwork.zip/Commodore%2064%20Artwork%2FHole%20in%20One%20Golf%20%28USA%29%2F%5B1.Front%5D%20Front1.jpg">ActivateWindow(10025,&quot;plugin://plugin.program.iarl/Emulator/C64_ZachMorris/Game/Hole+in+One+Golf+%28USA%29?sf_options=desc%3D%26_options_sf&quot;,return)</favourite>
	<favourite name="Hole-In-One Miniature Golf" thumb="http://www.mobygames.com/images/covers/l/306220-operation-com-bat-dos-front-cover.jpg">ActivateWindow(10025,&quot;plugin://plugin.program.iarl/Emulator/IA_MSDOS_ZachMorris/Game/Hole-In-One+Miniature+Golf?sf_options=desc%3D%26_options_sf&quot;,return)</favourite>
	<favourite name="Hole-in-One" thumb="https://archive.org/download/C64Games_201705/C64_Artwork.zip/Commodore%2064%20Artwork%2FHole-in-One%20%28Europe%29%2FCover%20%28DigiTek%29-Hole-In-One_Miniature_Golf.jpg">ActivateWindow(10025,&quot;plugin://plugin.program.iarl/Emulator/C64_ZachMorris/Game/Hole-in-One+%28Europe%29?sf_options=desc%3D%26_options_sf&quot;,return)</favourite>
	<favourite name="Hot Shots Golf" thumb="http://thegamesdb.net/banners/boxart/original/front/10950-1.jpg">ActivateWindow(10025,&quot;plugin://plugin.program.iarl/Emulator/PS1_ZachMorris/Game/Hot+Shots+Golf+%28USA%29?sf_options=desc%3D%26_options_sf&quot;,return)</favourite>
	<favourite name="Hot Shots Golf - Open Tee" thumb="http://thegamesdb.net/banners/boxart/original/front/20067-1.jpg">ActivateWindow(10025,&quot;plugin://plugin.program.iarl/Emulator/PSP_N3RDFLIX/Game/Hot+Shots+Golf+-+Open+Tee+%28USA%29?sf_options=desc%3D%26_options_sf&quot;,return)</favourite>
	<favourite name="Hot Shots Golf - Open Tee 2" thumb="http://thegamesdb.net/banners/boxart/original/front/16915-1.jpg">ActivateWindow(10025,&quot;plugin://plugin.program.iarl/Emulator/PSP_N3RDFLIX/Game/Hot+Shots+Golf+-+Open+Tee+2+%28USA%29?sf_options=desc%3D%26_options_sf&quot;,return)</favourite>
	<favourite name="Hot Shots Golf 2" thumb="http://thegamesdb.net/banners/boxart/original/front/10249-1.jpg">ActivateWindow(10025,&quot;plugin://plugin.program.iarl/Emulator/PS1_ZachMorris/Game/Hot+Shots+Golf+2+%28USA%29?sf_options=desc%3D%26_options_sf&quot;,return)</favourite>
	<favourite name="Hot Shots Golf 3" thumb="http://thegamesdb.net/banners/boxart/original/front/7297-1.jpg">ActivateWindow(10025,&quot;plugin://plugin.program.iarl/Emulator/Sony_Playstation_2_N3RDFLIX/Game/Hot+Shots+Golf+3+%28USA%29?sf_options=desc%3D%26_options_sf&quot;,return)</favourite>
	<favourite name="Hot Shots Golf Fore!" thumb="http://thegamesdb.net/banners/boxart/original/front/7298-1.jpg">ActivateWindow(10025,&quot;plugin://plugin.program.iarl/Emulator/Sony_Playstation_2_N3RDFLIX/Game/Hot+Shots+Golf+Fore%21+%28USA%29?sf_options=desc%3D%26_options_sf&quot;,return)</favourite>
	<favourite name="Hu PGA Tour - PowerGolf 2 - Golfer" thumb="http://www.mobygames.com/images/shots/l/569526-power-golf-2-golfer-turbografx-cd-screenshot-title-screen.jpg">ActivateWindow(10025,&quot;plugin://plugin.program.iarl/Emulator/PCE_CD_ZachMorris/Game/Hu+PGA+Tour+-+PowerGolf+2+-+Golfer+%28Japan%29?sf_options=desc%3D%26_options_sf&quot;,return)</favourite>
	<favourite name="International Open Golf Championship" thumb="http://www.mobygames.com/images/covers/l/241317-international-open-golf-championship-dos-front-cover.jpg">ActivateWindow(10025,&quot;plugin://plugin.program.iarl/Emulator/IA_MSDOS_ZachMorris/Game/International+Open+Golf+Championship?sf_options=desc%3D%26_options_sf&quot;,return)</favourite>
	<favourite name="Irem Skins Game, The" thumb="http://i.imgur.com/jsjFRPS.png">ActivateWindow(10025,&quot;plugin://plugin.program.iarl/Emulator/SNES_ZachMorris/Game/Irem+Skins+Game%2C+The+%28USA%29?sf_options=desc%3D%26_options_sf&quot;,return)</favourite>
	<favourite name="JGTO Kounin Golf Master - Japan Golf Tour Game" thumb="http://thegamesdb.net/banners/boxart/original/front/3426-1.jpg">ActivateWindow(10025,&quot;plugin://plugin.program.iarl/Emulator/GBA_ZachMorris/Game/JGTO+Kounin+Golf+Master+-+Japan+Golf+Tour+Game+%28Japan%29?sf_options=desc%3D%26_options_sf&quot;,return)</favourite>
	<favourite name="JGTO Kounin Golf Master Mobile - Japan Golf Tour Game" thumb="http://thegamesdb.net/banners/boxart/original/front/3426-1.jpg">ActivateWindow(10025,&quot;plugin://plugin.program.iarl/Emulator/GBA_ZachMorris/Game/JGTO+Kounin+Golf+Master+Mobile+-+Japan+Golf+Tour+Game+%28Japan%29?sf_options=desc%3D%26_options_sf&quot;,return)</favourite>
	<favourite name="Jack Nicklaus" thumb="http://www.mobygames.com/images/shots/l/423843-klass-of-99-dos-screenshot-main-menu.jpg">ActivateWindow(10025,&quot;plugin://plugin.program.iarl/Emulator/IA_MSDOS_ZachMorris/Game/Jack+Nicklaus%27+Greatest+18+Holes+of+Major+Championship+Golf?sf_options=desc%3D%26_options_sf&quot;,return)</favourite>
	<favourite name="Jack Nicklaus" thumb="http://thegamesdb.net/banners/boxart/original/front/8212-1.jpg">ActivateWindow(10025,&quot;plugin://plugin.program.iarl/Emulator/TG16_ZachMorris/Game/Jack+Nicklaus%27+Greatest+18+Holes+of+Major+Championship+Golf+%28Japan%29?sf_options=desc%3D%26_options_sf&quot;,return)</favourite>
	<favourite name="Jack Nicklaus" thumb="http://i.imgur.com/UTEFJdd.jpg">ActivateWindow(10025,&quot;plugin://plugin.program.iarl/Emulator/NES_ZachMorris/Game/Jack+Nicklaus%27+Greatest+18+Holes+of+Major+Championship+Golf+%28USA%29?sf_options=desc%3D%26_options_sf&quot;,return)</favourite>
	<favourite name="Jack Nicklaus" thumb="http://thegamesdb.net/banners/boxart/original/front/4458-1.jpg">ActivateWindow(10025,&quot;plugin://plugin.program.iarl/Emulator/Genesis_ZachMorris/Game/Jack+Nicklaus%27+Power+Challenge+Golf+%28USA%2C+Europe%29?sf_options=desc%3D%26_options_sf&quot;,return)</favourite>
	<favourite name="Jack Nicklaus" thumb="http://static.giantbomb.com/uploads/scale_large/0/1987/1122277-jack_nicklaus___greatest_18_holes_of_major_championship_golf___front.jpg">ActivateWindow(10025,&quot;plugin://plugin.program.iarl/Emulator/TG16_ZachMorris/Game/Jack+Nicklaus%27+Turbo+Golf+%28USA%29?sf_options=desc%3D%26_options_sf&quot;,return)</favourite>
	<favourite name="Jack Nicklaus" thumb="http://www.mobygames.com/images/shots/l/560160-stillhunt-dos-screenshot-funny-copy-protection-name-the-winners.jpg">ActivateWindow(10025,&quot;plugin://plugin.program.iarl/Emulator/IA_MSDOS_ZachMorris/Game/Jack+Nicklaus%27+Unlimited+Golf+%26amp%3B+Course+Design?sf_options=desc%3D%26_options_sf&quot;,return)</favourite>
	<favourite name="Jack Nicklaus" thumb="">ActivateWindow(10025,&quot;plugin://plugin.program.iarl/Emulator/PCE_CD_ZachMorris/Game/Jack+Nicklaus%27+World+Tour+Golf+-+162+Holes+%28Japan%29+%28Rev+2%29?sf_options=desc%3D%26_options_sf&quot;,return)</favourite>
	<favourite name="Jack Nicklaus Golf &amp; Course Design - Signature Edition" thumb="http://www.mobygames.com/images/shots/l/238773-clonk-advanced-players-edition-dos-screenshot-title-screen.jpg">ActivateWindow(10025,&quot;plugin://plugin.program.iarl/Emulator/IA_MSDOS_ZachMorris/Game/Jack+Nicklaus+Golf+%26amp%3B+Course+Design+-+Signature+Edition?sf_options=desc%3D%26_options_sf&quot;,return)</favourite>
	<favourite name="Jack Nicklaus Golf" thumb="http://i.imgur.com/ei2O3Xz.jpg">ActivateWindow(10025,&quot;plugin://plugin.program.iarl/Emulator/SNES_ZachMorris/Game/Jack+Nicklaus+Golf+%28USA%29?sf_options=desc%3D%26_options_sf&quot;,return)</favourite>
	<favourite name="Jack Nicklaus Golf" thumb="http://static.giantbomb.com/uploads/scale_large/2/23093/2551685-jack_nicklaus_golf_snes_us.jpg">ActivateWindow(10025,&quot;plugin://plugin.program.iarl/Emulator/GB_Classic_ZachMorris/Game/Jack+Nicklaus+Golf+%28USA%2C+Europe%29?sf_options=desc%3D%26_options_sf&quot;,return)</favourite>
	<favourite name="Jack Nicklaus Greatest 18 Holes of Major Championship Golf" thumb="https://archive.org/download/C64Games_201705/C64_Artwork.zip/Commodore%2064%20Artwork%2FJack%20Nicklaus%20Greatest%2018%20Holes%20of%20Major%20Championship%20Golf%20%28USA%29%20%28Disk%201%20Side%20A%29%2F%5B1.Front%5D%20Front1.jpg">ActivateWindow(10025,&quot;plugin://plugin.program.iarl/Emulator/C64_ZachMorris/Game/Jack+Nicklaus+Greatest+18+Holes+of+Major+Championship+Golf?sf_options=desc%3D%26_options_sf&quot;,return)</favourite>
	<favourite name="Jumbo Ozaki no Hole in One Professional" thumb="http://i.imgur.com/N7YBNM2.jpg">ActivateWindow(10025,&quot;plugin://plugin.program.iarl/Emulator/NES_ZachMorris/Game/Jumbo+Ozaki+no+Hole+in+One+Professional+%28Japan%29?sf_options=desc%3D%26_options_sf&quot;,return)</favourite>
	<favourite name="Konami" thumb="http://archive.org/download/Mame172arcdcmplt/snap.zip/opengolf.png">ActivateWindow(10025,&quot;plugin://plugin.program.iarl/Emulator/MAME_2014_ZachMorris/Game/Konami%27s+Open+Golf+Championship+%28ver+EAE%29?sf_options=desc%3D%26_options_sf&quot;,return)</favourite>
	<favourite name="Konami" thumb="http://archive.org/download/Mame172arcdcmplt/snap.zip/opengolf.png">ActivateWindow(10025,&quot;plugin://plugin.program.iarl/Emulator/MAME_ZachMorris/Game/Konami%27s+Open+Golf+Championship+%28ver+EAE%29?sf_options=desc%3D%26_options_sf&quot;,return)</favourite>
	<favourite name="Konami Golf" thumb="http://thegamesdb.net/banners/boxart/original/front/21800-1.jpg">ActivateWindow(10025,&quot;plugin://plugin.program.iarl/Emulator/GB_Classic_ZachMorris/Game/Konami+Golf+%28Europe%29?sf_options=desc%3D%26_options_sf&quot;,return)</favourite>
	<favourite name="Konamic Golf" thumb="http://thegamesdb.net/banners/boxart/original/front/21800-1.jpg">ActivateWindow(10025,&quot;plugin://plugin.program.iarl/Emulator/GB_Classic_ZachMorris/Game/Konamic+Golf+%28Japan%29?sf_options=desc%3D%26_options_sf&quot;,return)</favourite>
	<favourite name="Kurohige no Golf Shiyouyo" thumb="http://img.gamefaqs.net/box/9/4/2/303942_front.jpg">ActivateWindow(10025,&quot;plugin://plugin.program.iarl/Emulator/GBA_ZachMorris/Game/Kurohige+no+Golf+Shiyouyo+%28Japan%29?sf_options=desc%3D%26_options_sf&quot;,return)</favourite>
	<favourite name="Leader Board" thumb="http://archive.org/download/Mame172arcdcmplt/flyers.zip/ar_ldrb.png">ActivateWindow(10025,&quot;plugin://plugin.program.iarl/Emulator/MAME_ZachMorris/Game/Leader+Board+%28Arcadia%2C+set+1%2C+V+2.5%29?sf_options=desc%3D%26_options_sf&quot;,return)</favourite>
	<favourite name="Leaderboard Executive" thumb="https://archive.org/download/C64Games_201705/C64_Artwork.zip/Commodore%2064%20Artwork%2FLeaderboard%20Executive%20%28USA%29%2FCover%20%5BPar%204%5D-Leader_Board_-_Par_4.jpg">ActivateWindow(10025,&quot;plugin://plugin.program.iarl/Emulator/C64_ZachMorris/Game/Leaderboard+Executive+%28USA%29?sf_options=desc%3D%26_options_sf&quot;,return)</favourite>
	<favourite name="Leaderboard Golf" thumb="https://archive.org/download/C64Games_201705/C64_Artwork.zip/Commodore%2064%20Artwork%2FLeaderboard%20Golf%20%28USA%29%2F%5B1.Front%5D%20Front1.jpg">ActivateWindow(10025,&quot;plugin://plugin.program.iarl/Emulator/C64_ZachMorris/Game/Leaderboard+Golf+%28USA%29?sf_options=desc%3D%26_options_sf&quot;,return)</favourite>
	<favourite name="Lee Trevino" thumb="http://i.imgur.com/7XBuZvW.jpg">ActivateWindow(10025,&quot;plugin://plugin.program.iarl/Emulator/NES_ZachMorris/Game/Lee+Trevino%27s+Fighting+Golf+%28USA%29?sf_options=desc%3D%26_options_sf&quot;,return)</favourite>
	<favourite name="Links - The Challenge Of Golf" thumb="http://thegamesdb.net/banners/boxart/original/front/5050-1.jpg">ActivateWindow(10025,&quot;plugin://plugin.program.iarl/Emulator/Sega_CD_ZachMorris/Game/Links+-+The+Challenge+Of+Golf?sf_options=desc%3D%26_options_sf&quot;,return)</favourite>
	<favourite name="Mahjong Erotica Golf" thumb="http://archive.org/download/Mame172arcdcmplt/snap.zip/mjegolf.png">ActivateWindow(10025,&quot;plugin://plugin.program.iarl/Emulator/MAME_2014_ZachMorris/Game/Mahjong+Erotica+Golf+%28Japan%29?sf_options=desc%3D%26_options_sf&quot;,return)</favourite>
	<favourite name="Major Title" thumb="http://i.imgur.com/lQFjI1o.jpg">ActivateWindow(10025,&quot;plugin://plugin.program.iarl/Emulator/SNES_ZachMorris/Game/Major+Title+%28Europe%29?sf_options=desc%3D%26_options_sf&quot;,return)</favourite>
	<favourite name="Major Title" thumb="http://archive.org/download/Mame172arcdcmplt/snap.zip/majtitle.png">ActivateWindow(10025,&quot;plugin://plugin.program.iarl/Emulator/MAME_ZachMorris/Game/Major+Title+%28World%29?sf_options=desc%3D%26_options_sf&quot;,return)</favourite>
	<favourite name="Major Title" thumb="http://archive.org/download/Mame172arcdcmplt/snap.zip/majtitle.png">ActivateWindow(10025,&quot;plugin://plugin.program.iarl/Emulator/MAME_2014_ZachMorris/Game/Major+Title+%28World%29?sf_options=desc%3D%26_options_sf&quot;,return)</favourite>
	<favourite name="Major Title" thumb="http://github.com/libretro/libretro-thumbnails/raw/master/FB%20Alpha%20-%20Arcade%20Games/Named_Boxarts/Major%20Title%20(World).png">ActivateWindow(10025,&quot;plugin://plugin.program.iarl/Emulator/FBA_ZachMorris/Game/Major+Title+%28World%29?sf_options=desc%3D%26_options_sf&quot;,return)</favourite>
	<favourite name="Major Title 2" thumb="http://archive.org/download/Mame172arcdcmplt/cabinets.zip/majtitl2.png">ActivateWindow(10025,&quot;plugin://plugin.program.iarl/Emulator/MAME_2014_ZachMorris/Game/Major+Title+2+%28World%29?sf_options=desc%3D%26_options_sf&quot;,return)</favourite>
	<favourite name="Major Title 2" thumb="http://archive.org/download/Mame172arcdcmplt/cabinets.zip/majtitl2.png">ActivateWindow(10025,&quot;plugin://plugin.program.iarl/Emulator/MAME_ZachMorris/Game/Major+Title+2+%28World%2C+set+1%29?sf_options=desc%3D%26_options_sf&quot;,return)</favourite>
	<favourite name="Major Title 2" thumb="http://archive.org/download/Mame172arcdcmplt/cabinets.zip/majtitl2.png">ActivateWindow(10025,&quot;plugin://plugin.program.iarl/Emulator/FBA_ZachMorris/Game/Major+Title+2+%28World%2C+set+1%29?sf_options=desc%3D%26_options_sf&quot;,return)</favourite>
	<favourite name="Mario" thumb="http://archive.org/download/Mame172arcdcmplt/flyers.zip/playch10.png">ActivateWindow(10025,&quot;plugin://plugin.program.iarl/Emulator/MAME_2014_ZachMorris/Game/Mario%27s+Open+Golf+%28PlayChoice-10%29?sf_options=desc%3D%26_options_sf&quot;,return)</favourite>
	<favourite name="Mario" thumb="http://archive.org/download/Mame172arcdcmplt/flyers.zip/playch10.png">ActivateWindow(10025,&quot;plugin://plugin.program.iarl/Emulator/MAME_ZachMorris/Game/Mario%27s+Open+Golf+%28PlayChoice-10%29?sf_options=desc%3D%26_options_sf&quot;,return)</favourite>
	<favourite name="Mario Golf" thumb="http://static.giantbomb.com/uploads/scale_large/8/82063/2619227-mggb.jpg">ActivateWindow(10025,&quot;plugin://plugin.program.iarl/Emulator/GBC_ZachMorris/Game/Mario+Golf+%28USA%29?sf_options=desc%3D%26_options_sf&quot;,return)</favourite>
	<favourite name="Mario Golf" thumb="http://static.giantbomb.com/uploads/scale_large/1/15228/595841-mario_golf_box.jpg">ActivateWindow(10025,&quot;plugin://plugin.program.iarl/Emulator/N64_ZachMorris/Game/Mario+Golf+%28USA%29?sf_options=desc%3D%26_options_sf&quot;,return)</favourite>
	<favourite name="Mario Golf - GBA Tour" thumb="http://static.giantbomb.com/uploads/scale_large/0/3509/647332-mariogolfadvance_na.jpg">ActivateWindow(10025,&quot;plugin://plugin.program.iarl/Emulator/GBA_ZachMorris/Game/Mario+Golf+-+GBA+Tour+%28Japan%29?sf_options=desc%3D%26_options_sf&quot;,return)</favourite>
	<favourite name="Mario Golf GB" thumb="http://static.giantbomb.com/uploads/scale_large/8/82063/2619227-mggb.jpg">ActivateWindow(10025,&quot;plugin://plugin.program.iarl/Emulator/GBC_ZachMorris/Game/Mario+Golf+GB+%28Japan%29?sf_options=desc%3D%26_options_sf&quot;,return)</favourite>
	<favourite name="Mario Open Golf" thumb="http://i.imgur.com/B185fAY.jpg">ActivateWindow(10025,&quot;plugin://plugin.program.iarl/Emulator/NES_ZachMorris/Game/Mario+Open+Golf+%28Japan%29+%28Rev+A%29?sf_options=desc%3D%26_options_sf&quot;,return)</favourite>
	<favourite name="Masters - Harukanaru Augusta 2" thumb="http://i.imgur.com/1wKVt0w.jpg">ActivateWindow(10025,&quot;plugin://plugin.program.iarl/Emulator/SNES_ZachMorris/Game/Masters+-+Harukanaru+Augusta+2+%28Japan%29?sf_options=desc%3D%26_options_sf&quot;,return)</favourite>
	<favourite name="Masters New - Harukanaru Augusta 3" thumb="http://i.imgur.com/sCG5bCe.jpg">ActivateWindow(10025,&quot;plugin://plugin.program.iarl/Emulator/SNES_ZachMorris/Game/Masters+New+-+Harukanaru+Augusta+3+%28Japan%29+%28Rev+1%29?sf_options=desc%3D%26_options_sf&quot;,return)</favourite>
	<favourite name="Maxi Golf" thumb="https://archive.org/download/C64Games_201705/C64_Artwork.zip/Commodore%2064%20Artwork%2FMaxi%20Golf%20%28USA%29%20%28Disk%201%29%2FCover-Maxi_Golf.jpg">ActivateWindow(10025,&quot;plugin://plugin.program.iarl/Emulator/C64_ZachMorris/Game/Maxi+Golf+%28USA%29?sf_options=desc%3D%26_options_sf&quot;,return)</favourite>
	<favourite name="Mean 18" thumb="http://www.mobygames.com/images/covers/l/249052-mean-18-dos-front-cover.jpg">ActivateWindow(10025,&quot;plugin://plugin.program.iarl/Emulator/IA_MSDOS_ZachMorris/Game/Mean+18?sf_options=desc%3D%26_options_sf&quot;,return)</favourite>
	<favourite name="Mean 18 Ultimate Golf" thumb="http://thegamesdb.net/banners/boxart/original/front/21048-1.jpg">ActivateWindow(10025,&quot;plugin://plugin.program.iarl/Emulator/Atari_7800_ZachMorris/Game/Mean+18+Ultimate+Golf+%281989%29%28Atari%29%28NTSC%29?sf_options=desc%3D%26_options_sf&quot;,return)</favourite>
	<favourite name="Mecarobot Golf" thumb="http://i.imgur.com/oN9TPVR.jpg">ActivateWindow(10025,&quot;plugin://plugin.program.iarl/Emulator/SNES_ZachMorris/Game/Mecarobot+Golf+%28USA%29?sf_options=desc%3D%26_options_sf&quot;,return)</favourite>
	<favourite name="Mini Golf" thumb="http://archive.org/download/Mame172arcdcmplt/flyers.zip/minigolf.png">ActivateWindow(10025,&quot;plugin://plugin.program.iarl/Emulator/MAME_ZachMorris/Game/Mini+Golf+%2811%2F25%2F85%29?sf_options=desc%3D%26_options_sf&quot;,return)</favourite>
	<favourite name="Mini Golf" thumb="http://archive.org/download/Mame172arcdcmplt/flyers.zip/minigolf.png">ActivateWindow(10025,&quot;plugin://plugin.program.iarl/Emulator/MAME_2014_ZachMorris/Game/Mini+Golf+%2811%2F25%2F85%29?sf_options=desc%3D%26_options_sf&quot;,return)</favourite>
	<favourite name="Mini Golf" thumb="https://archive.org/download/C64Games_201705/C64_Artwork.zip/Commodore%2064%20Artwork%2FMini%20Golf%20%28USA%29%2FAdvert-Capcom11.jpg">ActivateWindow(10025,&quot;plugin://plugin.program.iarl/Emulator/C64_ZachMorris/Game/Mini+Golf+%28USA%29?sf_options=desc%3D%26_options_sf&quot;,return)</favourite>
	<favourite name="Mini Putt" thumb="http://i.imgur.com/3BNa1uj.jpg">ActivateWindow(10025,&quot;plugin://plugin.program.iarl/Emulator/NES_ZachMorris/Game/Mini+Putt+%28Japan%29?sf_options=desc%3D%26_options_sf&quot;,return)</favourite>
	<favourite name="Mini Putt" thumb="http://static.giantbomb.com/uploads/scale_large/0/5150/1429392-tumblr_l5agafrtru1qzurbto1_500.jpg">ActivateWindow(10025,&quot;plugin://plugin.program.iarl/Emulator/GB_Classic_ZachMorris/Game/Mini+Putt+%28Japan%29?sf_options=desc%3D%26_options_sf&quot;,return)</favourite>
	<favourite name="Mini Putt" thumb="https://archive.org/download/C64Games_201705/C64_Artwork.zip/Commodore%2064%20Artwork%2FMini%20Putt%20%28USA%29%2FCover%20%28Accolade%29-Mini-Putt_%28Accolade%29.jpg">ActivateWindow(10025,&quot;plugin://plugin.program.iarl/Emulator/C64_ZachMorris/Game/Mini+Putt+%28USA%29?sf_options=desc%3D%26_options_sf&quot;,return)</favourite>
	<favourite name="Mini-Putt" thumb="http://www.mobygames.com/images/shots/l/207555-mini-putt-game-boy-screenshot-title-screen.jpg">ActivateWindow(10025,&quot;plugin://plugin.program.iarl/Emulator/IA_MSDOS_ZachMorris/Game/Mini-Putt?sf_options=desc%3D%26_options_sf&quot;,return)</favourite>
	<favourite name="Miniature Golf" thumb="http://static.giantbomb.com/uploads/scale_large/0/5278/288561-mini_golf.jpg">ActivateWindow(10025,&quot;plugin://plugin.program.iarl/Emulator/Atari_2600_ZachMorris/Game/Miniature+Golf+%28PAL%29?sf_options=desc%3D%26_options_sf&quot;,return)</favourite>
	<favourite name="Miniature Golf" thumb="http://thegamesdb.net/banners/boxart/original/front/34488-1.jpg">ActivateWindow(10025,&quot;plugin://plugin.program.iarl/Emulator/Atari_5200_ZachMorris/Game/Miniature+Golf+%28Prototype%29?sf_options=desc%3D%26_options_sf&quot;,return)</favourite>
	<favourite name="Miniature Golf - Arcade Golf" thumb="http://thegamesdb.net/banners/boxart/original/front/17521-1.jpg">ActivateWindow(10025,&quot;plugin://plugin.program.iarl/Emulator/Atari_2600_ZachMorris/Game/Miniature+Golf+-+Arcade+Golf?sf_options=desc%3D%26_options_sf&quot;,return)</favourite>
	<favourite name="Mobile Golf" thumb="http://static.giantbomb.com/uploads/scale_large/12/126726/1778854-hammerbrosmallani.gif">ActivateWindow(10025,&quot;plugin://plugin.program.iarl/Emulator/GBC_ZachMorris/Game/Mobile+Golf+%28Japan%29?sf_options=desc%3D%26_options_sf&quot;,return)</favourite>
	<favourite name="Mongolfier New" thumb="http://archive.org/download/Mame172arcdcmplt/snap.zip/mongolnw.png">ActivateWindow(10025,&quot;plugin://plugin.program.iarl/Emulator/MAME_ZachMorris/Game/Mongolfier+New+%28Italian%29?sf_options=desc%3D%26_options_sf&quot;,return)</favourite>
	<favourite name="NES Open Tournament Golf" thumb="http://i.imgur.com/B185fAY.jpg">ActivateWindow(10025,&quot;plugin://plugin.program.iarl/Emulator/NES_ZachMorris/Game/NES+Open+Tournament+Golf+%28USA%29?sf_options=desc%3D%26_options_sf&quot;,return)</favourite>
	<favourite name="Namco Classic" thumb="http://static.giantbomb.com/uploads/scale_large/0/4527/2112949-1.jpg">ActivateWindow(10025,&quot;plugin://plugin.program.iarl/Emulator/GB_Classic_ZachMorris/Game/Namco+Classic+%28Japan%29?sf_options=desc%3D%26_options_sf&quot;,return)</favourite>
	<favourite name="Namco Classic" thumb="http://i.imgur.com/akO3DYg.jpg">ActivateWindow(10025,&quot;plugin://plugin.program.iarl/Emulator/NES_ZachMorris/Game/Namco+Classic+%28Japan%29?sf_options=desc%3D%26_options_sf&quot;,return)</favourite>
	<favourite name="Namco Classic Collection Vol.1" thumb="http://archive.org/download/Mame172arcdcmplt/flyers.zip/ncv1.png">ActivateWindow(10025,&quot;plugin://plugin.program.iarl/Emulator/MAME_AKNF_Full/Game/Namco+Classic+Collection+Vol.1?sf_options=desc%3D%26_options_sf&quot;,return)</favourite>
	<favourite name="Namco Classic Collection Vol.1" thumb="http://archive.org/download/Mame172arcdcmplt/flyers.zip/ncv1.png">ActivateWindow(10025,&quot;plugin://plugin.program.iarl/Emulator/MAME_ZachMorris/Game/Namco+Classic+Collection+Vol.1?sf_options=desc%3D%26_options_sf&quot;,return)</favourite>
	<favourite name="Namco Classic Collection Vol.1" thumb="http://archive.org/download/Mame172arcdcmplt/flyers.zip/ncv1.png">ActivateWindow(10025,&quot;plugin://plugin.program.iarl/Emulator/MAME_2014_ZachMorris/Game/Namco+Classic+Collection+Vol.1?sf_options=desc%3D%26_options_sf&quot;,return)</favourite>
	<favourite name="Namco Classic Collection Vol.2" thumb="http://archive.org/download/Mame172arcdcmplt/flyers.zip/ncv2.png">ActivateWindow(10025,&quot;plugin://plugin.program.iarl/Emulator/MAME_2014_ZachMorris/Game/Namco+Classic+Collection+Vol.2?sf_options=desc%3D%26_options_sf&quot;,return)</favourite>
	<favourite name="Namco Classic Collection Vol.2" thumb="http://archive.org/download/Mame172arcdcmplt/flyers.zip/ncv2.png">ActivateWindow(10025,&quot;plugin://plugin.program.iarl/Emulator/MAME_ZachMorris/Game/Namco+Classic+Collection+Vol.2?sf_options=desc%3D%26_options_sf&quot;,return)</favourite>
	<favourite name="Namco Classic II" thumb="http://i.imgur.com/iMIUndw.jpg">ActivateWindow(10025,&quot;plugin://plugin.program.iarl/Emulator/NES_ZachMorris/Game/Namco+Classic+II+%28Japan%29?sf_options=desc%3D%26_options_sf&quot;,return)</favourite>
	<favourite name="Neo Turf Masters" thumb="http://static.giantbomb.com/uploads/scale_large/0/1617/518075-turfmasters.jpg">ActivateWindow(10025,&quot;plugin://plugin.program.iarl/Emulator/NGPC_ZachMorris/Game/Neo+Turf+Masters+%28World%29+%28En%2CJa%29?sf_options=desc%3D%26_options_sf&quot;,return)</favourite>
	<favourite name="Neo Turf Masters / Big Tournament Golf" thumb="http://archive.org/download/Mame172arcdcmplt/flyers.zip/turfmast.png">ActivateWindow(10025,&quot;plugin://plugin.program.iarl/Emulator/MAME_2014_ZachMorris/Game/Neo+Turf+Masters+%2F+Big+Tournament+Golf?sf_options=desc%3D%26_options_sf&quot;,return)</favourite>
	<favourite name="Neo Turf Masters / Big Tournament Golf" thumb="http://archive.org/download/Mame172arcdcmplt/flyers.zip/turfmast.png">ActivateWindow(10025,&quot;plugin://plugin.program.iarl/Emulator/MAME_AKNF_Full/Game/Neo+Turf+Masters+%2F+Big+Tournament+Golf?sf_options=desc%3D%26_options_sf&quot;,return)</favourite>
	<favourite name="Neo Turf Masters / Big Tournament Golf" thumb="http://archive.org/download/Mame172arcdcmplt/flyers.zip/turfmast.png">ActivateWindow(10025,&quot;plugin://plugin.program.iarl/Emulator/MAME_ZachMorris/Game/Neo+Turf+Masters+%2F+Big+Tournament+Golf?sf_options=desc%3D%26_options_sf&quot;,return)</favourite>
	<favourite name="Neo Turf Masters / Big Tournament Golf" thumb="http://images.launchbox-app.com/turfmast.png">ActivateWindow(10025,&quot;plugin://plugin.program.iarl/Emulator/FBA_ZachMorris/Game/Neo+Turf+Masters+%2F+Big+Tournament+Golf?sf_options=desc%3D%26_options_sf&quot;,return)</favourite>
	<favourite name="Net Golf" thumb="">ActivateWindow(10025,&quot;plugin://plugin.program.iarl/Emulator/Sega_Dreamcast_ZachMorris/Game/Net+Golf+%28Japan%29?sf_options=desc%3D%26_options_sf&quot;,return)</favourite>
	<favourite name="New 3D Golf Simulation - Devil" thumb="http://thegamesdb.net/banners/boxart/original/front/20412-1.jpg">ActivateWindow(10025,&quot;plugin://plugin.program.iarl/Emulator/Genesis_ZachMorris/Game/New+3D+Golf+Simulation+-+Devil%27s+Course+%28Japan%29?sf_options=desc%3D%26_options_sf&quot;,return)</favourite>
	<favourite name="New 3D Golf Simulation - Devil" thumb="http://i.imgur.com/Pzt6xXA.jpg">ActivateWindow(10025,&quot;plugin://plugin.program.iarl/Emulator/SNES_ZachMorris/Game/New+3D+Golf+Simulation+-+Devil%27s+Course+%28Japan%29?sf_options=desc%3D%26_options_sf&quot;,return)</favourite>
	<favourite name="New 3D Golf Simulation - Harukanaru Augusta" thumb="http://thegamesdb.net/banners/boxart/original/front/20413-1.jpg">ActivateWindow(10025,&quot;plugin://plugin.program.iarl/Emulator/Genesis_ZachMorris/Game/New+3D+Golf+Simulation+-+Harukanaru+Augusta+%28Japan%29?sf_options=desc%3D%26_options_sf&quot;,return)</favourite>
	<favourite name="New 3D Golf Simulation - Harukanaru Augusta" thumb="http://i.imgur.com/fJG4ZiL.jpg">ActivateWindow(10025,&quot;plugin://plugin.program.iarl/Emulator/SNES_ZachMorris/Game/New+3D+Golf+Simulation+-+Harukanaru+Augusta+%28Japan%29+%28Rev+1%29?sf_options=desc%3D%26_options_sf&quot;,return)</favourite>
	<favourite name="New 3D Golf Simulation - Pebble Beach no Hatou" thumb="http://i.imgur.com/c9PRGWG.jpg">ActivateWindow(10025,&quot;plugin://plugin.program.iarl/Emulator/SNES_ZachMorris/Game/New+3D+Golf+Simulation+-+Pebble+Beach+no+Hatou+%28Japan%29?sf_options=desc%3D%26_options_sf&quot;,return)</favourite>
	<favourite name="New 3D Golf Simulation - Pebble Beach no Hatou" thumb="http://thegamesdb.net/banners/boxart/original/front/675-1.jpg">ActivateWindow(10025,&quot;plugin://plugin.program.iarl/Emulator/Genesis_ZachMorris/Game/New+3D+Golf+Simulation+-+Pebble+Beach+no+Hatou+%28Japan%29?sf_options=desc%3D%26_options_sf&quot;,return)</favourite>
	<favourite name="New 3D Golf Simulation - Waialae no Kiseki" thumb="http://thegamesdb.net/banners/boxart/original/front/20414-1.jpg">ActivateWindow(10025,&quot;plugin://plugin.program.iarl/Emulator/Genesis_ZachMorris/Game/New+3D+Golf+Simulation+-+Waialae+no+Kiseki+%28Japan%29?sf_options=desc%3D%26_options_sf&quot;,return)</favourite>
	<favourite name="New 3D Golf Simulation - Waialae no Kiseki" thumb="http://i.imgur.com/vzB3nNG.jpg">ActivateWindow(10025,&quot;plugin://plugin.program.iarl/Emulator/SNES_ZachMorris/Game/New+3D+Golf+Simulation+-+Waialae+no+Kiseki+%28Japan%29?sf_options=desc%3D%26_options_sf&quot;,return)</favourite>
	<favourite name="New Super 3D Golf Simulation - Waialae No Kiseki / Super Mahjong 2" thumb="http://archive.org/download/Mame172arcdcmplt/snap.zip/pss62.png">ActivateWindow(10025,&quot;plugin://plugin.program.iarl/Emulator/MAME_ZachMorris/Game/New+Super+3D+Golf+Simulation+-+Waialae+No+Kiseki+%2F+Super+Mahjong+2+%28Super+Famicom+Box%29?sf_options=desc%3D%26_options_sf&quot;,return)</favourite>
	<favourite name="Nice de Shot" thumb="http://i.imgur.com/7h7MIe5.jpg">ActivateWindow(10025,&quot;plugin://plugin.program.iarl/Emulator/SNES_ZachMorris/Game/Nice+de+Shot+%28Japan%29?sf_options=desc%3D%26_options_sf&quot;,return)</favourite>
	<favourite name="Nick Faldo" thumb="https://archive.org/download/C64Games_201705/C64_Artwork.zip/Commodore%2064%20Artwork%2FNick%20Faldo%27s%20Championship%20Golf%20%28Europe%29%2FCover-Nick_Faldo%27s_Championship_Golf.jpg">ActivateWindow(10025,&quot;plugin://plugin.program.iarl/Emulator/C64_ZachMorris/Game/Nick+Faldo%27s+Championship+Golf+%28Europe%29?sf_options=desc%3D%26_options_sf&quot;,return)</favourite>
	<favourite name="Nick Faldo Plays the Open" thumb="https://archive.org/download/C64Games_201705/C64_Artwork.zip/Commodore%2064%20Artwork%2FNick%20Faldo%20Plays%20the%20Open%20%28Europe%29%2FCover%20%28Bug-Byte%29-Nick_Faldo_Plays_the_Open_%28Bug-Byte%29.jpg">ActivateWindow(10025,&quot;plugin://plugin.program.iarl/Emulator/C64_ZachMorris/Game/Nick+Faldo+Plays+the+Open+%28Europe%29?sf_options=desc%3D%26_options_sf&quot;,return)</favourite>
	<favourite name="Okamoto Ayako to Match Play Golf - Ko Olina Golf Club in Hawaii" thumb="http://i.imgur.com/dQJsgxZ.jpg">ActivateWindow(10025,&quot;plugin://plugin.program.iarl/Emulator/SNES_ZachMorris/Game/Okamoto+Ayako+to+Match+Play+Golf+-+Ko+Olina+Golf+Club+in+Hawaii+%28Japan%29?sf_options=desc%3D%26_options_sf&quot;,return)</favourite>
	<favourite name="Original Frisbee Disc Sports - Ultimate &amp; Golf" thumb="http://thegamesdb.net/banners/boxart/original/front/24167-1.jpg">ActivateWindow(10025,&quot;plugin://plugin.program.iarl/Emulator/NINTENDO_DS_N3RDFLIX/Game/Original+Frisbee+Disc+Sports+-+Ultimate+%26+Golf+%28USA%29?sf_options=desc%3D%26_options_sf&quot;,return)</favourite>
	<favourite name="Outlaw Golf" thumb="http://thegamesdb.net/banners/boxart/original/front/15035-1.jpg">ActivateWindow(10025,&quot;plugin://plugin.program.iarl/Emulator/Nintendo_Gamecube_N3RDFLIX/Game/Outlaw+Golf+%28Europe%29?sf_options=desc%3D%26_options_sf&quot;,return)</favourite>
	<favourite name="Outlaw Golf 2" thumb="http://thegamesdb.net/banners/boxart/original/front/9768-1.jpg">ActivateWindow(10025,&quot;plugin://plugin.program.iarl/Emulator/Sony_Playstation_2_N3RDFLIX/Game/Outlaw+Golf+2+%28USA%29?sf_options=desc%3D%26_options_sf&quot;,return)</favourite>
	<favourite name="PGA European Tour" thumb="http://thegamesdb.net/banners/boxart/original/front/1180-1.jpg">ActivateWindow(10025,&quot;plugin://plugin.program.iarl/Emulator/N64_ZachMorris/Game/PGA+European+Tour+%28USA%29?sf_options=desc%3D%26_options_sf&quot;,return)</favourite>
	<favourite name="PGA European Tour" thumb="http://i.imgur.com/3YokGce.jpg">ActivateWindow(10025,&quot;plugin://plugin.program.iarl/Emulator/SNES_ZachMorris/Game/PGA+European+Tour+%28USA%29?sf_options=desc%3D%26_options_sf&quot;,return)</favourite>
	<favourite name="PGA European Tour" thumb="http://thegamesdb.net/banners/boxart/original/front/4554-1.jpg">ActivateWindow(10025,&quot;plugin://plugin.program.iarl/Emulator/Genesis_ZachMorris/Game/PGA+European+Tour+%28USA%2C+Europe%29?sf_options=desc%3D%26_options_sf&quot;,return)</favourite>
	<favourite name="PGA European Tour" thumb="http://thegamesdb.net/banners/boxart/original/front/24099-1.jpg">ActivateWindow(10025,&quot;plugin://plugin.program.iarl/Emulator/GB_Classic_ZachMorris/Game/PGA+European+Tour+%28USA%2C+Europe%29+%28SGB+Enhanced%29?sf_options=desc%3D%26_options_sf&quot;,return)</favourite>
	<favourite name="PGA Golf" thumb="http://thegamesdb.net/banners/boxart/original/front/10534-1.jpg">ActivateWindow(10025,&quot;plugin://plugin.program.iarl/Emulator/Intellivision_ZachMorris/Game/PGA+Golf?sf_options=desc%3D%26_options_sf&quot;,return)</favourite>
	<favourite name="PGA Tour 96" thumb="http://thegamesdb.net/banners/boxart/original/front/10138-1.jpg">ActivateWindow(10025,&quot;plugin://plugin.program.iarl/Emulator/3DO_ZachMorris/Game/PGA+Tour+96+%28USA%29?sf_options=desc%3D%26_options_sf&quot;,return)</favourite>
	<favourite name="PGA Tour 96" thumb="http://thegamesdb.net/banners/boxart/original/front/593-1.jpg">ActivateWindow(10025,&quot;plugin://plugin.program.iarl/Emulator/PS1_ZachMorris/Game/PGA+Tour+96+%28USA%29?sf_options=desc%3D%26_options_sf&quot;,return)</favourite>
	<favourite name="PGA Tour 96" thumb="http://i.imgur.com/AODQ2y0.jpg">ActivateWindow(10025,&quot;plugin://plugin.program.iarl/Emulator/SNES_ZachMorris/Game/PGA+Tour+96+%28USA%29+%28Rev+1%29?sf_options=desc%3D%26_options_sf&quot;,return)</favourite>
	<favourite name="PGA Tour 96" thumb="http://thegamesdb.net/banners/boxart/original/front/25167-1.jpg">ActivateWindow(10025,&quot;plugin://plugin.program.iarl/Emulator/Game_Gear_ZachMorris/Game/PGA+Tour+96+%28USA%2C+Europe%29?sf_options=desc%3D%26_options_sf&quot;,return)</favourite>
	<favourite name="PGA Tour 96" thumb="http://thegamesdb.net/banners/boxart/original/front/4555-1.jpg">ActivateWindow(10025,&quot;plugin://plugin.program.iarl/Emulator/Genesis_ZachMorris/Game/PGA+Tour+96+%28USA%2C+Europe%29?sf_options=desc%3D%26_options_sf&quot;,return)</favourite>
	<favourite name="PGA Tour 96" thumb="http://thegamesdb.net/banners/boxart/original/front/21694-1.jpg">ActivateWindow(10025,&quot;plugin://plugin.program.iarl/Emulator/GB_Classic_ZachMorris/Game/PGA+Tour+96+%28USA%2C+Europe%29+%28SGB+Enhanced%29?sf_options=desc%3D%26_options_sf&quot;,return)</favourite>
	<favourite name="PGA Tour 97" thumb="http://thegamesdb.net/banners/boxart/original/front/593-1.jpg">ActivateWindow(10025,&quot;plugin://plugin.program.iarl/Emulator/PS1_ZachMorris/Game/PGA+Tour+97+%28USA%29?sf_options=desc%3D%26_options_sf&quot;,return)</favourite>
	<favourite name="PGA Tour 97" thumb="http://thegamesdb.net/banners/boxart/original/front/11316-1.jpg">ActivateWindow(10025,&quot;plugin://plugin.program.iarl/Emulator/Sega_Saturn_ZachMorris/Game/PGA+Tour+97+%28USA%29?sf_options=desc%3D%26_options_sf&quot;,return)</favourite>
	<favourite name="PGA Tour 98" thumb="http://thegamesdb.net/banners/boxart/original/front/593-1.jpg">ActivateWindow(10025,&quot;plugin://plugin.program.iarl/Emulator/PS1_ZachMorris/Game/PGA+Tour+98+%28USA%29?sf_options=desc%3D%26_options_sf&quot;,return)</favourite>
	<favourite name="PGA Tour Golf" thumb="http://www.mobygames.com/images/covers/l/25296-pga-tour-golf-dos-front-cover.jpg">ActivateWindow(10025,&quot;plugin://plugin.program.iarl/Emulator/IA_MSDOS_ZachMorris/Game/PGA+Tour+Golf?sf_options=desc%3D%26_options_sf&quot;,return)</favourite>
	<favourite name="PGA Tour Golf" thumb="http://thegamesdb.net/banners/boxart/original/front/2964-1.jpg">ActivateWindow(10025,&quot;plugin://plugin.program.iarl/Emulator/Master_System_ZachMorris/Game/PGA+Tour+Golf+%28Europe%29?sf_options=desc%3D%26_options_sf&quot;,return)</favourite>
	<favourite name="PGA Tour Golf" thumb="http://i.imgur.com/xy0ADrV.jpg">ActivateWindow(10025,&quot;plugin://plugin.program.iarl/Emulator/SNES_ZachMorris/Game/PGA+Tour+Golf+%28USA%29+%28Rev+1%29?sf_options=desc%3D%26_options_sf&quot;,return)</favourite>
	<favourite name="PGA Tour Golf" thumb="http://thegamesdb.net/banners/boxart/original/front/25168-1.jpg">ActivateWindow(10025,&quot;plugin://plugin.program.iarl/Emulator/Game_Gear_ZachMorris/Game/PGA+Tour+Golf+%28USA%2C+Europe%29?sf_options=desc%3D%26_options_sf&quot;,return)</favourite>
	<favourite name="PGA Tour Golf" thumb="http://thegamesdb.net/banners/boxart/original/front/677-1.jpg">ActivateWindow(10025,&quot;plugin://plugin.program.iarl/Emulator/Genesis_ZachMorris/Game/PGA+Tour+Golf+%28USA%2C+Europe%29+%28v1.1%29?sf_options=desc%3D%26_options_sf&quot;,return)</favourite>
	<favourite name="PGA Tour Golf" thumb="http://static.giantbomb.com/uploads/scale_large/9/93770/2362972-sms_pgatourgolf_eu.jpg">ActivateWindow(10025,&quot;plugin://plugin.program.iarl/Emulator/Genesis_ZachMorris/Game/PGA+Tour+Golf+%28USA%2C+Europe%29+%28v1.2%29?sf_options=desc%3D%26_options_sf&quot;,return)</favourite>
	<favourite name="PGA Tour Golf II" thumb="http://thegamesdb.net/banners/boxart/original/front/25169-1.jpg">ActivateWindow(10025,&quot;plugin://plugin.program.iarl/Emulator/Game_Gear_ZachMorris/Game/PGA+Tour+Golf+II+%28USA%2C+Europe%29?sf_options=desc%3D%26_options_sf&quot;,return)</favourite>
	<favourite name="PGA Tour Golf III" thumb="http://thegamesdb.net/banners/boxart/original/front/4556-1.jpg">ActivateWindow(10025,&quot;plugin://plugin.program.iarl/Emulator/Genesis_ZachMorris/Game/PGA+Tour+Golf+III+%28USA%2C+Europe%29?sf_options=desc%3D%26_options_sf&quot;,return)</favourite>
	<favourite name="Pangya - Fantasy Golf" thumb="http://thegamesdb.net/banners/boxart/original/front/22135-1.jpg">ActivateWindow(10025,&quot;plugin://plugin.program.iarl/Emulator/PSP_N3RDFLIX/Game/Pangya+-+Fantasy+Golf+%28USA%29?sf_options=desc%3D%26_options_sf&quot;,return)</favourite>
	<favourite name="Pebble Beach - The Great Shot" thumb="http://archive.org/download/Mame172arcdcmplt/flyers.zip/pblbeach.png">ActivateWindow(10025,&quot;plugin://plugin.program.iarl/Emulator/MAME_2014_ZachMorris/Game/Pebble+Beach+-+The+Great+Shot+%28JUE+950913+V0.990%29?sf_options=desc%3D%26_options_sf&quot;,return)</favourite>
	<favourite name="Pebble Beach - The Great Shot" thumb="http://archive.org/download/Mame172arcdcmplt/flyers.zip/pblbeach.png">ActivateWindow(10025,&quot;plugin://plugin.program.iarl/Emulator/MAME_AKNF_Full/Game/Pebble+Beach+-+The+Great+Shot+%28JUE+950913+V0.990%29?sf_options=desc%3D%26_options_sf&quot;,return)</favourite>
	<favourite name="Pebble Beach - The Great Shot" thumb="http://archive.org/download/Mame172arcdcmplt/flyers.zip/pblbeach.png">ActivateWindow(10025,&quot;plugin://plugin.program.iarl/Emulator/MAME_ZachMorris/Game/Pebble+Beach+-+The+Great+Shot+%28JUE+950913+V0.990%29?sf_options=desc%3D%26_options_sf&quot;,return)</favourite>
	<favourite name="Pebble Beach Golf Links" thumb="http://thegamesdb.net/banners/boxart/original/front/4851-1.jpg">ActivateWindow(10025,&quot;plugin://plugin.program.iarl/Emulator/3DO_ZachMorris/Game/Pebble+Beach+Golf+Links+%28USA%29?sf_options=desc%3D%26_options_sf&quot;,return)</favourite>
	<favourite name="Pebble Beach Golf Links" thumb="http://thegamesdb.net/banners/boxart/original/front/11315-1.jpg">ActivateWindow(10025,&quot;plugin://plugin.program.iarl/Emulator/Sega_Saturn_ZachMorris/Game/Pebble+Beach+Golf+Links+%28USA%29?sf_options=desc%3D%26_options_sf&quot;,return)</favourite>
	<favourite name="Pebble Beach Golf Links" thumb="http://thegamesdb.net/banners/boxart/original/front/675-1.jpg">ActivateWindow(10025,&quot;plugin://plugin.program.iarl/Emulator/Genesis_ZachMorris/Game/Pebble+Beach+Golf+Links+%28USA%29?sf_options=desc%3D%26_options_sf&quot;,return)</favourite>
	<favourite name="Pebble Beach no Hatou New - Tournament Edition" thumb="http://i.imgur.com/98dk7ul.jpg">ActivateWindow(10025,&quot;plugin://plugin.program.iarl/Emulator/SNES_ZachMorris/Game/Pebble+Beach+no+Hatou+New+-+Tournament+Edition+%28Japan%29?sf_options=desc%3D%26_options_sf&quot;,return)</favourite>
	<favourite name="Peter Jacobsen" thumb="http://static.giantbomb.com/uploads/scale_large/3/30196/2005772-tee.jpg">ActivateWindow(10025,&quot;plugin://plugin.program.iarl/Emulator/PS1_ZachMorris/Game/Peter+Jacobsen%27s+Golden+Tee+Golf+%28USA%29?sf_options=desc%3D%26_options_sf&quot;,return)</favourite>
	<favourite name="Pocket Golf" thumb="http://static.giantbomb.com/uploads/scale_large/10/103881/2749632-pocket+golf+cover+front.jpg">ActivateWindow(10025,&quot;plugin://plugin.program.iarl/Emulator/GB_Classic_ZachMorris/Game/Pocket+Golf+%28Japan%29?sf_options=desc%3D%26_options_sf&quot;,return)</favourite>
	<favourite name="Poko Memorial 18th Hole Miniature Golf" thumb="http://www.mobygames.com/images/shots/l/268473-tommy-s-hollywords-dos-screenshot-title-screen.jpg">ActivateWindow(10025,&quot;plugin://plugin.program.iarl/Emulator/IA_MSDOS_ZachMorris/Game/Poko+Memorial+18th+Hole+Miniature+Golf?sf_options=desc%3D%26_options_sf&quot;,return)</favourite>
	<favourite name="Power Golf" thumb="http://static.giantbomb.com/uploads/scale_large/9/93770/1790464-power_golf__u_.jpg">ActivateWindow(10025,&quot;plugin://plugin.program.iarl/Emulator/TG16_ZachMorris/Game/Power+Golf+%28USA%29?sf_options=desc%3D%26_options_sf&quot;,return)</favourite>
	<favourite name="Pro 18 - World Tour Golf" thumb="http://static.giantbomb.com/uploads/scale_large/3/30196/2005791-pro.jpg">ActivateWindow(10025,&quot;plugin://plugin.program.iarl/Emulator/PS1_ZachMorris/Game/Pro+18+-+World+Tour+Golf+%28USA%29?sf_options=desc%3D%26_options_sf&quot;,return)</favourite>
	<favourite name="Pro Golf" thumb="https://archive.org/download/C64Games_201705/C64_Screenshots.zip/C64_Screenshots%2FPro%20Golf%20%28USA%29_snapshot1.png">ActivateWindow(10025,&quot;plugin://plugin.program.iarl/Emulator/C64_ZachMorris/Game/Pro+Golf+%28USA%29?sf_options=desc%3D%26_options_sf&quot;,return)</favourite>
	<favourite name="Pro Sports - Bowling, Tennis, and Golf" thumb="http://archive.org/download/Mame172arcdcmplt/snap.zip/prosport.png">ActivateWindow(10025,&quot;plugin://plugin.program.iarl/Emulator/MAME_ZachMorris/Game/Pro+Sports+-+Bowling%2C+Tennis%2C+and+Golf?sf_options=desc%3D%26_options_sf&quot;,return)</favourite>
	<favourite name="Pro Sports - Bowling, Tennis, and Golf" thumb="http://archive.org/download/Mame172arcdcmplt/snap.zip/prosport.png">ActivateWindow(10025,&quot;plugin://plugin.program.iarl/Emulator/MAME_2014_ZachMorris/Game/Pro+Sports+-+Bowling%2C+Tennis%2C+and+Golf+%28set+1%29?sf_options=desc%3D%26_options_sf&quot;,return)</favourite>
	<favourite name="Professional Tour Golf" thumb="https://archive.org/download/C64Games_201705/C64_Artwork.zip/Commodore%2064%20Artwork%2FProfessional%20Tour%20Golf%20%28USA%29%20%28Side%20A%29%2FCover-Professional_Tour_Golf.jpg">ActivateWindow(10025,&quot;plugin://plugin.program.iarl/Emulator/C64_ZachMorris/Game/Professional+Tour+Golf+%28USA%29?sf_options=desc%3D%26_options_sf&quot;,return)</favourite>
	<favourite name="Putt &amp; Putter" thumb="http://static.giantbomb.com/uploads/scale_large/16/164924/2476248-pnp.jpg">ActivateWindow(10025,&quot;plugin://plugin.program.iarl/Emulator/Master_System_ZachMorris/Game/Putt+%26+Putter+%28Europe%29?sf_options=desc%3D%26_options_sf&quot;,return)</favourite>
	<favourite name="Putt &amp; Putter" thumb="http://static.giantbomb.com/uploads/scale_large/16/164924/2476248-pnp.jpg">ActivateWindow(10025,&quot;plugin://plugin.program.iarl/Emulator/Game_Gear_ZachMorris/Game/Putt+%26+Putter+%28USA%2C+Europe%29?sf_options=desc%3D%26_options_sf&quot;,return)</favourite>
	<favourite name="Putter Golf" thumb="http://www.mobygames.com/images/shots/l/419678-putter-golf-genesis-screenshot-title-screen.jpg">ActivateWindow(10025,&quot;plugin://plugin.program.iarl/Emulator/Genesis_ZachMorris/Game/Putter+Golf+%28Japan%29+%28SegaNet%29?sf_options=desc%3D%26_options_sf&quot;,return)</favourite>
	<favourite name="Putter Golf" thumb="http://thegamesdb.net/banners/boxart/original/front/31156-1.jpg">ActivateWindow(10025,&quot;plugin://plugin.program.iarl/Emulator/PS1_ZachMorris/Game/Putter+Golf+%28USA%29?sf_options=desc%3D%26_options_sf&quot;,return)</favourite>
	<favourite name="RealPlay Golf" thumb="http://thegamesdb.net/banners/boxart/original/front/44666-1.jpg">ActivateWindow(10025,&quot;plugin://plugin.program.iarl/Emulator/Sony_Playstation_2_N3RDFLIX/Game/RealPlay+Golf+%28Europe%29?sf_options=desc%3D%26_options_sf&quot;,return)</favourite>
	<favourite name="Rescate En El Golfo" thumb="http://www.mobygames.com/images/shots/l/198865-rescate-en-el-golfo-dos-screenshot-graphics-mode-selection.jpg">ActivateWindow(10025,&quot;plugin://plugin.program.iarl/Emulator/IA_MSDOS_ZachMorris/Game/Rescate+En+El+Golfo?sf_options=desc%3D%26_options_sf&quot;,return)</favourite>
	<favourite name="Scratch Golf" thumb="http://thegamesdb.net/banners/boxart/original/front/25201-1.jpg">ActivateWindow(10025,&quot;plugin://plugin.program.iarl/Emulator/Game_Gear_ZachMorris/Game/Scratch+Golf+%28USA%29?sf_options=desc%3D%26_options_sf&quot;,return)</favourite>
	<favourite name="Secret of Googol 5, The - Googolfest - Party Isle - Toy Isle" thumb="">ActivateWindow(10025,&quot;plugin://plugin.program.iarl/Emulator/PS1_ZachMorris/Game/Secret+of+Googol+5%2C+The+-+Googolfest+-+Party+Isle+-+Toy+Isle+%28USA%29?sf_options=desc%3D%26_options_sf&quot;,return)</favourite>
	<favourite name="Secret of Googol 6, The - Googolfest - Arcade Isle - Moon Feast Isle" thumb="">ActivateWindow(10025,&quot;plugin://plugin.program.iarl/Emulator/PS1_ZachMorris/Game/Secret+of+Googol+6%2C+The+-+Googolfest+-+Arcade+Isle+-+Moon+Feast+Isle+%28USA%29?sf_options=desc%3D%26_options_sf&quot;,return)</favourite>
	<favourite name="Sega World Tournament Golf" thumb="http://thegamesdb.net/banners/boxart/original/front/3004-2.jpg">ActivateWindow(10025,&quot;plugin://plugin.program.iarl/Emulator/Master_System_ZachMorris/Game/Sega+World+Tournament+Golf+%28Europe%29?sf_options=desc%3D%26_options_sf&quot;,return)</favourite>
	<favourite name="Sensible Golf" thumb="http://www.mobygames.com/images/covers/l/124303-sensible-golf-dos-front-cover.jpg">ActivateWindow(10025,&quot;plugin://plugin.program.iarl/Emulator/IA_MSDOS_ZachMorris/Game/Sensible+Golf?sf_options=desc%3D%26_options_sf&quot;,return)</favourite>
	<favourite name="Serizawa Nobuo no Birdie Try" thumb="http://i.imgur.com/oN9TPVR.jpg">ActivateWindow(10025,&quot;plugin://plugin.program.iarl/Emulator/SNES_ZachMorris/Game/Serizawa+Nobuo+no+Birdie+Try+%28Japan%29?sf_options=desc%3D%26_options_sf&quot;,return)</favourite>
	<favourite name="Simpsons Itchy &amp; Scratchy, The - Miniature Golf Madness" thumb="http://thegamesdb.net/banners/boxart/original/front/18671-1.jpg">ActivateWindow(10025,&quot;plugin://plugin.program.iarl/Emulator/GB_Classic_ZachMorris/Game/Simpsons+Itchy+%26+Scratchy%2C+The+-+Miniature+Golf+Madness+%28USA%2C+Europe%29?sf_options=desc%3D%26_options_sf&quot;,return)</favourite>
	<favourite name="SimulGolf" thumb="https://archive.org/download/C64Games_201705/C64_Screenshots.zip/C64_Screenshots%2FSimulGolf_snapshot1.png">ActivateWindow(10025,&quot;plugin://plugin.program.iarl/Emulator/C64_ZachMorris/Game/SimulGolf?sf_options=desc%3D%26_options_sf&quot;,return)</favourite>
	<favourite name="Skins Game" thumb="http://archive.org/download/Mame172arcdcmplt/cabinets.zip/nss_skin.png">ActivateWindow(10025,&quot;plugin://plugin.program.iarl/Emulator/MAME_2014_ZachMorris/Game/Skins+Game+%28Nintendo+Super+System%29?sf_options=desc%3D%26_options_sf&quot;,return)</favourite>
	<favourite name="Skins Game" thumb="http://archive.org/download/Mame172arcdcmplt/cabinets.zip/nss_skin.png">ActivateWindow(10025,&quot;plugin://plugin.program.iarl/Emulator/MAME_ZachMorris/Game/Skins+Game+%28Nintendo+Super+System%29?sf_options=desc%3D%26_options_sf&quot;,return)</favourite>
	<favourite name="Sports:  22.  Neo Turf Masters / Big Tournament Golf" thumb="http://archive.org/download/Mame172arcdcmplt/flyers.zip/turfmast.png">ActivateWindow(10025,&quot;plugin://plugin.program.iarl/Emulator/MAME_Bestof_ZachMorris/Game/Sports%3A++22.++Neo+Turf+Masters+%2F+Big+Tournament+Golf?sf_options=desc%3D%26_options_sf&quot;,return)</favourite>
	<favourite name="Sports:  5.  Golden Tee Classic" thumb="http://thegamesdb.net/banners/boxart/original/front/12264-1.jpg">ActivateWindow(10025,&quot;plugin://plugin.program.iarl/Emulator/MAME_Bestof_ZachMorris/Game/Sports%3A++5.++Golden+Tee+Classic?sf_options=desc%3D%26_options_sf&quot;,return)</favourite>
	<favourite name="Sports Illustrated - Golf Classic" thumb="http://thegamesdb.net/banners/boxart/original/front/24124-1.png">ActivateWindow(10025,&quot;plugin://plugin.program.iarl/Emulator/GB_Classic_ZachMorris/Game/Sports+Illustrated+-+Golf+Classic+%28USA%29+%28SGB+Enhanced%29?sf_options=desc%3D%26_options_sf&quot;,return)</favourite>
	<favourite name="St. Andrews - Eikou to Rekishi no Old Course" thumb="http://i.imgur.com/gSXNiMy.jpg">ActivateWindow(10025,&quot;plugin://plugin.program.iarl/Emulator/SNES_ZachMorris/Game/St.+Andrews+-+Eikou+to+Rekishi+no+Old+Course+%28Japan%29?sf_options=desc%3D%26_options_sf&quot;,return)</favourite>
	<favourite name="Super Albatross" thumb="http://www.giantbomb.com/api/image/scale_large/2797281-8333105244-55780.jpg">ActivateWindow(10025,&quot;plugin://plugin.program.iarl/Emulator/PCE_CD_ZachMorris/Game/Super+Albatross+%28Japan%29+%28Rev+3%29?sf_options=desc%3D%26_options_sf&quot;,return)</favourite>
	<favourite name="Super Crowns Golf" thumb="http://archive.org/download/Mame172arcdcmplt/snap.zip/suprgolf.png">ActivateWindow(10025,&quot;plugin://plugin.program.iarl/Emulator/MAME_ZachMorris/Game/Super+Crowns+Golf+%28World%29?sf_options=desc%3D%26_options_sf&quot;,return)</favourite>
	<favourite name="Super Eagle Shot" thumb="http://archive.org/download/Mame172arcdcmplt/snap.zip/speglsht.png">ActivateWindow(10025,&quot;plugin://plugin.program.iarl/Emulator/MAME_ZachMorris/Game/Super+Eagle+Shot?sf_options=desc%3D%26_options_sf&quot;,return)</favourite>
	<favourite name="Super Golf" thumb="http://thegamesdb.net/banners/boxart/original/front/2801-1.jpg">ActivateWindow(10025,&quot;plugin://plugin.program.iarl/Emulator/Master_System_ZachMorris/Game/Super+Golf+%28Europe%29+%28Beta%29?sf_options=desc%3D%26_options_sf&quot;,return)</favourite>
	<favourite name="Super Golf" thumb="http://thegamesdb.net/banners/boxart/original/front/25231-1.jpg">ActivateWindow(10025,&quot;plugin://plugin.program.iarl/Emulator/Game_Gear_ZachMorris/Game/Super+Golf+%28USA%29?sf_options=desc%3D%26_options_sf&quot;,return)</favourite>
	<favourite name="Super Masters Golf" thumb="http://archive.org/download/Mame172arcdcmplt/flyers.zip/sgmast.png">ActivateWindow(10025,&quot;plugin://plugin.program.iarl/Emulator/MAME_ZachMorris/Game/Super+Masters+Golf+%28World%3F%2C+Floppy+Based%2C+FD1094+317-0058-05d%3F%29?sf_options=desc%3D%26_options_sf&quot;,return)</favourite>
	<favourite name="Super Masters Golf" thumb="http://archive.org/download/Mame172arcdcmplt/flyers.zip/sgmast.png">ActivateWindow(10025,&quot;plugin://plugin.program.iarl/Emulator/MAME_2014_ZachMorris/Game/Super+Masters+Golf+%28World%3F%2C+Floppy+Based%2C+FD1094+317-0058-05d%3F%29?sf_options=desc%3D%26_options_sf&quot;,return)</favourite>
	<favourite name="Super Naxat Open - Golf de Shoubu da Dorabocchan" thumb="http://i.imgur.com/XpH4HpP.jpg">ActivateWindow(10025,&quot;plugin://plugin.program.iarl/Emulator/SNES_ZachMorris/Game/Super+Naxat+Open+-+Golf+de+Shoubu+da+Dorabocchan+%28Japan%29?sf_options=desc%3D%26_options_sf&quot;,return)</favourite>
	<favourite name="T&amp;E VR Golf - Devil" thumb="http://s.uvlist.net/l/y2006/11/30253.jpg">ActivateWindow(10025,&quot;plugin://plugin.program.iarl/Emulator/3DO_ZachMorris/Game/T%26E+VR+Golf+-+Devil%27s+Course+%28Japan%29?sf_options=desc%3D%26_options_sf&quot;,return)</favourite>
	<favourite name="T&amp;E VR Golf - Masters - Harukanaru Augusta 3" thumb="http://www.giantbomb.com/api/image/scale_large/2193967-masters_new_harukanaru_augusta_3.jpg">ActivateWindow(10025,&quot;plugin://plugin.program.iarl/Emulator/3DO_ZachMorris/Game/T%26E+VR+Golf+-+Masters+-+Harukanaru+Augusta+3+%28Japan%29?sf_options=desc%3D%26_options_sf&quot;,return)</favourite>
	<favourite name="T&amp;E VR Golf - Pebble Beach no Hatou" thumb="http://thegamesdb.net/banners/boxart/original/front/4851-1.jpg">ActivateWindow(10025,&quot;plugin://plugin.program.iarl/Emulator/3DO_ZachMorris/Game/T%26E+VR+Golf+-+Pebble+Beach+no+Hatou+%28Japan%29?sf_options=desc%3D%26_options_sf&quot;,return)</favourite>
	<favourite name="T&amp;E VR Golf - Waialae no Kiseki" thumb="http://img.gamefaqs.net/box/4/7/0/51470_front.jpg">ActivateWindow(10025,&quot;plugin://plugin.program.iarl/Emulator/3DO_ZachMorris/Game/T%26E+VR+Golf+-+Waialae+no+Kiseki+%28Japan%29?sf_options=desc%3D%26_options_sf&quot;,return)</favourite>
	<favourite name="Tecmo World Golf - Japan" thumb="http://thegamesdb.net/banners/boxart/original/front/13558-1.jpg">ActivateWindow(10025,&quot;plugin://plugin.program.iarl/Emulator/PS1_ZachMorris/Game/Tecmo+World+Golf+-+Japan+%28USA%29?sf_options=desc%3D%26_options_sf&quot;,return)</favourite>
	<favourite name="Tee" thumb="http://archive.org/download/Mame172arcdcmplt/flyers.zip/teedoff.png">ActivateWindow(10025,&quot;plugin://plugin.program.iarl/Emulator/MAME_ZachMorris/Game/Tee%27d+Off+%28Japan%29?sf_options=desc%3D%26_options_sf&quot;,return)</favourite>
	<favourite name="Tee" thumb="http://archive.org/download/Mame172arcdcmplt/flyers.zip/teedoff.png">ActivateWindow(10025,&quot;plugin://plugin.program.iarl/Emulator/MAME_2014_ZachMorris/Game/Tee%27d+Off+%28Japan%29?sf_options=desc%3D%26_options_sf&quot;,return)</favourite>
	<favourite name="Tee Off" thumb="http://thegamesdb.net/banners/boxart/original/front/8328-1.jpg">ActivateWindow(10025,&quot;plugin://plugin.program.iarl/Emulator/Sega_Dreamcast_ZachMorris/Game/Tee+Off+%28USA%29?sf_options=desc%3D%26_options_sf&quot;,return)</favourite>
	<favourite name="Tiger Woods 99 PGA Tour Golf" thumb="http://thegamesdb.net/banners/boxart/original/front/13522-1.jpg">ActivateWindow(10025,&quot;plugin://plugin.program.iarl/Emulator/PS1_ZachMorris/Game/Tiger+Woods+99+PGA+Tour+Golf+%28USA%29+%28v1.1%29?sf_options=desc%3D%26_options_sf&quot;,return)</favourite>
	<favourite name="Tiger Woods PGA Tour 2000" thumb="http://thegamesdb.net/banners/boxart/original/front/13521-1.jpg">ActivateWindow(10025,&quot;plugin://plugin.program.iarl/Emulator/PS1_ZachMorris/Game/Tiger+Woods+PGA+Tour+2000+%28USA%29?sf_options=desc%3D%26_options_sf&quot;,return)</favourite>
	<favourite name="Tiger Woods PGA Tour 2000" thumb="http://thegamesdb.net/banners/boxart/original/front/22091-1.jpg">ActivateWindow(10025,&quot;plugin://plugin.program.iarl/Emulator/GBC_ZachMorris/Game/Tiger+Woods+PGA+Tour+2000+%28USA%2C+Europe%29?sf_options=desc%3D%26_options_sf&quot;,return)</favourite>
	<favourite name="Tiger Woods PGA Tour Golf" thumb="http://thegamesdb.net/banners/boxart/original/front/13523-1.jpg">ActivateWindow(10025,&quot;plugin://plugin.program.iarl/Emulator/PS1_ZachMorris/Game/Tiger+Woods+PGA+Tour+Golf+%28USA%29?sf_options=desc%3D%26_options_sf&quot;,return)</favourite>
	<favourite name="Tiger Woods PGA Tour Golf" thumb="http://thegamesdb.net/banners/boxart/original/front/22325-1.jpg">ActivateWindow(10025,&quot;plugin://plugin.program.iarl/Emulator/GBA_ZachMorris/Game/Tiger+Woods+PGA+Tour+Golf+%28USA%2C+Europe%29?sf_options=desc%3D%26_options_sf&quot;,return)</favourite>
	<favourite name="Top Player" thumb="http://thegamesdb.net/banners/boxart/original/front/10484-1.jpg">ActivateWindow(10025,&quot;plugin://plugin.program.iarl/Emulator/Neo_Geo_CD_ZachMorris/Game/Top+Player%27s+Golf+%28Jpn%2C+USA%29?sf_options=desc%3D%26_options_sf&quot;,return)</favourite>
	<favourite name="Top Player" thumb="http://archive.org/download/Mame172arcdcmplt/flyers.zip/tpgolf.png">ActivateWindow(10025,&quot;plugin://plugin.program.iarl/Emulator/MAME_2014_ZachMorris/Game/Top+Player%27s+Golf+%28NGM-003%29%28NGH-003%29?sf_options=desc%3D%26_options_sf&quot;,return)</favourite>
	<favourite name="Top Player" thumb="http://archive.org/download/Mame172arcdcmplt/flyers.zip/tpgolf.png">ActivateWindow(10025,&quot;plugin://plugin.program.iarl/Emulator/MAME_ZachMorris/Game/Top+Player%27s+Golf+%28NGM-003+%7E+NGH-003%29?sf_options=desc%3D%26_options_sf&quot;,return)</favourite>
	<favourite name="Top Player" thumb="http://images.launchbox-app.com/tpgolf.png">ActivateWindow(10025,&quot;plugin://plugin.program.iarl/Emulator/FBA_ZachMorris/Game/Top+Player%27s+Golf+%28NGM-003+%7E+NGH-003%29?sf_options=desc%3D%26_options_sf&quot;,return)</favourite>
	<favourite name="Top Pro Golf" thumb="http://thegamesdb.net/banners/boxart/original/front/20538-1.jpg">ActivateWindow(10025,&quot;plugin://plugin.program.iarl/Emulator/Genesis_ZachMorris/Game/Top+Pro+Golf+%28Japan%29?sf_options=desc%3D%26_options_sf&quot;,return)</favourite>
	<favourite name="Top Pro Golf 2" thumb="http://thegamesdb.net/banners/boxart/original/front/3892-1.jpg">ActivateWindow(10025,&quot;plugin://plugin.program.iarl/Emulator/Genesis_ZachMorris/Game/Top+Pro+Golf+2+%28Japan%29?sf_options=desc%3D%26_options_sf&quot;,return)</favourite>
	<favourite name="Tournament Golf" thumb="https://archive.org/download/C64Games_201705/C64_Artwork.zip/Commodore%2064%20Artwork%2FTournament%20Golf%20%28USA%29%20%28Side%20A%29%20%28North%20Course%29%2FCover-Tournament_Golf.jpg">ActivateWindow(10025,&quot;plugin://plugin.program.iarl/Emulator/C64_ZachMorris/Game/Tournament+Golf+%28USA%29++%28North+Course%29?sf_options=desc%3D%26_options_sf&quot;,return)</favourite>
	<favourite name="Tournament Pro Golf" thumb="http://archive.org/download/Mame172arcdcmplt/flyers.zip/cprogolf.png">ActivateWindow(10025,&quot;plugin://plugin.program.iarl/Emulator/MAME_2014_ZachMorris/Game/Tournament+Pro+Golf+%28DECO+Cassette%29?sf_options=desc%3D%26_options_sf&quot;,return)</favourite>
	<favourite name="Tournament Pro Golf" thumb="http://archive.org/download/Mame172arcdcmplt/flyers.zip/cprogolf.png">ActivateWindow(10025,&quot;plugin://plugin.program.iarl/Emulator/MAME_ZachMorris/Game/Tournament+Pro+Golf+%28DECO+Cassette%29+%28US%29?sf_options=desc%3D%26_options_sf&quot;,return)</favourite>
	<favourite name="True Golf Classics - Pebble Beach Golf Links" thumb="http://thegamesdb.net/banners/boxart/original/front/4851-1.jpg">ActivateWindow(10025,&quot;plugin://plugin.program.iarl/Emulator/3DO_ZachMorris/Game/True+Golf+Classics+-+Pebble+Beach+Golf+Links+%28Europe%29?sf_options=desc%3D%26_options_sf&quot;,return)</favourite>
	<favourite name="True Golf Classics - Pebble Beach Golf Links" thumb="http://i.imgur.com/LHodUNG.jpg">ActivateWindow(10025,&quot;plugin://plugin.program.iarl/Emulator/SNES_ZachMorris/Game/True+Golf+Classics+-+Pebble+Beach+Golf+Links+%28USA%29?sf_options=desc%3D%26_options_sf&quot;,return)</favourite>
	<favourite name="True Golf Classics - Waialae Country Club" thumb="http://i.imgur.com/vzB3nNG.jpg">ActivateWindow(10025,&quot;plugin://plugin.program.iarl/Emulator/SNES_ZachMorris/Game/True+Golf+Classics+-+Waialae+Country+Club+%28USA%29?sf_options=desc%3D%26_options_sf&quot;,return)</favourite>
	<favourite name="True Golf Classics - Wicked 18" thumb="http://i.imgur.com/Pzt6xXA.jpg">ActivateWindow(10025,&quot;plugin://plugin.program.iarl/Emulator/SNES_ZachMorris/Game/True+Golf+Classics+-+Wicked+18+%28USA%29?sf_options=desc%3D%26_options_sf&quot;,return)</favourite>
	<favourite name="True Swing Golf" thumb="http://thegamesdb.net/banners/boxart/original/front/12841-1.jpg">ActivateWindow(10025,&quot;plugin://plugin.program.iarl/Emulator/NINTENDO_DS_N3RDFLIX/Game/True+Swing+Golf+%28USA%29?sf_options=desc%3D%26_options_sf&quot;,return)</favourite>
	<favourite name="U.S. Classic" thumb="http://archive.org/download/Mame172arcdcmplt/flyers.zip/usclssic.png">ActivateWindow(10025,&quot;plugin://plugin.program.iarl/Emulator/MAME_ZachMorris/Game/U.S.+Classic?sf_options=desc%3D%26_options_sf&quot;,return)</favourite>
	<favourite name="U.S. Classic" thumb="http://archive.org/download/Mame172arcdcmplt/flyers.zip/usclssic.png">ActivateWindow(10025,&quot;plugin://plugin.program.iarl/Emulator/MAME_2014_ZachMorris/Game/U.S.+Classic?sf_options=desc%3D%26_options_sf&quot;,return)</favourite>
	<favourite name="Ultra Golf" thumb="http://thegamesdb.net/banners/boxart/original/front/21800-1.jpg">ActivateWindow(10025,&quot;plugin://plugin.program.iarl/Emulator/GB_Classic_ZachMorris/Game/Ultra+Golf+%28USA%29?sf_options=desc%3D%26_options_sf&quot;,return)</favourite>
	<favourite name="VR Golf " thumb="http://thegamesdb.net/banners/boxart/original/front/13373-1.jpg">ActivateWindow(10025,&quot;plugin://plugin.program.iarl/Emulator/PS1_ZachMorris/Game/VR+Golf+%2797+%28USA%29+%28En%2CFr%29?sf_options=desc%3D%26_options_sf&quot;,return)</favourite>
	<favourite name="Vs. Stroke &amp; Match Golf" thumb="http://archive.org/download/Mame172arcdcmplt/flyers.zip/ladygolf.png">ActivateWindow(10025,&quot;plugin://plugin.program.iarl/Emulator/MAME_2014_ZachMorris/Game/Vs.+Stroke+%26+Match+Golf+%28Ladies+Version%2C+set+LG4+%3F%29?sf_options=desc%3D%26_options_sf&quot;,return)</favourite>
	<favourite name="Vs. Stroke &amp; Match Golf" thumb="http://archive.org/download/Mame172arcdcmplt/flyers.zip/smgolf.png">ActivateWindow(10025,&quot;plugin://plugin.program.iarl/Emulator/MAME_ZachMorris/Game/Vs.+Stroke+%26+Match+Golf+%28Men+Version%2C+set+GF4-2+F%29?sf_options=desc%3D%26_options_sf&quot;,return)</favourite>
	<favourite name="Vs. Stroke &amp; Match Golf" thumb="http://archive.org/download/Mame172arcdcmplt/flyers.zip/smgolf.png">ActivateWindow(10025,&quot;plugin://plugin.program.iarl/Emulator/MAME_2014_ZachMorris/Game/Vs.+Stroke+%26+Match+Golf+%28Men+Version%2C+set+GF4-2+F%29?sf_options=desc%3D%26_options_sf&quot;,return)</favourite>
	<favourite name="Waialae Country Club" thumb="http://thegamesdb.net/banners/boxart/original/front/10155-1.jpg">ActivateWindow(10025,&quot;plugin://plugin.program.iarl/Emulator/3DO_ZachMorris/Game/Waialae+Country+Club+%28USA%29?sf_options=desc%3D%26_options_sf&quot;,return)</favourite>
	<favourite name="Waialae Country Club - True Golf Classics" thumb="http://static.giantbomb.com/uploads/scale_large/0/5578/446792-waialae_country_club.jpg">ActivateWindow(10025,&quot;plugin://plugin.program.iarl/Emulator/N64_ZachMorris/Game/Waialae+Country+Club+-+True+Golf+Classics+%28USA%29+%28Rev+A%29?sf_options=desc%3D%26_options_sf&quot;,return)</favourite>
	<favourite name="Will Harvey" thumb="http://www.mobygames.com/images/covers/l/222685-will-harvey-s-zany-golf-dos-front-cover.jpg">ActivateWindow(10025,&quot;plugin://plugin.program.iarl/Emulator/IA_MSDOS_ZachMorris/Game/Will+Harvey%27s+Zany+Golf?sf_options=desc%3D%26_options_sf&quot;,return)</favourite>
	<favourite name="Wilson ProStaff Golf" thumb="http://www.mobygames.com/images/covers/l/244483-wilson-prostaff-golf-dos-front-cover.jpg">ActivateWindow(10025,&quot;plugin://plugin.program.iarl/Emulator/IA_MSDOS_ZachMorris/Game/Wilson+ProStaff+Golf?sf_options=desc%3D%26_options_sf&quot;,return)</favourite>
	<favourite name="World Class Leader Board" thumb="http://www.mobygames.com/images/covers/l/665-world-class-leader-board-dos-front-cover.jpg">ActivateWindow(10025,&quot;plugin://plugin.program.iarl/Emulator/IA_MSDOS_ZachMorris/Game/World+Class+Leader+Board?sf_options=desc%3D%26_options_sf&quot;,return)</favourite>
	<favourite name="World Class Leader Board" thumb="http://thegamesdb.net/banners/boxart/original/front/3113-1.jpg">ActivateWindow(10025,&quot;plugin://plugin.program.iarl/Emulator/Master_System_ZachMorris/Game/World+Class+Leader+Board+%28Europe%29?sf_options=desc%3D%26_options_sf&quot;,return)</favourite>
	<favourite name="World Class Leader Board" thumb="http://thegamesdb.net/banners/boxart/original/front/4735-1.jpg">ActivateWindow(10025,&quot;plugin://plugin.program.iarl/Emulator/Genesis_ZachMorris/Game/World+Class+Leader+Board+%28Europe%29?sf_options=desc%3D%26_options_sf&quot;,return)</favourite>
	<favourite name="World Class Leader Board" thumb="http://thegamesdb.net/banners/boxart/original/front/25342-1.jpg">ActivateWindow(10025,&quot;plugin://plugin.program.iarl/Emulator/Game_Gear_ZachMorris/Game/World+Class+Leader+Board+%28USA%2C+Europe%29?sf_options=desc%3D%26_options_sf&quot;,return)</favourite>
	<favourite name="World Class Leaderboard" thumb="https://archive.org/download/C64Games_201705/C64_Artwork.zip/Commodore%2064%20Artwork%2FWorld%20Class%20Leaderboard%20%28USA%29%20%28Side%20A%29%2F%5B1.Front%5D%20Front1.jpg">ActivateWindow(10025,&quot;plugin://plugin.program.iarl/Emulator/C64_ZachMorris/Game/World+Class+Leaderboard+%28USA%29?sf_options=desc%3D%26_options_sf&quot;,return)</favourite>
	<favourite name="World Class Leaderboard Golf" thumb="http://thegamesdb.net/banners/boxart/original/front/4735-1.jpg">ActivateWindow(10025,&quot;plugin://plugin.program.iarl/Emulator/Genesis_ZachMorris/Game/World+Class+Leaderboard+Golf+%28USA%29?sf_options=desc%3D%26_options_sf&quot;,return)</favourite>
	<favourite name="World Cup Golf" thumb="http://www.mobygames.com/images/covers/l/326957-world-cup-golf-hyatt-dorado-beach-dos-front-cover.jpg">ActivateWindow(10025,&quot;plugin://plugin.program.iarl/Emulator/3DO_ZachMorris/Game/World+Cup+Golf+%28Europe%29?sf_options=desc%3D%26_options_sf&quot;,return)</favourite>
	<favourite name="World Cup Golf - In Hyatt Dorado Beach" thumb="">ActivateWindow(10025,&quot;plugin://plugin.program.iarl/Emulator/Sega_Saturn_ZachMorris/Game/World+Cup+Golf+-+In+Hyatt+Dorado+Beach+%28Japan%29+%28En%2CJa%29?sf_options=desc%3D%26_options_sf&quot;,return)</favourite>
	<favourite name="World Cup Golf - Professional Edition" thumb="http://thegamesdb.net/banners/boxart/original/front/11652-1.jpg">ActivateWindow(10025,&quot;plugin://plugin.program.iarl/Emulator/PS1_ZachMorris/Game/World+Cup+Golf+-+Professional+Edition+%28USA%29?sf_options=desc%3D%26_options_sf&quot;,return)</favourite>
	<favourite name="World Masters Golf" thumb="http://i.imgur.com/25rP4do.jpg">ActivateWindow(10025,&quot;plugin://plugin.program.iarl/Emulator/SNES_ZachMorris/Game/World+Masters+Golf+%28Europe%29?sf_options=desc%3D%26_options_sf&quot;,return)</favourite>
	<favourite name="World Tour Golf" thumb="http://www.mobygames.com/images/covers/l/8879-world-tour-golf-dos-front-cover.jpg">ActivateWindow(10025,&quot;plugin://plugin.program.iarl/Emulator/IA_MSDOS_ZachMorris/Game/World+Tour+Golf?sf_options=desc%3D%26_options_sf&quot;,return)</favourite>
	<favourite name="World Tour Golf" thumb="https://archive.org/download/C64Games_201705/C64_Artwork.zip/Commodore%2064%20Artwork%2FWorld%20Tour%20Golf%20%28USA%29%20%28Side%20A%29%2FCover-World_Tour_Golf.jpg">ActivateWindow(10025,&quot;plugin://plugin.program.iarl/Emulator/C64_ZachMorris/Game/World+Tour+Golf+%28USA%29?sf_options=desc%3D%26_options_sf&quot;,return)</favourite>
	<favourite name="Zany Golf" thumb="http://thegamesdb.net/banners/boxart/original/front/4747-1.jpg">ActivateWindow(10025,&quot;plugin://plugin.program.iarl/Emulator/Genesis_ZachMorris/Game/Zany+Golf+%28USA%2C+Europe%29?sf_options=desc%3D%26_options_sf&quot;,return)</favourite>
	<favourite name="Zany Golf" thumb="http://thegamesdb.net/banners/boxart/original/front/4747-1.jpg">ActivateWindow(10025,&quot;plugin://plugin.program.iarl/Emulator/Genesis_ZachMorris/Game/Zany+Golf+%28USA%2C+Europe%29+%28v1.1%29?sf_options=desc%3D%26_options_sf&quot;,return)</favourite>
</favourites>