<?xml version='1.0' encoding='UTF-8'?>
<shortcuts>
	<shortcut>
		<defaultID>plugin.program.iarl/Emulator/FBA_ZachMorris/1</defaultID>
		<label>Final Burn Alpha</label>
		<label2>Favourite</label2>
		<icon>special://skin/extras/icons/files.png</icon>
		<thumb>http://i.imgur.com/vMusn2o.jpg</thumb>
		<action>ActivateWindow(10025,"plugin://plugin.program.iarl/Emulator/FBA_ZachMorris/1",return)</action>
	</shortcut>
	<shortcut>
		<defaultID>plugin.program.iarl/Emulator/MAME_AKNF_Full/1</defaultID>
		<label>MAME - All Killer No Filler</label>
		<label2>Favourite</label2>
		<icon>special://skin/extras/icons/files.png</icon>
		<thumb>special://home/addons/plugin.program.iarl/resources/skins/Default/media/aknf_boxart.jpg</thumb>
		<action>ActivateWindow(10025,"plugin://plugin.program.iarl/Emulator/MAME_AKNF_Full/1",return)</action>
	</shortcut>
	<shortcut>
		<defaultID>plugin.program.iarl/Emulator/MAME_CHD_ZachMorris/1</defaultID>
		<label>MAME - CHD Games</label>
		<label2>Favourite</label2>
		<icon>special://skin/extras/icons/files.png</icon>
		<thumb>http://i.imgur.com/I49bCV1.jpg</thumb>
		<action>ActivateWindow(10025,"plugin://plugin.program.iarl/Emulator/MAME_CHD_ZachMorris/1",return)</action>
	</shortcut>
	<shortcut>
		<defaultID>plugin.program.iarl/Emulator/MAME_ZachMorris/1</defaultID>
		<label>MAME - Multiple Arcade Machine Emulator</label>
		<label2>Favourite</label2>
		<icon>special://skin/extras/icons/files.png</icon>
		<thumb>special://home/addons/plugin.program.iarl/resources/skins/Default/media/23-1.jpg</thumb>
		<action>ActivateWindow(10025,"plugin://plugin.program.iarl/Emulator/MAME_ZachMorris/1",return)</action>
	</shortcut>
	<shortcut>
		<defaultID>plugin.program.iarl/Emulator/MAME_2003_ZachMorris/1</defaultID>
		<label>MAME - 2003</label>
		<label2>Favourite</label2>
		<icon>special://skin/extras/icons/files.png</icon>
		<thumb>http://i.imgur.com/hwhaSAi.jpg</thumb>
		<action>ActivateWindow(10025,"plugin://plugin.program.iarl/Emulator/MAME_2003_ZachMorris/1",return)</action>
	</shortcut>
</shortcuts>
