<favourites>
	<favourite name="Animaniacs" thumb="http://i.imgur.com/XotSTeo.jpg">ActivateWindow(10025,&quot;plugin://plugin.program.iarl/Emulator/SNES_ZachMorris/Game/Animaniacs+%28USA%29?sf_options=desc%3D%26_options_sf&quot;,return)</favourite>
	<favourite name="Animaniacs" thumb="http://thegamesdb.net/banners/boxart/original/front/4185-1.png">ActivateWindow(10025,&quot;plugin://plugin.program.iarl/Emulator/Genesis_ZachMorris/Game/Animaniacs+%28USA%29?sf_options=desc%3D%26_options_sf&quot;,return)</favourite>
	<favourite name="Animaniacs" thumb="http://thegamesdb.net/banners/boxart/original/front/11197-1.jpg">ActivateWindow(10025,&quot;plugin://plugin.program.iarl/Emulator/GB_Classic_ZachMorris/Game/Animaniacs+%28USA%29+%28SGB+Enhanced%29?sf_options=desc%3D%26_options_sf&quot;,return)</favourite>
	<favourite name="Animaniacs - Lights, Camera, Action!" thumb="http://thegamesdb.net/banners/boxart/original/front/16041-1.jpg">ActivateWindow(10025,&quot;plugin://plugin.program.iarl/Emulator/NINTENDO_DS_N3RDFLIX/Game/Animaniacs+-+Lights%2C+Camera%2C+Action%21+%28Europe%29?sf_options=desc%3D%26_options_sf&quot;,return)</favourite>
	<favourite name="Animaniacs - Lights, Camera, Action!" thumb="http://thegamesdb.net/banners/boxart/original/front/14168-1.jpg">ActivateWindow(10025,&quot;plugin://plugin.program.iarl/Emulator/GBA_ZachMorris/Game/Animaniacs+-+Lights%2C+Camera%2C+Action%21+%28Europe%29+%28En%2CFr%2CDe%2CEs%2CIt%29?sf_options=desc%3D%26_options_sf&quot;,return)</favourite>
	<favourite name="Animaniacs - Ten Pin Alley" thumb="http://thegamesdb.net/banners/boxart/original/front/12175-1.jpg">ActivateWindow(10025,&quot;plugin://plugin.program.iarl/Emulator/PS1_ZachMorris/Game/Animaniacs+-+Ten+Pin+Alley+%28USA%29?sf_options=desc%3D%26_options_sf&quot;,return)</favourite>
	<favourite name="Animaniacs - The Great Edgar Hunt" thumb="http://thegamesdb.net/banners/boxart/original/front/29804-1.jpg">ActivateWindow(10025,&quot;plugin://plugin.program.iarl/Emulator/Sony_Playstation_2_N3RDFLIX/Game/Animaniacs+-+The+Great+Edgar+Hunt+%28Europe%29?sf_options=desc%3D%26_options_sf&quot;,return)</favourite>
	<favourite name="Animaniacs - The Great Edgar Hunt" thumb="http://thegamesdb.net/banners/boxart/original/front/6276-1.jpg">ActivateWindow(10025,&quot;plugin://plugin.program.iarl/Emulator/Nintendo_Gamecube_N3RDFLIX/Game/Animaniacs+-+The+Great+Edgar+Hunt+%28Europe%29?sf_options=desc%3D%26_options_sf&quot;,return)</favourite>
    <favourite name="Animaniacs - Lights, Camera, Action!" thumb="http://thegamesdb.net/banners/boxart/original/front/16041-1.jpg">ActivateWindow(10025,&quot;plugin://plugin.program.iarl/Emulator/NINTENDO_DS_N3RDFLIX/Game/Animaniacs+-+Lights%2C+Camera%2C+Action%21+%28Europe%29?sf_options=desc%3D%26_options_sf&quot;,return)</favourite>
	<favourite name="Animaniacs - The Great Edgar Hunt" thumb="http://thegamesdb.net/banners/boxart/original/front/29804-1.jpg">ActivateWindow(10025,&quot;plugin://plugin.program.iarl/Emulator/Sony_Playstation_2_N3RDFLIX/Game/Animaniacs+-+The+Great+Edgar+Hunt+%28Europe%29?sf_options=desc%3D%26_options_sf&quot;,return)</favourite>
	<favourite name="Animaniacs - The Great Edgar Hunt" thumb="http://thegamesdb.net/banners/boxart/original/front/6276-1.jpg">ActivateWindow(10025,&quot;plugin://plugin.program.iarl/Emulator/Nintendo_Gamecube_N3RDFLIX/Game/Animaniacs+-+The+Great+Edgar+Hunt+%28Europe%29?sf_options=desc%3D%26_options_sf&quot;,return)</favourite>
</favourites>