<favourites>
	<favourite name="Tekken - Dark Resurrection" thumb="http://thegamesdb.net/banners/boxart/original/front/16937-1.png">ActivateWindow(10025,&quot;plugin://plugin.program.iarl/Emulator/PSP_N3RDFLIX/Game/Tekken+-+Dark+Resurrection+%28USA%29?sf_options=desc%3D%26_options_sf&quot;,return)</favourite>
	<favourite name="Tekken" thumb="http://thegamesdb.net/banners/boxart/original/front/2612-1.jpg">ActivateWindow(10025,&quot;plugin://plugin.program.iarl/Emulator/PS1_ZachMorris/Game/Tekken+%28USA%29?sf_options=desc%3D%26_options_sf&quot;,return)</favourite>
	<favourite name="Tekken" thumb="http://thegamesdb.net/banners/boxart/original/front/28620-1.png">ActivateWindow(10025,&quot;plugin://plugin.program.iarl/Emulator/MAME_2014_ZachMorris/Game/Tekken+%28World%2C+TE4%2FVER.C%29?sf_options=desc%3D%26_options_sf&quot;,return)</favourite>
	<favourite name="Tekken" thumb="http://thegamesdb.net/banners/boxart/original/front/28620-1.png">ActivateWindow(10025,&quot;plugin://plugin.program.iarl/Emulator/MAME_ZachMorris/Game/Tekken+%28World%2C+TE4%2FVER.C%29?sf_options=desc%3D%26_options_sf&quot;,return)</favourite>
	<favourite name="Tekken 2" thumb="http://thegamesdb.net/banners/boxart/original/front/2613-1.jpg">ActivateWindow(10025,&quot;plugin://plugin.program.iarl/Emulator/PS1_ZachMorris/Game/Tekken+2+%28USA%29+%28v1.1%29?sf_options=desc%3D%26_options_sf&quot;,return)</favourite>
	<favourite name="Tekken 2" thumb="">ActivateWindow(10025,&quot;plugin://plugin.program.iarl/Emulator/SNES_ZachMorris/Game/Tekken+2+%28World%29+%28Unl%29+%28Pirate%29?sf_options=desc%3D%26_options_sf&quot;,return)</favourite>
	<favourite name="Tekken 2 Ver.B" thumb="http://archive.org/download/Mame172arcdcmplt/flyers.zip/tekken2.png">ActivateWindow(10025,&quot;plugin://plugin.program.iarl/Emulator/MAME_2014_ZachMorris/Game/Tekken+2+Ver.B+%28US%2C+TES3%2FVER.D%29?sf_options=desc%3D%26_options_sf&quot;,return)</favourite>
	<favourite name="Tekken 2 Ver.B" thumb="http://archive.org/download/Mame172arcdcmplt/flyers.zip/tekken2.png">ActivateWindow(10025,&quot;plugin://plugin.program.iarl/Emulator/MAME_AKNF_Full/Game/Tekken+2+Ver.B+%28US%2C+TES3%2FVER.D%29?sf_options=desc%3D%26_options_sf&quot;,return)</favourite>
	<favourite name="Tekken 2 Ver.B" thumb="http://archive.org/download/Mame172arcdcmplt/flyers.zip/tekken2.png">ActivateWindow(10025,&quot;plugin://plugin.program.iarl/Emulator/MAME_ZachMorris/Game/Tekken+2+Ver.B+%28US%2C+TES3%2FVER.D%29?sf_options=desc%3D%26_options_sf&quot;,return)</favourite>
	<favourite name="Tekken 3" thumb="http://thegamesdb.net/banners/boxart/original/front/28623-1.jpg">ActivateWindow(10025,&quot;plugin://plugin.program.iarl/Emulator/MAME_AKNF_Full/Game/Tekken+3+%28Japan%2C+TET1%2FVER.E1%29?sf_options=desc%3D%26_options_sf&quot;,return)</favourite>
	<favourite name="Tekken 3" thumb="http://thegamesdb.net/banners/boxart/original/front/28623-1.jpg">ActivateWindow(10025,&quot;plugin://plugin.program.iarl/Emulator/MAME_ZachMorris/Game/Tekken+3+%28Japan%2C+TET1%2FVER.E1%29?sf_options=desc%3D%26_options_sf&quot;,return)</favourite>
	<favourite name="Tekken 3" thumb="http://thegamesdb.net/banners/boxart/original/front/28623-1.jpg">ActivateWindow(10025,&quot;plugin://plugin.program.iarl/Emulator/MAME_2014_ZachMorris/Game/Tekken+3+%28Japan%2C+TET1%2FVER.E1%29?sf_options=desc%3D%26_options_sf&quot;,return)</favourite>
	<favourite name="Tekken 3" thumb="http://thegamesdb.net/banners/boxart/original/front/2546-1.jpg">ActivateWindow(10025,&quot;plugin://plugin.program.iarl/Emulator/PS1_ZachMorris/Game/Tekken+3+%28USA%29?sf_options=desc%3D%26_options_sf&quot;,return)</favourite>
	<favourite name="Tekken 4" thumb="http://thegamesdb.net/banners/boxart/original/front/4771-1.png">ActivateWindow(10025,&quot;plugin://plugin.program.iarl/Emulator/Sony_Playstation_2_N3RDFLIX/Game/Tekken+4+%28USA%29?sf_options=desc%3D%26_options_sf&quot;,return)</favourite>
	<favourite name="Tekken 5" thumb="http://thegamesdb.net/banners/boxart/original/front/3753-2.jpg">ActivateWindow(10025,&quot;plugin://plugin.program.iarl/Emulator/Sony_Playstation_2_N3RDFLIX/Game/Tekken+5+%28USA%29?sf_options=desc%3D%26_options_sf&quot;,return)</favourite>
	<favourite name="Tekken 6" thumb="http://thegamesdb.net/banners/boxart/original/front/16879-1.jpg">ActivateWindow(10025,&quot;plugin://plugin.program.iarl/Emulator/PSP_N3RDFLIX/Game/Tekken+6+%28USA%29?sf_options=desc%3D%26_options_sf&quot;,return)</favourite>
	<favourite name="Tekken Advance" thumb="http://thegamesdb.net/banners/boxart/original/front/4043-1.jpg">ActivateWindow(10025,&quot;plugin://plugin.program.iarl/Emulator/GBA_ZachMorris/Game/Tekken+Advance+%28USA%29?sf_options=desc%3D%26_options_sf&quot;,return)</favourite>
	<favourite name="Tekken Tag Tournament" thumb="http://thegamesdb.net/banners/boxart/original/front/9826-1.jpg">ActivateWindow(10025,&quot;plugin://plugin.program.iarl/Emulator/MAME_AKNF_Full/Game/Tekken+Tag+Tournament+%28US%2C+TEG3%2FVER.C1%29?sf_options=desc%3D%26_options_sf&quot;,return)</favourite>
	<favourite name="Tekken Tag Tournament" thumb="http://thegamesdb.net/banners/boxart/original/front/9826-1.jpg">ActivateWindow(10025,&quot;plugin://plugin.program.iarl/Emulator/MAME_ZachMorris/Game/Tekken+Tag+Tournament+%28US%2C+TEG3%2FVER.C1%29?sf_options=desc%3D%26_options_sf&quot;,return)</favourite>
	<favourite name="Tekken Tag Tournament" thumb="http://thegamesdb.net/banners/boxart/original/front/3770-2.jpg">ActivateWindow(10025,&quot;plugin://plugin.program.iarl/Emulator/Sony_Playstation_2_N3RDFLIX/Game/Tekken+Tag+Tournament+%28USA%29?sf_options=desc%3D%26_options_sf&quot;,return)</favourite>
	<favourite name="Tekken - Dark Resurrection" thumb="http://thegamesdb.net/banners/boxart/original/front/16937-1.png">ActivateWindow(10025,&quot;plugin://plugin.program.iarl/Emulator/PSP_N3RDFLIX/Game/Tekken+-+Dark+Resurrection+%28USA%29?sf_options=desc%3D%26_options_sf&quot;,return)</favourite>
	<favourite name="Tekken 4" thumb="http://thegamesdb.net/banners/boxart/original/front/4771-1.png">ActivateWindow(10025,&quot;plugin://plugin.program.iarl/Emulator/Sony_Playstation_2_N3RDFLIX/Game/Tekken+4+%28USA%29?sf_options=desc%3D%26_options_sf&quot;,return)</favourite>
	<favourite name="Tekken 5" thumb="http://thegamesdb.net/banners/boxart/original/front/3753-2.jpg">ActivateWindow(10025,&quot;plugin://plugin.program.iarl/Emulator/Sony_Playstation_2_N3RDFLIX/Game/Tekken+5+%28USA%29?sf_options=desc%3D%26_options_sf&quot;,return)</favourite>
	<favourite name="Tekken 6" thumb="http://thegamesdb.net/banners/boxart/original/front/16879-1.jpg">ActivateWindow(10025,&quot;plugin://plugin.program.iarl/Emulator/PSP_N3RDFLIX/Game/Tekken+6+%28USA%29?sf_options=desc%3D%26_options_sf&quot;,return)</favourite>
	<favourite name="Tekken Tag Tournament" thumb="http://thegamesdb.net/banners/boxart/original/front/3770-2.jpg">ActivateWindow(10025,&quot;plugin://plugin.program.iarl/Emulator/Sony_Playstation_2_N3RDFLIX/Game/Tekken+Tag+Tournament+%28USA%29?sf_options=desc%3D%26_options_sf&quot;,return)</favourite>
    <favourite name="15.  Tekken 3" thumb="http://thegamesdb.net/banners/boxart/original/front/2546-1.jpg">ActivateWindow(10025,&quot;plugin://plugin.program.iarl/Emulator/PS1_Bestof_ZachMorris/Game/15.++Tekken+3?sf_options=desc%3D%26_options_sf&quot;,return)</favourite>
</favourites>