<favourites>
    <favourite name="South Park" thumb="http://thegamesdb.net/banners/boxart/original/front/11601-1.jpg">ActivateWindow(10025,&quot;plugin://plugin.program.iarl/Emulator/PS1_ZachMorris/Game/South+Park+%28USA%29?sf_options=desc%3D%26_options_sf&quot;,return)</favourite>
	<favourite name="South Park" thumb="http://thegamesdb.net/banners/boxart/original/front/1204-1.jpg">ActivateWindow(10025,&quot;plugin://plugin.program.iarl/Emulator/N64_ZachMorris/Game/South+Park+%28USA%29?sf_options=desc%3D%26_options_sf&quot;,return)</favourite>
	<favourite name="South Park - Chef's Luv Shack" thumb="http://thegamesdb.net/banners/boxart/original/front/400-1.jpg">ActivateWindow(10025,&quot;plugin://plugin.program.iarl/Emulator/N64_ZachMorris/Game/South+Park+-+Chef%27s+Luv+Shack+%28USA%29?sf_options=desc%3D%26_options_sf&quot;,return)</favourite>
	<favourite name="South Park - Chef's Luv Shack" thumb="http://thegamesdb.net/banners/boxart/original/front/29242-1.jpg">ActivateWindow(10025,&quot;plugin://plugin.program.iarl/Emulator/Sega_Dreamcast_ZachMorris/Game/South+Park+-+Chef%27s+Luv+Shack+%28USA%29?sf_options=desc%3D%26_options_sf&quot;,return)</favourite>
	<favourite name="South Park - Chef's Luv Shack" thumb="http://thegamesdb.net/banners/boxart/original/front/11605-1.jpg">ActivateWindow(10025,&quot;plugin://plugin.program.iarl/Emulator/PS1_ZachMorris/Game/South+Park+-+Chef%27s+Luv+Shack+%28USA%29?sf_options=desc%3D%26_options_sf&quot;,return)</favourite>
	<favourite name="South Park Rally" thumb="http://thegamesdb.net/banners/boxart/original/front/399-1.jpg">ActivateWindow(10025,&quot;plugin://plugin.program.iarl/Emulator/N64_ZachMorris/Game/South+Park+Rally+%28USA%29?sf_options=desc%3D%26_options_sf&quot;,return)</favourite>
	<favourite name="South Park Rally" thumb="http://thegamesdb.net/banners/boxart/original/front/7608-2.jpg">ActivateWindow(10025,&quot;plugin://plugin.program.iarl/Emulator/PS1_ZachMorris/Game/South+Park+Rally+%28USA%29?sf_options=desc%3D%26_options_sf&quot;,return)</favourite>
</favourites>