<favourites>
	<favourite name="Adventures of Elmo in Grouchland, The" thumb="http://static.giantbomb.com/uploads/scale_large/1/15228/855844-sesamestr.jpg">ActivateWindow(10025,&quot;plugin://plugin.program.iarl/Emulator/GBC_ZachMorris/Game/Adventures+of+Elmo+in+Grouchland%2C+The+%28USA%29?sf_options=desc%3D%26_options_sf&quot;,return)</favourite>
	<favourite name="Big Bird's Funhouse" thumb="">ActivateWindow(10025,&quot;plugin://plugin.program.iarl/Emulator/Atari_800_ZachMorris/Game/Big+Bird%27s+Funhouse?sf_options=desc%3D%26_options_sf&quot;,return)</favourite>
	<favourite name="Big Bird's Funhouse" thumb="https://archive.org/download/C64Games_201705/C64_Artwork.zip/Commodore%2064%20Artwork%2FBig%20Bird%27s%20Funhouse%20%28USA%29%2FCover-Big_Bird%27s_Funhouse.jpg">ActivateWindow(10025,&quot;plugin://plugin.program.iarl/Emulator/C64_ZachMorris/Game/Big+Bird%27s+Funhouse+%28USA%29?sf_options=desc%3D%26_options_sf&quot;,return)</favourite>
	<favourite name="Big Bird's Special Delivery" thumb="">ActivateWindow(10025,&quot;plugin://plugin.program.iarl/Emulator/Atari_800_ZachMorris/Game/Big+Bird%27s+Special+Delivery?sf_options=desc%3D%26_options_sf&quot;,return)</favourite>
	<favourite name="Elmo's 123s" thumb="http://thegamesdb.net/banners/boxart/original/front/21980-1.jpg">ActivateWindow(10025,&quot;plugin://plugin.program.iarl/Emulator/GBC_ZachMorris/Game/Elmo%27s+123s+%28USA%29?sf_options=desc%3D%26_options_sf&quot;,return)</favourite>
	<favourite name="Elmo's ABCs" thumb="http://thegamesdb.net/banners/boxart/original/front/21981-1.jpg">ActivateWindow(10025,&quot;plugin://plugin.program.iarl/Emulator/GBC_ZachMorris/Game/Elmo%27s+ABCs+%28USA%29?sf_options=desc%3D%26_options_sf&quot;,return)</favourite>
	<favourite name="Elmo's Letter Adventure" thumb="http://thegamesdb.net/banners/boxart/original/front/1096-1.jpg">ActivateWindow(10025,&quot;plugin://plugin.program.iarl/Emulator/N64_ZachMorris/Game/Elmo%27s+Letter+Adventure+%28USA%29?sf_options=desc%3D%26_options_sf&quot;,return)</favourite>
	<favourite name="Elmo's Number Journey" thumb="http://thegamesdb.net/banners/boxart/original/front/3100-1.jpg">ActivateWindow(10025,&quot;plugin://plugin.program.iarl/Emulator/N64_ZachMorris/Game/Elmo%27s+Number+Journey+%28USA%29?sf_options=desc%3D%26_options_sf&quot;,return)</favourite>
	<favourite name="Ernie's Big Splash" thumb="https://archive.org/download/C64Games_201705/C64_Artwork.zip/Commodore%2064%20Artwork%2FErnie%27s%20Big%20Splash%20%28USA%29%2FCover-Ernie%27s_Big_Splash.jpg">ActivateWindow(10025,&quot;plugin://plugin.program.iarl/Emulator/C64_ZachMorris/Game/Ernie%27s+Big+Splash+%28USA%29?sf_options=desc%3D%26_options_sf&quot;,return)</favourite>
	<favourite name="Ernie's Magic Shapes" thumb="">ActivateWindow(10025,&quot;plugin://plugin.program.iarl/Emulator/Atari_800_ZachMorris/Game/Ernie%27s+Magic+Shapes?sf_options=desc%3D%26_options_sf&quot;,return)</favourite>
	<favourite name="Ernie's Magic Shapes" thumb="https://archive.org/download/C64Games_201705/C64_Artwork.zip/Commodore%2064%20Artwork%2FErnie%27s%20Magic%20Shapes%20%28USA%29%2FCover-Ernie%27s_Magic_Shapes.jpg">ActivateWindow(10025,&quot;plugin://plugin.program.iarl/Emulator/C64_ZachMorris/Game/Ernie%27s+Magic+Shapes+%28USA%29?sf_options=desc%3D%26_options_sf&quot;,return)</favourite>
	<favourite name="Sesame Street - Big Bird's Hide & Speak" thumb="http://i.imgur.com/1Nmt6C5.png">ActivateWindow(10025,&quot;plugin://plugin.program.iarl/Emulator/NES_ZachMorris/Game/Sesame+Street+-+Big+Bird%27s+Hide+%26+Speak+%28USA%29?sf_options=desc%3D%26_options_sf&quot;,return)</favourite>
	<favourite name="Sesame Street - Elmo's Letter Adventure" thumb="http://static.giantbomb.com/uploads/scale_large/0/5822/381620-elaps.jpg">ActivateWindow(10025,&quot;plugin://plugin.program.iarl/Emulator/PS1_ZachMorris/Game/Sesame+Street+-+Elmo%27s+Letter+Adventure+%28USA%29?sf_options=desc%3D%26_options_sf&quot;,return)</favourite>
	<favourite name="Sesame Street - Elmo's Number Journey" thumb="http://thegamesdb.net/banners/boxart/original/front/522-1.jpg">ActivateWindow(10025,&quot;plugin://plugin.program.iarl/Emulator/PS1_ZachMorris/Game/Sesame+Street+-+Elmo%27s+Number+Journey+%28USA%29?sf_options=desc%3D%26_options_sf&quot;,return)</favourite>
	<favourite name="Sesame Street - Letter-Go-Round" thumb="http://www.mobygames.com/images/covers/l/230962-sesame-street-letter-go-round-dos-front-cover.jpg">ActivateWindow(10025,&quot;plugin://plugin.program.iarl/Emulator/IA_MSDOS_ZachMorris/Game/Sesame+Street+-+Letter-Go-Round?sf_options=desc%3D%26_options_sf&quot;,return)</favourite>
	<favourite name="Sesame Street - Letter-Go-Round" thumb="https://archive.org/download/C64Games_201705/C64_Screenshots.zip/C64_Screenshots%2FSesame%20Street%20-%20Letter-Go-Round%20%28USA%29_snapshot1.png">ActivateWindow(10025,&quot;plugin://plugin.program.iarl/Emulator/C64_ZachMorris/Game/Sesame+Street+-+Letter-Go-Round+%28USA%29?sf_options=desc%3D%26_options_sf&quot;,return)</favourite>
	<favourite name="Sesame Street - Pals Around Town" thumb="https://archive.org/download/C64Games_201705/C64_Artwork.zip/Commodore%2064%20Artwork%2FSesame%20Street%20-%20Pals%20Around%20Town%20%28USA%29%2FCover-Sesame_Street_-_Pals_Around_Town.jpg">ActivateWindow(10025,&quot;plugin://plugin.program.iarl/Emulator/C64_ZachMorris/Game/Sesame+Street+-+Pals+Around+Town+%28USA%29?sf_options=desc%3D%26_options_sf&quot;,return)</favourite>
	<favourite name="Sesame Street 123" thumb="http://i.imgur.com/FHuA5O2.jpg">ActivateWindow(10025,&quot;plugin://plugin.program.iarl/Emulator/NES_ZachMorris/Game/Sesame+Street+123+%28USA%29?sf_options=desc%3D%26_options_sf&quot;,return)</favourite>
	<favourite name="Sesame Street ABC & 123" thumb="http://i.imgur.com/LmgnQih.png">ActivateWindow(10025,&quot;plugin://plugin.program.iarl/Emulator/NES_ZachMorris/Game/Sesame+Street+ABC+%26+123+%28USA%29?sf_options=desc%3D%26_options_sf&quot;,return)</favourite>
	<favourite name="Sesame Street ABC" thumb="http://i.imgur.com/3tWjT5P.jpg">ActivateWindow(10025,&quot;plugin://plugin.program.iarl/Emulator/NES_ZachMorris/Game/Sesame+Street+ABC+%28USA%29?sf_options=desc%3D%26_options_sf&quot;,return)</favourite>
	<favourite name="Sesame Street Countdown" thumb="http://i.imgur.com/vQBO9pC.png">ActivateWindow(10025,&quot;plugin://plugin.program.iarl/Emulator/NES_ZachMorris/Game/Sesame+Street+Countdown+%28USA%29?sf_options=desc%3D%26_options_sf&quot;,return)</favourite>
	<favourite name="Sesame Street Counting Cafe" thumb="http://thegamesdb.net/banners/boxart/original/front/4613-1.jpg">ActivateWindow(10025,&quot;plugin://plugin.program.iarl/Emulator/Genesis_ZachMorris/Game/Sesame+Street+Counting+Cafe+%28USA%29?sf_options=desc%3D%26_options_sf&quot;,return)</favourite>
	<favourite name="Sesame Street Sports" thumb="http://thegamesdb.net/banners/boxart/original/front/13617-1.jpg">ActivateWindow(10025,&quot;plugin://plugin.program.iarl/Emulator/PS1_ZachMorris/Game/Sesame+Street+Sports+%28USA%29?sf_options=desc%3D%26_options_sf&quot;,return)</favourite>
	<favourite name="Sesame Street Sports" thumb="http://thegamesdb.net/banners/boxart/original/front/21882-1.jpg">ActivateWindow(10025,&quot;plugin://plugin.program.iarl/Emulator/GBC_ZachMorris/Game/Sesame+Street+Sports+%28USA%29?sf_options=desc%3D%26_options_sf&quot;,return)</favourite>
</favourites>