<favourites>
	<favourite name="Top Gear 2" thumb="http://thegamesdb.net/banners/boxart/original/front/4690-1.jpg">ActivateWindow(10025,&quot;plugin://plugin.program.iarl/Emulator/Genesis_ZachMorris/Game/Top+Gear+2+%28USA%29?sf_options=desc%3D%26_options_sf&quot;,return)</favourite>
	<favourite name="Top Gear" thumb="http://i.imgur.com/mD5gsRa.jpg">ActivateWindow(10025,&quot;plugin://plugin.program.iarl/Emulator/SNES_ZachMorris/Game/Top+Gear+%28USA%29?sf_options=desc%3D%26_options_sf&quot;,return)</favourite>
	<favourite name="Top Gear 2" thumb="http://i.imgur.com/AL360fy.jpg">ActivateWindow(10025,&quot;plugin://plugin.program.iarl/Emulator/SNES_ZachMorris/Game/Top+Gear+2+%28USA%29?sf_options=desc%3D%26_options_sf&quot;,return)</favourite>
	<favourite name="Top Gear 3000" thumb="http://i.imgur.com/oSvZpgW.jpg">ActivateWindow(10025,&quot;plugin://plugin.program.iarl/Emulator/SNES_ZachMorris/Game/Top+Gear+3000+%28USA%29?sf_options=desc%3D%26_options_sf&quot;,return)</favourite>
	<favourite name="Top Gear GT Championship" thumb="http://static.giantbomb.com/uploads/scale_large/8/87790/2491521-box_tggtc.png">ActivateWindow(10025,&quot;plugin://plugin.program.iarl/Emulator/GBA_ZachMorris/Game/Top+Gear+GT+Championship+%28USA%29?sf_options=desc%3D%26_options_sf&quot;,return)</favourite>
	<favourite name="Top Gear Hyper-Bike" thumb="http://static.giantbomb.com/uploads/scale_large/8/87790/2491522-box_tghb.png">ActivateWindow(10025,&quot;plugin://plugin.program.iarl/Emulator/N64_ZachMorris/Game/Top+Gear+Hyper-Bike+%28USA%29?sf_options=desc%3D%26_options_sf&quot;,return)</favourite>
	<favourite name="Top Gear Overdrive" thumb="http://thegamesdb.net/banners/boxart/original/front/1221-1.jpg">ActivateWindow(10025,&quot;plugin://plugin.program.iarl/Emulator/N64_ZachMorris/Game/Top+Gear+Overdrive+%28USA%29?sf_options=desc%3D%26_options_sf&quot;,return)</favourite>
	<favourite name="Top Gear Pocket" thumb="http://static.giantbomb.com/uploads/scale_large/8/87790/2491486-box_tgp.png">ActivateWindow(10025,&quot;plugin://plugin.program.iarl/Emulator/GBC_ZachMorris/Game/Top+Gear+Pocket+%28USA%29+%28Rumble+Version%29?sf_options=desc%3D%26_options_sf&quot;,return)</favourite>
	<favourite name="Top Gear Pocket 2" thumb="http://static.giantbomb.com/uploads/scale_large/8/87790/2491487-box_tgp2.png">ActivateWindow(10025,&quot;plugin://plugin.program.iarl/Emulator/GBC_ZachMorris/Game/Top+Gear+Pocket+2+%28USA%29?sf_options=desc%3D%26_options_sf&quot;,return)</favourite>
	<favourite name="Top Gear Rally" thumb="http://thegamesdb.net/banners/boxart/original/front/22107-1.jpg">ActivateWindow(10025,&quot;plugin://plugin.program.iarl/Emulator/GBC_ZachMorris/Game/Top+Gear+Rally+%28Europe%29+%28Rumble+Version%29?sf_options=desc%3D%26_options_sf&quot;,return)</favourite>
	<favourite name="Top Gear Rally" thumb="http://static.giantbomb.com/uploads/scale_large/8/87790/2491488-box_tgr.png">ActivateWindow(10025,&quot;plugin://plugin.program.iarl/Emulator/N64_ZachMorris/Game/Top+Gear+Rally+%28USA%29?sf_options=desc%3D%26_options_sf&quot;,return)</favourite>
	<favourite name="Top Gear Rally" thumb="http://static.giantbomb.com/uploads/scale_large/8/87790/2491488-box_tgr.png">ActivateWindow(10025,&quot;plugin://plugin.program.iarl/Emulator/GBA_ZachMorris/Game/Top+Gear+Rally+%28USA%29?sf_options=desc%3D%26_options_sf&quot;,return)</favourite>
	<favourite name="Top Gear Rally 2" thumb="http://thegamesdb.net/banners/boxart/original/front/8658-1.jpg">ActivateWindow(10025,&quot;plugin://plugin.program.iarl/Emulator/GBC_ZachMorris/Game/Top+Gear+Rally+2+%28Europe%29?sf_options=desc%3D%26_options_sf&quot;,return)</favourite>
	<favourite name="Top Gear Rally 2" thumb="http://static.giantbomb.com/uploads/scale_large/8/87790/2491489-box_tgr2.png">ActivateWindow(10025,&quot;plugin://plugin.program.iarl/Emulator/N64_ZachMorris/Game/Top+Gear+Rally+2+%28USA%29?sf_options=desc%3D%26_options_sf&quot;,return)</favourite>
</favourites>