<favourites>    
    <favourite name="Alex Kidd: The Lost Stars" thumb="http://images.launchbox-app.com/86a2df30-577e-43b2-9a56-fc6a9bcf4803.jpg">ActivateWindow(10025,&quot;plugin://plugin.program.iarl/Emulator/FBA_ZachMorris/Game/Alex+Kidd%3A+The+Lost+Stars+%28set+2%2C+unprotected%29?sf_options=desc%3D%26_options_sf&quot;,return)</favourite>
	<favourite name="Alex Kidd: The Lost Stars" thumb="http://thegamesdb.net/banners/boxart/original/front/16790-1.jpg">ActivateWindow(10025,&quot;plugin://plugin.program.iarl/Emulator/MAME_AKNF_Full/Game/Alex+Kidd%3A+The+Lost+Stars+%28set+2%2C+unprotected%29?sf_options=desc%3D%26_options_sf&quot;,return)</favourite>
	<favourite name="Alex Kidd: The Lost Stars" thumb="http://thegamesdb.net/banners/boxart/original/front/16790-1.jpg">ActivateWindow(10025,&quot;plugin://plugin.program.iarl/Emulator/MAME_ZachMorris/Game/Alex+Kidd%3A+The+Lost+Stars+%28set+2%2C+unprotected%29?sf_options=desc%3D%26_options_sf&quot;,return)</favourite>
	<favourite name="Alex Kidd: The Lost Stars" thumb="http://thegamesdb.net/banners/boxart/original/front/16790-1.jpg">ActivateWindow(10025,&quot;plugin://plugin.program.iarl/Emulator/MAME_2014_ZachMorris/Game/Alex+Kidd%3A+The+Lost+Stars+%28set+2%2C+unprotected%29?sf_options=desc%3D%26_options_sf&quot;,return)</favourite>
	<favourite name="Alex Kidd - Cheongong Maseong" thumb="http://thegamesdb.net/banners/boxart/original/front/2271-2.jpg">ActivateWindow(10025,&quot;plugin://plugin.program.iarl/Emulator/Genesis_ZachMorris/Game/Alex+Kidd+-+Cheongong+Maseong+%28Korea%29?sf_options=desc%3D%26_options_sf&quot;,return)</favourite>
	<favourite name="Alex Kidd - High-Tech World" thumb="http://thegamesdb.net/banners/boxart/original/front/5536-1.jpg">ActivateWindow(10025,&quot;plugin://plugin.program.iarl/Emulator/Master_System_ZachMorris/Game/Alex+Kidd+-+High-Tech+World+%28USA%2C+Europe%29?sf_options=desc%3D%26_options_sf&quot;,return)</favourite>
	<favourite name="Alex Kidd - Tenkuu Majou" thumb="http://thegamesdb.net/banners/boxart/original/front/2271-2.jpg">ActivateWindow(10025,&quot;plugin://plugin.program.iarl/Emulator/Genesis_ZachMorris/Game/Alex+Kidd+-+Tenkuu+Majou+%28Japan%29?sf_options=desc%3D%26_options_sf&quot;,return)</favourite>
	<favourite name="Alex Kidd - The Lost Stars" thumb="http://thegamesdb.net/banners/boxart/original/front/5498-1.jpg">ActivateWindow(10025,&quot;plugin://plugin.program.iarl/Emulator/Master_System_ZachMorris/Game/Alex+Kidd+-+The+Lost+Stars+%28World%29?sf_options=desc%3D%26_options_sf&quot;,return)</favourite>
	<favourite name="Alex Kidd BMX Trial" thumb="http://thegamesdb.net/banners/boxart/original/front/2683-1.jpg">ActivateWindow(10025,&quot;plugin://plugin.program.iarl/Emulator/Master_System_ZachMorris/Game/Alex+Kidd+BMX+Trial+%28Japan%29?sf_options=desc%3D%26_options_sf&quot;,return)</favourite>
	<favourite name="Alex Kidd in Miracle World" thumb="http://thegamesdb.net/banners/boxart/original/front/2684-1.jpg">ActivateWindow(10025,&quot;plugin://plugin.program.iarl/Emulator/Master_System_ZachMorris/Game/Alex+Kidd+in+Miracle+World+%28USA%2C+Europe%29?sf_options=desc%3D%26_options_sf&quot;,return)</favourite>
	<favourite name="Alex Kidd in Shinobi World" thumb="http://thegamesdb.net/banners/boxart/original/front/2685-1.jpg">ActivateWindow(10025,&quot;plugin://plugin.program.iarl/Emulator/Master_System_ZachMorris/Game/Alex+Kidd+in+Shinobi+World+%28USA%2C+Europe%29?sf_options=desc%3D%26_options_sf&quot;,return)</favourite>
	<favourite name="Alex Kidd no Miracle World" thumb="http://thegamesdb.net/banners/boxart/original/front/2684-1.jpg">ActivateWindow(10025,&quot;plugin://plugin.program.iarl/Emulator/Master_System_ZachMorris/Game/Alex+Kidd+no+Miracle+World+%28Japan%29?sf_options=desc%3D%26_options_sf&quot;,return)</favourite>
</favourites>