<favourites>
	<favourite name="Metal Slug" thumb="http://thegamesdb.net/banners/boxart/original/front/222-1.jpg">ActivateWindow(10025,&quot;plugin://plugin.program.iarl/Emulator/Neo_Geo_CD_ZachMorris/Game/Metal+Slug+%28Jpn%2C+USA%29?sf_options=desc%3D%26_options_sf&quot;,return)</favourite>
	<favourite name="Metal Slug - 1st Mission" thumb="http://thegamesdb.net/banners/boxart/original/front/18485-1.jpg">ActivateWindow(10025,&quot;plugin://plugin.program.iarl/Emulator/NGPC_ZachMorris/Game/Metal+Slug+-+1st+Mission+%28World%29+%28En%2CJa%29?sf_options=desc%3D%26_options_sf&quot;,return)</favourite>
	<favourite name="Metal Slug - 2nd Mission" thumb="http://thegamesdb.net/banners/boxart/original/front/18486-1.jpg">ActivateWindow(10025,&quot;plugin://plugin.program.iarl/Emulator/NGPC_ZachMorris/Game/Metal+Slug+-+2nd+Mission+%28World%29+%28En%2CJa%29?sf_options=desc%3D%26_options_sf&quot;,return)</favourite>
	<favourite name="Metal Slug - Super Vehicle-001" thumb="http://archive.org/download/Mame172arcdcmplt/flyers.zip/mslug.png">ActivateWindow(10025,&quot;plugin://plugin.program.iarl/Emulator/MAME_2014_ZachMorris/Game/Metal+Slug+-+Super+Vehicle-001?sf_options=desc%3D%26_options_sf&quot;,return)</favourite>
	<favourite name="Metal Slug - Super Vehicle-001" thumb="http://archive.org/download/Mame172arcdcmplt/flyers.zip/mslug.png">ActivateWindow(10025,&quot;plugin://plugin.program.iarl/Emulator/MAME_AKNF_Full/Game/Metal+Slug+-+Super+Vehicle-001?sf_options=desc%3D%26_options_sf&quot;,return)</favourite>
	<favourite name="Metal Slug - Super Vehicle-001" thumb="http://archive.org/download/Mame172arcdcmplt/flyers.zip/mslug.png">ActivateWindow(10025,&quot;plugin://plugin.program.iarl/Emulator/MAME_ZachMorris/Game/Metal+Slug+-+Super+Vehicle-001?sf_options=desc%3D%26_options_sf&quot;,return)</favourite>
	<favourite name="Metal Slug - Super Vehicle-001" thumb="http://images.launchbox-app.com/mslug.png">ActivateWindow(10025,&quot;plugin://plugin.program.iarl/Emulator/FBA_ZachMorris/Game/Metal+Slug+-+Super+Vehicle-001?sf_options=desc%3D%26_options_sf&quot;,return)</favourite>
	<favourite name="Metal Slug - Super Vehicle-001" thumb="http://static.giantbomb.com/uploads/scale_large/8/87790/2314069-box_mslug.png">ActivateWindow(10025,&quot;plugin://plugin.program.iarl/Emulator/Sega_Saturn_ZachMorris/Game/Metal+Slug+-+Super+Vehicle-001+%28Japan%29+%28Rev+A%29?sf_options=desc%3D%26_options_sf&quot;,return)</favourite>
	<favourite name="Metal Slug 2" thumb="http://thegamesdb.net/banners/boxart/original/front/223-1.jpg">ActivateWindow(10025,&quot;plugin://plugin.program.iarl/Emulator/Neo_Geo_CD_ZachMorris/Game/Metal+Slug+2+%28Jpn%29?sf_options=desc%3D%26_options_sf&quot;,return)</favourite>
	<favourite name="Metal Slug 2 - Super Vehicle-001/II" thumb="http://archive.org/download/Mame172arcdcmplt/flyers.zip/mslug2.png">ActivateWindow(10025,&quot;plugin://plugin.program.iarl/Emulator/MAME_2014_ZachMorris/Game/Metal+Slug+2+-+Super+Vehicle-001%2FII+%28NGM-2410%29%28NGH-2410%29?sf_options=desc%3D%26_options_sf&quot;,return)</favourite>
	<favourite name="Metal Slug 2 - Super Vehicle-001/II" thumb="http://archive.org/download/Mame172arcdcmplt/flyers.zip/mslug2.png">ActivateWindow(10025,&quot;plugin://plugin.program.iarl/Emulator/MAME_AKNF_Full/Game/Metal+Slug+2+-+Super+Vehicle-001%2FII+%28NGM-2410+%7E+NGH-2410%29?sf_options=desc%3D%26_options_sf&quot;,return)</favourite>
	<favourite name="Metal Slug 2 - Super Vehicle-001/II" thumb="http://archive.org/download/Mame172arcdcmplt/flyers.zip/mslug2.png">ActivateWindow(10025,&quot;plugin://plugin.program.iarl/Emulator/MAME_ZachMorris/Game/Metal+Slug+2+-+Super+Vehicle-001%2FII+%28NGM-2410+%7E+NGH-2410%29?sf_options=desc%3D%26_options_sf&quot;,return)</favourite>
	<favourite name="Metal Slug 2 - Super Vehicle-001/II" thumb="http://images.launchbox-app.com/mslug2.png">ActivateWindow(10025,&quot;plugin://plugin.program.iarl/Emulator/FBA_ZachMorris/Game/Metal+Slug+2+-+Super+Vehicle-001%2FII+%28NGM-2410+%7E+NGH-2410%29?sf_options=desc%3D%26_options_sf&quot;,return)</favourite>
	<favourite name="Metal Slug 3" thumb="http://thegamesdb.net/banners/boxart/original/front/31117-1.jpg">ActivateWindow(10025,&quot;plugin://plugin.program.iarl/Emulator/Sony_Playstation_2_N3RDFLIX/Game/Metal+Slug+3+%28Europe%29?sf_options=desc%3D%26_options_sf&quot;,return)</favourite>
	<favourite name="Metal Slug 3" thumb="http://thegamesdb.net/banners/boxart/original/front/19516-1.jpg">ActivateWindow(10025,&quot;plugin://plugin.program.iarl/Emulator/MAME_2014_ZachMorris/Game/Metal+Slug+3+%28NGM-2560%29?sf_options=desc%3D%26_options_sf&quot;,return)</favourite>
	<favourite name="Metal Slug 3" thumb="http://images.launchbox-app.com/mslug3.png">ActivateWindow(10025,&quot;plugin://plugin.program.iarl/Emulator/FBA_ZachMorris/Game/Metal+Slug+3+%28NGM-2560%29?sf_options=desc%3D%26_options_sf&quot;,return)</favourite>
	<favourite name="Metal Slug 3" thumb="http://thegamesdb.net/banners/boxart/original/front/19516-1.jpg">ActivateWindow(10025,&quot;plugin://plugin.program.iarl/Emulator/MAME_AKNF_Full/Game/Metal+Slug+3+%28NGM-2560%29?sf_options=desc%3D%26_options_sf&quot;,return)</favourite>
	<favourite name="Metal Slug 3" thumb="http://thegamesdb.net/banners/boxart/original/front/19516-1.jpg">ActivateWindow(10025,&quot;plugin://plugin.program.iarl/Emulator/MAME_ZachMorris/Game/Metal+Slug+3+%28NGM-2560%29?sf_options=desc%3D%26_options_sf&quot;,return)</favourite>
	<favourite name="Metal Slug 4" thumb="http://images.launchbox-app.com/mslug4.png">ActivateWindow(10025,&quot;plugin://plugin.program.iarl/Emulator/FBA_ZachMorris/Game/Metal+Slug+4+%28NGM-2630%29?sf_options=desc%3D%26_options_sf&quot;,return)</favourite>
	<favourite name="Metal Slug 4" thumb="http://thegamesdb.net/banners/boxart/original/front/19517-1.png">ActivateWindow(10025,&quot;plugin://plugin.program.iarl/Emulator/MAME_AKNF_Full/Game/Metal+Slug+4+%28NGM-2630%29?sf_options=desc%3D%26_options_sf&quot;,return)</favourite>
	<favourite name="Metal Slug 4" thumb="http://thegamesdb.net/banners/boxart/original/front/19517-1.png">ActivateWindow(10025,&quot;plugin://plugin.program.iarl/Emulator/MAME_ZachMorris/Game/Metal+Slug+4+%28NGM-2630%29?sf_options=desc%3D%26_options_sf&quot;,return)</favourite>
	<favourite name="Metal Slug 5" thumb="http://images.launchbox-app.com/4b3a6c7f-471e-45f7-9a89-50a62b86f74b.jpg">ActivateWindow(10025,&quot;plugin://plugin.program.iarl/Emulator/FBA_ZachMorris/Game/Metal+Slug+5+%28JAMMA+PCB%29?sf_options=desc%3D%26_options_sf&quot;,return)</favourite>
	<favourite name="Metal Slug 5" thumb="http://thegamesdb.net/banners/boxart/original/front/19518-1.jpg">ActivateWindow(10025,&quot;plugin://plugin.program.iarl/Emulator/MAME_ZachMorris/Game/Metal+Slug+5+%28JAMMA+PCB%29?sf_options=desc%3D%26_options_sf&quot;,return)</favourite>
	<favourite name="Metal Slug 5" thumb="http://images.launchbox-app.com/4b3a6c7f-471e-45f7-9a89-50a62b86f74b.jpg">ActivateWindow(10025,&quot;plugin://plugin.program.iarl/Emulator/FBA_ZachMorris/Game/Metal+Slug+5+%28NGM-2680%29?sf_options=desc%3D%26_options_sf&quot;,return)</favourite>
	<favourite name="Metal Slug 5" thumb="http://thegamesdb.net/banners/boxart/original/front/19518-1.jpg">ActivateWindow(10025,&quot;plugin://plugin.program.iarl/Emulator/MAME_AKNF_Full/Game/Metal+Slug+5+%28NGM-2680%29?sf_options=desc%3D%26_options_sf&quot;,return)</favourite>
	<favourite name="Metal Slug 5" thumb="http://thegamesdb.net/banners/boxart/original/front/19518-1.jpg">ActivateWindow(10025,&quot;plugin://plugin.program.iarl/Emulator/MAME_ZachMorris/Game/Metal+Slug+5+%28NGM-2680%29?sf_options=desc%3D%26_options_sf&quot;,return)</favourite>
	<favourite name="Metal Slug 6" thumb="http://thegamesdb.net/banners/boxart/original/front/227-1.jpg">ActivateWindow(10025,&quot;plugin://plugin.program.iarl/Emulator/MAME_ZachMorris/Game/Metal+Slug+6?sf_options=desc%3D%26_options_sf&quot;,return)</favourite>
	<favourite name="Metal Slug 7" thumb="http://thegamesdb.net/banners/boxart/original/front/9378-1.jpg">ActivateWindow(10025,&quot;plugin://plugin.program.iarl/Emulator/NINTENDO_DS_N3RDFLIX/Game/Metal+Slug+7+%28USA%29?sf_options=desc%3D%26_options_sf&quot;,return)</favourite>
	<favourite name="Metal Slug 3" thumb="http://thegamesdb.net/banners/boxart/original/front/31117-1.jpg">ActivateWindow(10025,&quot;plugin://plugin.program.iarl/Emulator/Sony_Playstation_2_N3RDFLIX/Game/Metal+Slug+3+%28Europe%29?sf_options=desc%3D%26_options_sf&quot;,return)</favourite>
	<favourite name="Metal Slug 7" thumb="http://thegamesdb.net/banners/boxart/original/front/9378-1.jpg">ActivateWindow(10025,&quot;plugin://plugin.program.iarl/Emulator/NINTENDO_DS_N3RDFLIX/Game/Metal+Slug+7+%28USA%29?sf_options=desc%3D%26_options_sf&quot;,return)</favourite>
	<favourite name="Metal Slug Anthology" thumb="http://thegamesdb.net/banners/boxart/original/front/7104-1.jpg">ActivateWindow(10025,&quot;plugin://plugin.program.iarl/Emulator/PSP_N3RDFLIX/Game/Metal+Slug+Anthology+%28USA%29?sf_options=desc%3D%26_options_sf&quot;,return)</favourite>
	<favourite name="Metal Slug Anthology" thumb="http://thegamesdb.net/banners/boxart/original/front/3932-2.jpg">ActivateWindow(10025,&quot;plugin://plugin.program.iarl/Emulator/Sony_Playstation_2_N3RDFLIX/Game/Metal+Slug+Anthology+%28USA%29?sf_options=desc%3D%26_options_sf&quot;,return)</favourite>
	<favourite name="Metal Slug XX" thumb="http://thegamesdb.net/banners/boxart/original/front/9381-1.jpg">ActivateWindow(10025,&quot;plugin://plugin.program.iarl/Emulator/PSP_N3RDFLIX/Game/Metal+Slug+XX+%28USA%29?sf_options=desc%3D%26_options_sf&quot;,return)</favourite>
    <favourite name="Metal Slug Advance" thumb="http://static.giantbomb.com/uploads/scale_large/8/87790/2314070-box_mslugadv.png">ActivateWindow(10025,&quot;plugin://plugin.program.iarl/Emulator/GBA_ZachMorris/Game/Metal+Slug+Advance+%28USA%29?sf_options=desc%3D%26_options_sf&quot;,return)</favourite>
	<favourite name="Metal Slug Anthology" thumb="http://thegamesdb.net/banners/boxart/original/front/7104-1.jpg">ActivateWindow(10025,&quot;plugin://plugin.program.iarl/Emulator/PSP_N3RDFLIX/Game/Metal+Slug+Anthology+%28USA%29?sf_options=desc%3D%26_options_sf&quot;,return)</favourite>
	<favourite name="Metal Slug X" thumb="http://thegamesdb.net/banners/boxart/original/front/10952-2.jpg">ActivateWindow(10025,&quot;plugin://plugin.program.iarl/Emulator/PS1_ZachMorris/Game/Metal+Slug+X+%28USA%29?sf_options=desc%3D%26_options_sf&quot;,return)</favourite>
	<favourite name="Metal Slug X - Super Vehicle-001" thumb="http://archive.org/download/Mame172arcdcmplt/flyers.zip/mslugx.png">ActivateWindow(10025,&quot;plugin://plugin.program.iarl/Emulator/MAME_2014_ZachMorris/Game/Metal+Slug+X+-+Super+Vehicle-001+%28NGM-2500%29%28NGH-2500%29?sf_options=desc%3D%26_options_sf&quot;,return)</favourite>
	<favourite name="Metal Slug X - Super Vehicle-001" thumb="http://archive.org/download/Mame172arcdcmplt/flyers.zip/mslugx.png">ActivateWindow(10025,&quot;plugin://plugin.program.iarl/Emulator/MAME_AKNF_Full/Game/Metal+Slug+X+-+Super+Vehicle-001+%28NGM-2500+%7E+NGH-2500%29?sf_options=desc%3D%26_options_sf&quot;,return)</favourite>
	<favourite name="Metal Slug X - Super Vehicle-001" thumb="http://archive.org/download/Mame172arcdcmplt/flyers.zip/mslugx.png">ActivateWindow(10025,&quot;plugin://plugin.program.iarl/Emulator/MAME_ZachMorris/Game/Metal+Slug+X+-+Super+Vehicle-001+%28NGM-2500+%7E+NGH-2500%29?sf_options=desc%3D%26_options_sf&quot;,return)</favourite>
	<favourite name="Metal Slug X - Super Vehicle-001" thumb="http://images.launchbox-app.com/mslugx.png">ActivateWindow(10025,&quot;plugin://plugin.program.iarl/Emulator/FBA_ZachMorris/Game/Metal+Slug+X+-+Super+Vehicle-001+%28NGM-2500+%7E+NGH-2500%29?sf_options=desc%3D%26_options_sf&quot;,return)</favourite>
	<favourite name="Metal Slug XX" thumb="http://thegamesdb.net/banners/boxart/original/front/9381-1.jpg">ActivateWindow(10025,&quot;plugin://plugin.program.iarl/Emulator/PSP_N3RDFLIX/Game/Metal+Slug+XX+%28USA%29?sf_options=desc%3D%26_options_sf&quot;,return)</favourite>
	<favourite name="Side Scrolling:  19.  Metal Slug X" thumb="http://archive.org/download/Mame172arcdcmplt/flyers.zip/mslugx.png">ActivateWindow(10025,&quot;plugin://plugin.program.iarl/Emulator/MAME_Bestof_ZachMorris/Game/Side+Scrolling%3A++19.++Metal+Slug+X?sf_options=desc%3D%26_options_sf&quot;,return)</favourite>
	<favourite name="Side Scrolling:  2.  Metal Slug" thumb="http://archive.org/download/Mame172arcdcmplt/flyers.zip/mslug.png">ActivateWindow(10025,&quot;plugin://plugin.program.iarl/Emulator/MAME_Bestof_ZachMorris/Game/Side+Scrolling%3A++2.++Metal+Slug?sf_options=desc%3D%26_options_sf&quot;,return)</favourite>
</favourites>