<favourites>
	<favourite name="Tony Hawk" thumb="http://static.giantbomb.com/uploads/scale_large/8/87790/2106404-box_thdj.png">ActivateWindow(10025,&quot;plugin://plugin.program.iarl/Emulator/GBA_ZachMorris/Game/Tony+Hawk%27s+Downhill+Jam+%28USA%29?sf_options=desc%3D%26_options_sf&quot;,return)</favourite>
	<favourite name="17.  Tony Hawk" thumb="http://static.giantbomb.com/uploads/scale_large/8/87790/2269420-box_thps2.png">ActivateWindow(10025,&quot;plugin://plugin.program.iarl/Emulator/GBA_Bestof_ZachMorris/Game/17.++Tony+Hawk%27s+Pro+Skater+2?sf_options=desc%3D%26_options_sf&quot;,return)</favourite>
	<favourite name="Tony Hawk" thumb="http://static.giantbomb.com/uploads/scale_large/8/87790/2106402-box_thas.png">ActivateWindow(10025,&quot;plugin://plugin.program.iarl/Emulator/GBA_ZachMorris/Game/Tony+Hawk%27s+American+Sk8land+%28USA%29?sf_options=desc%3D%26_options_sf&quot;,return)</favourite>
	<favourite name="Tony Hawk" thumb="http://thegamesdb.net/banners/boxart/original/front/6891-1.jpg">ActivateWindow(10025,&quot;plugin://plugin.program.iarl/Emulator/NINTENDO_DS_N3RDFLIX/Game/Tony+Hawk%27s+American+Sk8land+%28USA%29?sf_options=desc%3D%26_options_sf&quot;,return)</favourite>
	<favourite name="Tony Hawk" thumb="http://thegamesdb.net/banners/boxart/original/front/29409-1.jpg">ActivateWindow(10025,&quot;plugin://plugin.program.iarl/Emulator/NINTENDO_DS_N3RDFLIX/Game/Tony+Hawk%27s+Downhill+Jam+%28USA%29%28Psyfer%29?sf_options=desc%3D%26_options_sf&quot;,return)</favourite>
	<favourite name="Tony Hawk" thumb="http://thegamesdb.net/banners/boxart/original/front/37273-1.png">ActivateWindow(10025,&quot;plugin://plugin.program.iarl/Emulator/Sony_Playstation_2_N3RDFLIX/Game/Tony+Hawk%27s+Downhill+Jam+%28USA%29?sf_options=desc%3D%26_options_sf&quot;,return)</favourite>
	<favourite name="Tony Hawk" thumb="http://thegamesdb.net/banners/boxart/original/front/11066-1.jpg">ActivateWindow(10025,&quot;plugin://plugin.program.iarl/Emulator/Sega_Dreamcast_ZachMorris/Game/Tony+Hawk%27s+Pro+Skater+%28USA%29?sf_options=desc%3D%26_options_sf&quot;,return)</favourite>
	<favourite name="Tony Hawk" thumb="http://thegamesdb.net/banners/boxart/original/front/4177-1.jpg">ActivateWindow(10025,&quot;plugin://plugin.program.iarl/Emulator/PS1_ZachMorris/Game/Tony+Hawk%27s+Pro+Skater+%28USA%29?sf_options=desc%3D%26_options_sf&quot;,return)</favourite>
	<favourite name="Tony Hawk" thumb="http://static.giantbomb.com/uploads/scale_large/1/13158/960712-gb.png">ActivateWindow(10025,&quot;plugin://plugin.program.iarl/Emulator/N64_ZachMorris/Game/Tony+Hawk%27s+Pro+Skater+%28USA%29+%28Rev+A%29?sf_options=desc%3D%26_options_sf&quot;,return)</favourite>
	<favourite name="Tony Hawk" thumb="http://thegamesdb.net/banners/boxart/original/front/17695-1.jpg">ActivateWindow(10025,&quot;plugin://plugin.program.iarl/Emulator/GBC_ZachMorris/Game/Tony+Hawk%27s+Pro+Skater+%28USA%2C+Europe%29?sf_options=desc%3D%26_options_sf&quot;,return)</favourite>
	<favourite name="Tony Hawk" thumb="http://thegamesdb.net/banners/boxart/original/front/11067-1.jpg">ActivateWindow(10025,&quot;plugin://plugin.program.iarl/Emulator/Sega_Dreamcast_ZachMorris/Game/Tony+Hawk%27s+Pro+Skater+2+%28USA%29?sf_options=desc%3D%26_options_sf&quot;,return)</favourite>
	<favourite name="Tony Hawk" thumb="http://thegamesdb.net/banners/boxart/original/front/1218-1.jpg">ActivateWindow(10025,&quot;plugin://plugin.program.iarl/Emulator/N64_ZachMorris/Game/Tony+Hawk%27s+Pro+Skater+2+%28USA%29?sf_options=desc%3D%26_options_sf&quot;,return)</favourite>
	<favourite name="Tony Hawk" thumb="http://thegamesdb.net/banners/boxart/original/front/9353-1.jpg">ActivateWindow(10025,&quot;plugin://plugin.program.iarl/Emulator/PS1_ZachMorris/Game/Tony+Hawk%27s+Pro+Skater+2+%28USA%29?sf_options=desc%3D%26_options_sf&quot;,return)</favourite>
	<favourite name="Tony Hawk" thumb="http://static.giantbomb.com/uploads/scale_large/8/87790/2269420-box_thps2.png">ActivateWindow(10025,&quot;plugin://plugin.program.iarl/Emulator/GBA_ZachMorris/Game/Tony+Hawk%27s+Pro+Skater+2+%28USA%2C+Europe%29?sf_options=desc%3D%26_options_sf&quot;,return)</favourite>
	<favourite name="Tony Hawk" thumb="http://thegamesdb.net/banners/boxart/original/front/22103-1.jpg">ActivateWindow(10025,&quot;plugin://plugin.program.iarl/Emulator/GBC_ZachMorris/Game/Tony+Hawk%27s+Pro+Skater+2+%28USA%2C+Europe%29?sf_options=desc%3D%26_options_sf&quot;,return)</favourite>
	<favourite name="Tony Hawk" thumb="http://thegamesdb.net/banners/boxart/original/front/6265-1.jpg">ActivateWindow(10025,&quot;plugin://plugin.program.iarl/Emulator/Nintendo_Gamecube_N3RDFLIX/Game/Tony+Hawk%27s+Pro+Skater+3+%28Europe%29?sf_options=desc%3D%26_options_sf&quot;,return)</favourite>
	<favourite name="Tony Hawk" thumb="http://thegamesdb.net/banners/boxart/original/front/1219-1.jpg">ActivateWindow(10025,&quot;plugin://plugin.program.iarl/Emulator/N64_ZachMorris/Game/Tony+Hawk%27s+Pro+Skater+3+%28USA%29?sf_options=desc%3D%26_options_sf&quot;,return)</favourite>
	<favourite name="Tony Hawk" thumb="http://thegamesdb.net/banners/boxart/original/front/4772-1.jpg">ActivateWindow(10025,&quot;plugin://plugin.program.iarl/Emulator/Sony_Playstation_2_N3RDFLIX/Game/Tony+Hawk%27s+Pro+Skater+3+%28USA%29?sf_options=desc%3D%26_options_sf&quot;,return)</favourite>
	<favourite name="Tony Hawk" thumb="http://thegamesdb.net/banners/boxart/original/front/11667-1.jpg">ActivateWindow(10025,&quot;plugin://plugin.program.iarl/Emulator/PS1_ZachMorris/Game/Tony+Hawk%27s+Pro+Skater+3+%28USA%29?sf_options=desc%3D%26_options_sf&quot;,return)</favourite>
	<favourite name="Tony Hawk" thumb="http://thegamesdb.net/banners/boxart/original/front/4120-1.jpg">ActivateWindow(10025,&quot;plugin://plugin.program.iarl/Emulator/GBA_ZachMorris/Game/Tony+Hawk%27s+Pro+Skater+3+%28USA%2C+Europe%29?sf_options=desc%3D%26_options_sf&quot;,return)</favourite>
	<favourite name="Tony Hawk" thumb="http://thegamesdb.net/banners/boxart/original/front/22104-1.jpg">ActivateWindow(10025,&quot;plugin://plugin.program.iarl/Emulator/GBC_ZachMorris/Game/Tony+Hawk%27s+Pro+Skater+3+%28USA%2C+Europe%29?sf_options=desc%3D%26_options_sf&quot;,return)</favourite>
	<favourite name="Tony Hawk" thumb="http://thegamesdb.net/banners/boxart/original/front/2322-1.jpg">ActivateWindow(10025,&quot;plugin://plugin.program.iarl/Emulator/Nintendo_Gamecube_N3RDFLIX/Game/Tony+Hawk%27s+Pro+Skater+4+%28Europe%29?sf_options=desc%3D%26_options_sf&quot;,return)</favourite>
	<favourite name="Tony Hawk" thumb="http://thegamesdb.net/banners/boxart/original/front/11668-1.jpg">ActivateWindow(10025,&quot;plugin://plugin.program.iarl/Emulator/PS1_ZachMorris/Game/Tony+Hawk%27s+Pro+Skater+4+%28USA%29?sf_options=desc%3D%26_options_sf&quot;,return)</favourite>
	<favourite name="Tony Hawk" thumb="http://thegamesdb.net/banners/boxart/original/front/9743-1.jpg">ActivateWindow(10025,&quot;plugin://plugin.program.iarl/Emulator/Sony_Playstation_2_N3RDFLIX/Game/Tony+Hawk%27s+Pro+Skater+4+%28USA%29?sf_options=desc%3D%26_options_sf&quot;,return)</favourite>
	<favourite name="Tony Hawk" thumb="http://thegamesdb.net/banners/boxart/original/front/4121-1.jpg">ActivateWindow(10025,&quot;plugin://plugin.program.iarl/Emulator/GBA_ZachMorris/Game/Tony+Hawk%27s+Pro+Skater+4+%28USA%2C+Europe%29?sf_options=desc%3D%26_options_sf&quot;,return)</favourite>
	<favourite name="Tony Hawk" thumb="http://thegamesdb.net/banners/boxart/original/front/19414-1.jpg">ActivateWindow(10025,&quot;plugin://plugin.program.iarl/Emulator/PSP_N3RDFLIX/Game/Tony+Hawk%27s+Project+8+%28USA%29?sf_options=desc%3D%26_options_sf&quot;,return)</favourite>
	<favourite name="Tony Hawk" thumb="http://thegamesdb.net/banners/boxart/original/front/14092-1.jpg">ActivateWindow(10025,&quot;plugin://plugin.program.iarl/Emulator/Sony_Playstation_2_N3RDFLIX/Game/Tony+Hawk%27s+Project+8+%28USA%29?sf_options=desc%3D%26_options_sf&quot;,return)</favourite>
	<favourite name="Tony Hawk" thumb="http://thegamesdb.net/banners/boxart/original/front/2323-1.jpg">ActivateWindow(10025,&quot;plugin://plugin.program.iarl/Emulator/Nintendo_Gamecube_N3RDFLIX/Game/Tony+Hawk%27s+Underground+%28Europe%29?sf_options=desc%3D%26_options_sf&quot;,return)</favourite>
	<favourite name="Tony Hawk" thumb="http://thegamesdb.net/banners/boxart/original/front/4774-1.jpg">ActivateWindow(10025,&quot;plugin://plugin.program.iarl/Emulator/Sony_Playstation_2_N3RDFLIX/Game/Tony+Hawk%27s+Underground+%28USA%29?sf_options=desc%3D%26_options_sf&quot;,return)</favourite>
	<favourite name="Tony Hawk" thumb="http://thegamesdb.net/banners/boxart/original/front/4122-1.jpg">ActivateWindow(10025,&quot;plugin://plugin.program.iarl/Emulator/GBA_ZachMorris/Game/Tony+Hawk%27s+Underground+%28USA%2C+Europe%29?sf_options=desc%3D%26_options_sf&quot;,return)</favourite>
	<favourite name="Tony Hawk" thumb="http://thegamesdb.net/banners/boxart/original/front/2324-1.jpg">ActivateWindow(10025,&quot;plugin://plugin.program.iarl/Emulator/Nintendo_Gamecube_N3RDFLIX/Game/Tony+Hawk%27s+Underground+2+%28Europe%29?sf_options=desc%3D%26_options_sf&quot;,return)</favourite>
	<favourite name="Tony Hawk" thumb="http://thegamesdb.net/banners/boxart/original/front/9309-2.jpg">ActivateWindow(10025,&quot;plugin://plugin.program.iarl/Emulator/Sony_Playstation_2_N3RDFLIX/Game/Tony+Hawk%27s+Underground+2+%28USA%29?sf_options=desc%3D%26_options_sf&quot;,return)</favourite>
	<favourite name="Tony Hawk" thumb="http://thegamesdb.net/banners/boxart/original/front/4123-1.jpg">ActivateWindow(10025,&quot;plugin://plugin.program.iarl/Emulator/GBA_ZachMorris/Game/Tony+Hawk%27s+Underground+2+%28USA%2C+Europe%29?sf_options=desc%3D%26_options_sf&quot;,return)</favourite>
	<favourite name="Tony Hawk" thumb="http://thegamesdb.net/banners/boxart/original/front/20096-1.jpg">ActivateWindow(10025,&quot;plugin://plugin.program.iarl/Emulator/PSP_N3RDFLIX/Game/Tony+Hawk%27s+Underground+2+-+Remix+%28USA%29?sf_options=desc%3D%26_options_sf&quot;,return)</favourite>
	<favourite name="Tony Hawk's American Sk8land" thumb="http://thegamesdb.net/banners/boxart/original/front/6891-1.jpg">ActivateWindow(10025,&quot;plugin://plugin.program.iarl/Emulator/NINTENDO_DS_N3RDFLIX/Game/Tony+Hawk%27s+American+Sk8land+%28USA%29?sf_options=desc%3D%26_options_sf&quot;,return)</favourite>
	<favourite name="Tony Hawk's American Wasteland" thumb="http://thegamesdb.net/banners/boxart/original/front/2321-1.jpg">ActivateWindow(10025,&quot;plugin://plugin.program.iarl/Emulator/Nintendo_Gamecube_N3RDFLIX/Game/Tony+Hawk%27s+American+Wasteland+%28Europe%29?sf_options=desc%3D%26_options_sf&quot;,return)</favourite>
	<favourite name="Tony Hawk's American Wasteland" thumb="http://thegamesdb.net/banners/boxart/original/front/4773-1.jpg">ActivateWindow(10025,&quot;plugin://plugin.program.iarl/Emulator/Sony_Playstation_2_N3RDFLIX/Game/Tony+Hawk%27s+American+Wasteland+%28USA%29?sf_options=desc%3D%26_options_sf&quot;,return)</favourite>
	<favourite name="Tony Hawk's Downhill Jam" thumb="http://thegamesdb.net/banners/boxart/original/front/29409-1.jpg">ActivateWindow(10025,&quot;plugin://plugin.program.iarl/Emulator/NINTENDO_DS_N3RDFLIX/Game/Tony+Hawk%27s+Downhill+Jam+%28USA%29%28Psyfer%29?sf_options=desc%3D%26_options_sf&quot;,return)</favourite>
	<favourite name="Tony Hawk's Downhill Jam" thumb="http://thegamesdb.net/banners/boxart/original/front/37273-1.png">ActivateWindow(10025,&quot;plugin://plugin.program.iarl/Emulator/Sony_Playstation_2_N3RDFLIX/Game/Tony+Hawk%27s+Downhill+Jam+%28USA%29?sf_options=desc%3D%26_options_sf&quot;,return)</favourite>
	<favourite name="Tony Hawk's Motion" thumb="http://thegamesdb.net/banners/boxart/original/front/44536-1.jpg">ActivateWindow(10025,&quot;plugin://plugin.program.iarl/Emulator/NINTENDO_DS_N3RDFLIX/Game/Tony+Hawk%27s+Motion+%28USA%29?sf_options=desc%3D%26_options_sf&quot;,return)</favourite>
	<favourite name="Tony Hawk's Pro Skater 3" thumb="http://thegamesdb.net/banners/boxart/original/front/6265-1.jpg">ActivateWindow(10025,&quot;plugin://plugin.program.iarl/Emulator/Nintendo_Gamecube_N3RDFLIX/Game/Tony+Hawk%27s+Pro+Skater+3+%28Europe%29?sf_options=desc%3D%26_options_sf&quot;,return)</favourite>
	<favourite name="Tony Hawk's Pro Skater 3" thumb="http://thegamesdb.net/banners/boxart/original/front/4772-1.jpg">ActivateWindow(10025,&quot;plugin://plugin.program.iarl/Emulator/Sony_Playstation_2_N3RDFLIX/Game/Tony+Hawk%27s+Pro+Skater+3+%28USA%29?sf_options=desc%3D%26_options_sf&quot;,return)</favourite>
	<favourite name="Tony Hawk's Pro Skater 4" thumb="http://thegamesdb.net/banners/boxart/original/front/2322-1.jpg">ActivateWindow(10025,&quot;plugin://plugin.program.iarl/Emulator/Nintendo_Gamecube_N3RDFLIX/Game/Tony+Hawk%27s+Pro+Skater+4+%28Europe%29?sf_options=desc%3D%26_options_sf&quot;,return)</favourite>
	<favourite name="Tony Hawk's Pro Skater 4" thumb="http://thegamesdb.net/banners/boxart/original/front/9743-1.jpg">ActivateWindow(10025,&quot;plugin://plugin.program.iarl/Emulator/Sony_Playstation_2_N3RDFLIX/Game/Tony+Hawk%27s+Pro+Skater+4+%28USA%29?sf_options=desc%3D%26_options_sf&quot;,return)</favourite>
	<favourite name="Tony Hawk's Project 8" thumb="http://thegamesdb.net/banners/boxart/original/front/19414-1.jpg">ActivateWindow(10025,&quot;plugin://plugin.program.iarl/Emulator/PSP_N3RDFLIX/Game/Tony+Hawk%27s+Project+8+%28USA%29?sf_options=desc%3D%26_options_sf&quot;,return)</favourite>
	<favourite name="Tony Hawk's Project 8" thumb="http://thegamesdb.net/banners/boxart/original/front/14092-1.jpg">ActivateWindow(10025,&quot;plugin://plugin.program.iarl/Emulator/Sony_Playstation_2_N3RDFLIX/Game/Tony+Hawk%27s+Project+8+%28USA%29?sf_options=desc%3D%26_options_sf&quot;,return)</favourite>
	<favourite name="Tony Hawk's Proving Ground" thumb="http://thegamesdb.net/banners/boxart/original/front/25261-1.jpg">ActivateWindow(10025,&quot;plugin://plugin.program.iarl/Emulator/NINTENDO_DS_N3RDFLIX/Game/Tony+Hawk%27s+Proving+Ground+%28USA%29?sf_options=desc%3D%26_options_sf&quot;,return)</favourite>
	<favourite name="Tony Hawk's Proving Ground" thumb="http://thegamesdb.net/banners/boxart/original/front/15489-1.jpg">ActivateWindow(10025,&quot;plugin://plugin.program.iarl/Emulator/Sony_Playstation_2_N3RDFLIX/Game/Tony+Hawk%27s+Proving+Ground+%28USA%29?sf_options=desc%3D%26_options_sf&quot;,return)</favourite>
	<favourite name="Tony Hawk's Underground" thumb="http://thegamesdb.net/banners/boxart/original/front/2323-1.jpg">ActivateWindow(10025,&quot;plugin://plugin.program.iarl/Emulator/Nintendo_Gamecube_N3RDFLIX/Game/Tony+Hawk%27s+Underground+%28Europe%29?sf_options=desc%3D%26_options_sf&quot;,return)</favourite>
	<favourite name="Tony Hawk's Underground" thumb="http://thegamesdb.net/banners/boxart/original/front/4774-1.jpg">ActivateWindow(10025,&quot;plugin://plugin.program.iarl/Emulator/Sony_Playstation_2_N3RDFLIX/Game/Tony+Hawk%27s+Underground+%28USA%29?sf_options=desc%3D%26_options_sf&quot;,return)</favourite>
	<favourite name="Tony Hawk's Underground 2" thumb="http://thegamesdb.net/banners/boxart/original/front/2324-1.jpg">ActivateWindow(10025,&quot;plugin://plugin.program.iarl/Emulator/Nintendo_Gamecube_N3RDFLIX/Game/Tony+Hawk%27s+Underground+2+%28Europe%29?sf_options=desc%3D%26_options_sf&quot;,return)</favourite>
	<favourite name="Tony Hawk's Underground 2" thumb="http://thegamesdb.net/banners/boxart/original/front/9309-2.jpg">ActivateWindow(10025,&quot;plugin://plugin.program.iarl/Emulator/Sony_Playstation_2_N3RDFLIX/Game/Tony+Hawk%27s+Underground+2+%28USA%29?sf_options=desc%3D%26_options_sf&quot;,return)</favourite>
	<favourite name="Tony Hawk's Underground 2 - Remix" thumb="http://thegamesdb.net/banners/boxart/original/front/20096-1.jpg">ActivateWindow(10025,&quot;plugin://plugin.program.iarl/Emulator/PSP_N3RDFLIX/Game/Tony+Hawk%27s+Underground+2+-+Remix+%28USA%29?sf_options=desc%3D%26_options_sf&quot;,return)</favourite>
	<favourite name="Tony Hawks American Wasteland" thumb="http://thegamesdb.net/banners/boxart/original/front/42833-1.jpg">ActivateWindow(10025,&quot;plugin://plugin.program.iarl/Emulator/Sony_Playstation_2_N3RDFLIX/Game/Tony+Hawks+American+Wasteland+%28USA%29?sf_options=desc%3D%26_options_sf&quot;,return)</favourite>
	<favourite name="X Games Skateboarding" thumb="http://thegamesdb.net/banners/boxart/original/front/45536-1.jpg">ActivateWindow(10025,&quot;plugin://plugin.program.iarl/Emulator/Sony_Playstation_2_N3RDFLIX/Game/X+Games+Skateboarding+%28USA%29?sf_options=desc%3D%26_options_sf&quot;,return)</favourite>
	<favourite name="Yanya Caballista - City Skater" thumb="http://thegamesdb.net/banners/boxart/original/front/46610-1.jpg">ActivateWindow(10025,&quot;plugin://plugin.program.iarl/Emulator/Sony_Playstation_2_N3RDFLIX/Game/Yanya+Caballista+-+City+Skater+%28USA%29?sf_options=desc%3D%26_options_sf&quot;,return)</favourite>
    <favourite name="2 Disney Games - Disney Sports - Football + Disney Sports - Skateboarding" thumb="">ActivateWindow(10025,&quot;plugin://plugin.program.iarl/Emulator/GBA_ZachMorris/Game/2+Disney+Games+-+Disney+Sports+-+Football+%2B+Disney+Sports+-+Skateboarding+%28Europe%29+%28En%2CFr%2CDe%2CEs%2CIt%29?sf_options=desc%3D%26_options_sf&quot;,return)</favourite>
	<favourite name="2 in 1 Game Pack - Tony Hawk" thumb="http://img.gamefaqs.net/box/1/9/9/72199_front.jpg">ActivateWindow(10025,&quot;plugin://plugin.program.iarl/Emulator/GBA_ZachMorris/Game/2+in+1+Game+Pack+-+Tony+Hawk%27s+Underground+%2B+Kelly+Slater%27s+Pro+Surfer+%28USA%2C+Europe%29?sf_options=desc%3D%26_options_sf&quot;,return)</favourite>
	<favourite name="4.  Tony Hawk" thumb="http://thegamesdb.net/banners/boxart/original/front/9353-1.jpg">ActivateWindow(10025,&quot;plugin://plugin.program.iarl/Emulator/PS1_Bestof_ZachMorris/Game/4.++Tony+Hawk%27s+Pro+Skater+2?sf_options=desc%3D%26_options_sf&quot;,return)</favourite>
	<favourite name="720 Degrees" thumb="http://i.imgur.com/m8oRNBj.jpg">ActivateWindow(10025,&quot;plugin://plugin.program.iarl/Emulator/NES_ZachMorris/Game/720+Degrees+%28USA%29?sf_options=desc%3D%26_options_sf&quot;,return)</favourite>
	<favourite name="720 Degrees" thumb="http://thegamesdb.net/banners/boxart/original/front/21879-1.jpg">ActivateWindow(10025,&quot;plugin://plugin.program.iarl/Emulator/GBC_ZachMorris/Game/720+Degrees+%28USA%2C+Europe%29?sf_options=desc%3D%26_options_sf&quot;,return)</favourite>
	<favourite name="720 Degrees" thumb="http://thegamesdb.net/banners/boxart/original/front/7886-1.jpg">ActivateWindow(10025,&quot;plugin://plugin.program.iarl/Emulator/MAME_2014_ZachMorris/Game/720+Degrees+%28rev+4%29?sf_options=desc%3D%26_options_sf&quot;,return)</favourite>
	<favourite name="720 Degrees" thumb="http://thegamesdb.net/banners/boxart/original/front/7886-1.jpg">ActivateWindow(10025,&quot;plugin://plugin.program.iarl/Emulator/MAME_ZachMorris/Game/720+Degrees+%28rev+4%29?sf_options=desc%3D%26_options_sf&quot;,return)</favourite>
	<favourite name="Awesome Earl in SkateRock" thumb="http://www.mobygames.com/images/covers/l/141793-awesome-earl-in-skaterock-dos-front-cover.jpg">ActivateWindow(10025,&quot;plugin://plugin.program.iarl/Emulator/IA_MSDOS_ZachMorris/Game/Awesome+Earl+in+SkateRock?sf_options=desc%3D%26_options_sf&quot;,return)</favourite>
	<favourite name="Backyard Skateboarding" thumb="http://thegamesdb.net/banners/boxart/original/front/25868-1.jpg">ActivateWindow(10025,&quot;plugin://plugin.program.iarl/Emulator/GBA_ZachMorris/Game/Backyard+Skateboarding+%28USA%29?sf_options=desc%3D%26_options_sf&quot;,return)</favourite>
	<favourite name="Cheap Skate" thumb="https://archive.org/download/C64Games_201705/C64_Artwork.zip/Commodore%2064%20Artwork%2FCheap%20Skate%20%28Europe%29%2FCover-Cheap_Skate.jpg">ActivateWindow(10025,&quot;plugin://plugin.program.iarl/Emulator/C64_ZachMorris/Game/Cheap+Skate+%28Europe%29?sf_options=desc%3D%26_options_sf&quot;,return)</favourite>
	<favourite name="Disney" thumb="http://thegamesdb.net/banners/boxart/original/front/20923-1.jpg">ActivateWindow(10025,&quot;plugin://plugin.program.iarl/Emulator/Nintendo_Gamecube_N3RDFLIX/Game/Disney%27s+Extreme+Skate+Adventure+%28Europe%29?sf_options=desc%3D%26_options_sf&quot;,return)</favourite>
	<favourite name="Disney" thumb="http://thegamesdb.net/banners/boxart/original/front/22561-1.jpg">ActivateWindow(10025,&quot;plugin://plugin.program.iarl/Emulator/Sony_Playstation_2_N3RDFLIX/Game/Disney%27s+Extreme+Skate+Adventure+%28USA%29?sf_options=desc%3D%26_options_sf&quot;,return)</favourite>
	<favourite name="Disney's Extreme Skate Adventure" thumb="http://thegamesdb.net/banners/boxart/original/front/20923-1.jpg">ActivateWindow(10025,&quot;plugin://plugin.program.iarl/Emulator/Nintendo_Gamecube_N3RDFLIX/Game/Disney%27s+Extreme+Skate+Adventure+%28Europe%29?sf_options=desc%3D%26_options_sf&quot;,return)</favourite>
	<favourite name="Disney's Extreme Skate Adventure" thumb="http://thegamesdb.net/banners/boxart/original/front/22561-1.jpg">ActivateWindow(10025,&quot;plugin://plugin.program.iarl/Emulator/Sony_Playstation_2_N3RDFLIX/Game/Disney%27s+Extreme+Skate+Adventure+%28USA%29?sf_options=desc%3D%26_options_sf&quot;,return)</favourite>
	<favourite name="Disney Sports - Skateboarding" thumb="http://thegamesdb.net/banners/boxart/original/front/6965-1.jpg">ActivateWindow(10025,&quot;plugin://plugin.program.iarl/Emulator/Nintendo_Gamecube_N3RDFLIX/Game/Disney+Sports+-+Skateboarding+%28Europe%29?sf_options=desc%3D%26_options_sf&quot;,return)</favourite>
	<favourite name="Disney Sports - Skateboarding" thumb="http://static.giantbomb.com/uploads/scale_large/8/87790/2275984-box_dss.png">ActivateWindow(10025,&quot;plugin://plugin.program.iarl/Emulator/GBA_ZachMorris/Game/Disney+Sports+-+Skateboarding+%28USA%29?sf_options=desc%3D%26_options_sf&quot;,return)</favourite>
	<favourite name="ESPN X-Games Skateboarding" thumb="http://thegamesdb.net/banners/boxart/original/front/4145-1.jpg">ActivateWindow(10025,&quot;plugin://plugin.program.iarl/Emulator/GBA_ZachMorris/Game/ESPN+X-Games+Skateboarding+%28USA%29?sf_options=desc%3D%26_options_sf&quot;,return)</favourite>
	<favourite name="Evolution Skateboarding" thumb="http://thegamesdb.net/banners/boxart/original/front/30823-1.jpg">ActivateWindow(10025,&quot;plugin://plugin.program.iarl/Emulator/Nintendo_Gamecube_N3RDFLIX/Game/Evolution+Skateboarding+%28Europe%29?sf_options=desc%3D%26_options_sf&quot;,return)</favourite>
	<favourite name="Evolution Skateboarding" thumb="http://thegamesdb.net/banners/boxart/original/front/26647-1.jpg">ActivateWindow(10025,&quot;plugin://plugin.program.iarl/Emulator/Sony_Playstation_2_N3RDFLIX/Game/Evolution+Skateboarding+%28USA%29?sf_options=desc%3D%26_options_sf&quot;,return)</favourite>
	<favourite name="Extreme Skate Adventure" thumb="http://thegamesdb.net/banners/boxart/original/front/3384-1.jpg">ActivateWindow(10025,&quot;plugin://plugin.program.iarl/Emulator/GBA_ZachMorris/Game/Extreme+Skate+Adventure+%28USA%2C+Europe%29?sf_options=desc%3D%26_options_sf&quot;,return)</favourite>
	<favourite name="Grind Session" thumb="http://thegamesdb.net/banners/boxart/original/front/4983-1.jpg">ActivateWindow(10025,&quot;plugin://plugin.program.iarl/Emulator/PS1_ZachMorris/Game/Grind+Session+%28USA%29?sf_options=desc%3D%26_options_sf&quot;,return)</favourite>
	<favourite name="Imagine - Figure Skater" thumb="http://thegamesdb.net/banners/boxart/original/front/36029-1.jpg">ActivateWindow(10025,&quot;plugin://plugin.program.iarl/Emulator/NINTENDO_DS_N3RDFLIX/Game/Imagine+-+Figure+Skater+%28USA%29?sf_options=desc%3D%26_options_sf&quot;,return)</favourite>
	<favourite name="MTV Sports - Skateboarding featuring Andy MacDonald" thumb="http://thegamesdb.net/banners/boxart/original/front/22037-1.jpg">ActivateWindow(10025,&quot;plugin://plugin.program.iarl/Emulator/GBC_ZachMorris/Game/MTV+Sports+-+Skateboarding+featuring+Andy+MacDonald+%28USA%2C+Europe%29?sf_options=desc%3D%26_options_sf&quot;,return)</favourite>
	<favourite name="MTV Sports - Skateboarding featuring Andy Macdonald" thumb="http://static.giantbomb.com/uploads/scale_large/0/5589/863654-mtv_skateboarding_cover.jpg">ActivateWindow(10025,&quot;plugin://plugin.program.iarl/Emulator/PS1_ZachMorris/Game/MTV+Sports+-+Skateboarding+featuring+Andy+Macdonald+%28USA%29?sf_options=desc%3D%26_options_sf&quot;,return)</favourite>
	<favourite name="MTV Sports - Skateboarding featuring Andy Macdonald" thumb="http://thegamesdb.net/banners/boxart/original/front/24229-1.jpg">ActivateWindow(10025,&quot;plugin://plugin.program.iarl/Emulator/Sega_Dreamcast_ZachMorris/Game/MTV+Sports+-+Skateboarding+featuring+Andy+Macdonald+%28USA%29?sf_options=desc%3D%26_options_sf&quot;,return)</favourite>
	<favourite name="Neighbours" thumb="https://archive.org/download/C64Games_201705/C64_Artwork.zip/Commodore%2064%20Artwork%2FNeighbours%20%28Europe%29%2FCover-Neighbours.jpg">ActivateWindow(10025,&quot;plugin://plugin.program.iarl/Emulator/C64_ZachMorris/Game/Neighbours+%28Europe%29?sf_options=desc%3D%26_options_sf&quot;,return)</favourite>
	<favourite name="Nickelodeon Rocket Power - Team Rocket Rescue" thumb="http://thegamesdb.net/banners/boxart/original/front/13640-1.jpg">ActivateWindow(10025,&quot;plugin://plugin.program.iarl/Emulator/PS1_ZachMorris/Game/Nickelodeon+Rocket+Power+-+Team+Rocket+Rescue+%28USA%29?sf_options=desc%3D%26_options_sf&quot;,return)</favourite>
	<favourite name="Professional Skateboard Simulator" thumb="https://archive.org/download/C64Games_201705/C64_Artwork.zip/Commodore%2064%20Artwork%2FProfessional%20Skateboard%20Simulator%20%28Europe%29%2F%5B1.Front%5D%20Front1.jpg">ActivateWindow(10025,&quot;plugin://plugin.program.iarl/Emulator/C64_ZachMorris/Game/Professional+Skateboard+Simulator+%28Europe%29?sf_options=desc%3D%26_options_sf&quot;,return)</favourite>
	<favourite name="Rad Ramp Racer" thumb="https://archive.org/download/C64Games_201705/C64_Artwork.zip/Commodore%2064%20Artwork%2FRad%20Ramp%20Racer%20%28Europe%29%2FCover-Rad_Ramp_Racer.jpg">ActivateWindow(10025,&quot;plugin://plugin.program.iarl/Emulator/C64_ZachMorris/Game/Rad+Ramp+Racer+%28Europe%29?sf_options=desc%3D%26_options_sf&quot;,return)</favourite>
	<favourite name="Rocket Power - Zero Gravity Zone" thumb="http://thegamesdb.net/banners/boxart/original/front/3593-1.jpg">ActivateWindow(10025,&quot;plugin://plugin.program.iarl/Emulator/GBA_ZachMorris/Game/Rocket+Power+-+Zero+Gravity+Zone+%28USA%29?sf_options=desc%3D%26_options_sf&quot;,return)</favourite>
	<favourite name="Rollerboard" thumb="https://archive.org/download/C64Games_201705/C64_Artwork.zip/Commodore%2064%20Artwork%2FRollerboard%20%28Europe%29%2FCover%20%28Kingsoft%29-Rollerboard_%28Kingsoft%29.jpg">ActivateWindow(10025,&quot;plugin://plugin.program.iarl/Emulator/C64_ZachMorris/Game/Rollerboard+%28Europe%29?sf_options=desc%3D%26_options_sf&quot;,return)</favourite>
	<favourite name="SK8 - Tony Hawk" thumb="http://thegamesdb.net/banners/boxart/original/front/4119-1.jpg">ActivateWindow(10025,&quot;plugin://plugin.program.iarl/Emulator/GBA_ZachMorris/Game/SK8+-+Tony+Hawk%27s+Pro+Skater+2+%28Japan%29?sf_options=desc%3D%26_options_sf&quot;,return)</favourite>
	<favourite name="Skate Boardin" thumb="http://thegamesdb.net/banners/boxart/original/front/28703-1.jpg">ActivateWindow(10025,&quot;plugin://plugin.program.iarl/Emulator/Atari_2600_ZachMorris/Game/Skate+Boardin%27?sf_options=desc%3D%26_options_sf&quot;,return)</favourite>
	<favourite name="Skate Crazy" thumb="https://archive.org/download/C64Games_201705/C64_Artwork.zip/Commodore%2064%20Artwork%2FSkate%20Crazy%20%28Europe%29%20%28Side%20A%29%2F%5B1.Front%5D%20Front1.jpg">ActivateWindow(10025,&quot;plugin://plugin.program.iarl/Emulator/C64_ZachMorris/Game/Skate+Crazy+%28Europe%29?sf_options=desc%3D%26_options_sf&quot;,return)</favourite>
	<favourite name="Skate It" thumb="http://thegamesdb.net/banners/boxart/original/front/30682-1.jpg">ActivateWindow(10025,&quot;plugin://plugin.program.iarl/Emulator/NINTENDO_DS_N3RDFLIX/Game/Skate+It+%28USA%29?sf_options=desc%3D%26_options_sf&quot;,return)</favourite>
	<favourite name="Skate Park City" thumb="http://thegamesdb.net/banners/boxart/original/front/42649-1.jpg">ActivateWindow(10025,&quot;plugin://plugin.program.iarl/Emulator/PSP_N3RDFLIX/Game/Skate+Park+City+%28Europe%29?sf_options=desc%3D%26_options_sf&quot;,return)</favourite>
	<favourite name="Skate or Die!" thumb="https://archive.org/download/C64Games_201705/C64_Artwork.zip/Commodore%2064%20Artwork%2FSkate%20or%20Die%21%20%28USA%29%20%28Side%20A%29%2F%5B1.Front%5D%20Front1.jpg">ActivateWindow(10025,&quot;plugin://plugin.program.iarl/Emulator/C64_ZachMorris/Game/Skate+or+Die%21?sf_options=desc%3D%26_options_sf&quot;,return)</favourite>
	<favourite name="Skate or Die" thumb="http://i.imgur.com/30mGCdm.jpg">ActivateWindow(10025,&quot;plugin://plugin.program.iarl/Emulator/NES_ZachMorris/Game/Skate+or+Die+%28USA%29?sf_options=desc%3D%26_options_sf&quot;,return)</favourite>
	<favourite name="Skate or Die - Bad " thumb="http://static.giantbomb.com/uploads/scale_large/10/103881/2181146-cover.jpg">ActivateWindow(10025,&quot;plugin://plugin.program.iarl/Emulator/GB_Classic_ZachMorris/Game/Skate+or+Die+-+Bad+%27N+Rad+%28USA%29?sf_options=desc%3D%26_options_sf&quot;,return)</favourite>
	<favourite name="Skate or Die - Tour de Thrash" thumb="http://thegamesdb.net/banners/boxart/original/front/21727-1.jpg">ActivateWindow(10025,&quot;plugin://plugin.program.iarl/Emulator/GB_Classic_ZachMorris/Game/Skate+or+Die+-+Tour+de+Thrash+%28USA%29?sf_options=desc%3D%26_options_sf&quot;,return)</favourite>
	<favourite name="Skate or Die 2 - The Search for Double Trouble" thumb="http://i.imgur.com/FUJptaH.jpg">ActivateWindow(10025,&quot;plugin://plugin.program.iarl/Emulator/NES_ZachMorris/Game/Skate+or+Die+2+-+The+Search+for+Double+Trouble+%28USA%29?sf_options=desc%3D%26_options_sf&quot;,return)</favourite>
	<favourite name="SkateRock" thumb="https://archive.org/download/C64Games_201705/C64_Artwork.zip/Commodore%2064%20Artwork%2FSkateRock%20%28Europe%29%2FCover%20%28Ricochet%29-SkateRock_%28Ricochet%29.jpg">ActivateWindow(10025,&quot;plugin://plugin.program.iarl/Emulator/C64_ZachMorris/Game/SkateRock?sf_options=desc%3D%26_options_sf&quot;,return)</favourite>
	<favourite name="Skateball" thumb="https://archive.org/download/C64Games_201705/C64_Artwork.zip/Commodore%2064%20Artwork%2FSkateball%20%28France%29%2FCover-Skateball_%28v1%29.jpg">ActivateWindow(10025,&quot;plugin://plugin.program.iarl/Emulator/C64_ZachMorris/Game/Skateball?sf_options=desc%3D%26_options_sf&quot;,return)</favourite>
	<favourite name="Skateboard Joust" thumb="https://archive.org/download/C64Games_201705/C64_Artwork.zip/Commodore%2064%20Artwork%2FSkateboard%20Joust%20%28Europe%29%2FAdvert-Silverbird2.jpg">ActivateWindow(10025,&quot;plugin://plugin.program.iarl/Emulator/C64_ZachMorris/Game/Skateboard+Joust+%28Europe%29?sf_options=desc%3D%26_options_sf&quot;,return)</favourite>
	<favourite name="Skater" thumb="http://archive.org/download/Mame172arcdcmplt/artpreview.zip/cskater.png">ActivateWindow(10025,&quot;plugin://plugin.program.iarl/Emulator/MAME_ZachMorris/Game/Skater+%28DECO+Cassette%29+%28Japan%29?sf_options=desc%3D%26_options_sf&quot;,return)</favourite>
	<favourite name="Skatin" thumb="https://archive.org/download/C64Games_201705/C64_Artwork.zip/Commodore%2064%20Artwork%2FSkatin%27%20USA%20%28Europe%29%2F%5B1.Front%5D%20Front1.jpg">ActivateWindow(10025,&quot;plugin://plugin.program.iarl/Emulator/C64_ZachMorris/Game/Skatin%27+USA+%28Europe%29?sf_options=desc%3D%26_options_sf&quot;,return)</favourite>
	<favourite name="Sports:  8.  720 Degrees" thumb="http://thegamesdb.net/banners/boxart/original/front/7886-1.jpg">ActivateWindow(10025,&quot;plugin://plugin.program.iarl/Emulator/MAME_Bestof_ZachMorris/Game/Sports%3A++8.++720+Degrees?sf_options=desc%3D%26_options_sf&quot;,return)</favourite>
	<favourite name="Street Sk8er" thumb="http://thegamesdb.net/banners/boxart/original/front/13566-1.jpg">ActivateWindow(10025,&quot;plugin://plugin.program.iarl/Emulator/PS1_ZachMorris/Game/Street+Sk8er+%28USA%29?sf_options=desc%3D%26_options_sf&quot;,return)</favourite>
	<favourite name="Street Sk8er 2" thumb="http://thegamesdb.net/banners/boxart/original/front/612-1.jpg">ActivateWindow(10025,&quot;plugin://plugin.program.iarl/Emulator/PS1_ZachMorris/Game/Street+Sk8er+2+%28USA%29?sf_options=desc%3D%26_options_sf&quot;,return)</favourite>
	<favourite name="Street Surfer" thumb="https://archive.org/download/C64Games_201705/C64_Artwork.zip/Commodore%2064%20Artwork%2FStreet%20Surfer%20%28Europe%29%2F%5B1.Front%5D%20Front1.jpg">ActivateWindow(10025,&quot;plugin://plugin.program.iarl/Emulator/C64_ZachMorris/Game/Street+Surfer+%28Europe%29?sf_options=desc%3D%26_options_sf&quot;,return)</favourite>
	<favourite name="Super Skateboardin" thumb="http://thegamesdb.net/banners/boxart/original/front/20614-1.jpg">ActivateWindow(10025,&quot;plugin://plugin.program.iarl/Emulator/Atari_7800_ZachMorris/Game/Super+Skateboardin%27+%281988%29%28Absolute+Entertainment%29%28NTSC%29?sf_options=desc%3D%26_options_sf&quot;,return)</favourite>
	<favourite name="Tech Deck Skateboarding" thumb="http://thegamesdb.net/banners/boxart/original/front/22090-1.png">ActivateWindow(10025,&quot;plugin://plugin.program.iarl/Emulator/GBC_ZachMorris/Game/Tech+Deck+Skateboarding+%28USA%2C+Europe%29?sf_options=desc%3D%26_options_sf&quot;,return)</favourite>
	<favourite name="Thrasher - Skate and Destroy" thumb="http://thegamesdb.net/banners/boxart/original/front/13526-1.jpg">ActivateWindow(10025,&quot;plugin://plugin.program.iarl/Emulator/PS1_ZachMorris/Game/Thrasher+-+Skate+and+Destroy+%28USA%29?sf_options=desc%3D%26_options_sf&quot;,return)</favourite>
	<favourite name="Top Skater" thumb="http://thegamesdb.net/banners/boxart/original/front/19675-1.jpg">ActivateWindow(10025,&quot;plugin://plugin.program.iarl/Emulator/MAME_ZachMorris/Game/Top+Skater+%28Export%2C+Revision+A%29?sf_options=desc%3D%26_options_sf&quot;,return)</favourite>
	<favourite name="TrickStyle" thumb="http://thegamesdb.net/banners/boxart/original/front/11065-1.jpg">ActivateWindow(10025,&quot;plugin://plugin.program.iarl/Emulator/Sega_Dreamcast_ZachMorris/Game/TrickStyle+%28USA%29?sf_options=desc%3D%26_options_sf&quot;,return)</favourite>
	<favourite name="X Games Skateboarding" thumb="http://thegamesdb.net/banners/boxart/original/front/45536-1.jpg">ActivateWindow(10025,&quot;plugin://plugin.program.iarl/Emulator/Sony_Playstation_2_N3RDFLIX/Game/X+Games+Skateboarding+%28USA%29?sf_options=desc%3D%26_options_sf&quot;,return)</favourite>
	<favourite name="X-Bladez - Inline Skater" thumb="http://static.giantbomb.com/uploads/scale_large/0/9261/310109-x_bladez_inline_skater_pal.jpg">ActivateWindow(10025,&quot;plugin://plugin.program.iarl/Emulator/GBA_ZachMorris/Game/X-Bladez+-+Inline+Skater+%28USA%29?sf_options=desc%3D%26_options_sf&quot;,return)</favourite>
	<favourite name="X-Bladez - Inline Skater" thumb="http://thegamesdb.net/banners/boxart/original/front/11895-1.jpg">ActivateWindow(10025,&quot;plugin://plugin.program.iarl/Emulator/PS1_ZachMorris/Game/X-Bladez+-+Inline+Skater+%28USA%29?sf_options=desc%3D%26_options_sf&quot;,return)</favourite>
	<favourite name="Yanya Caballista - City Skater" thumb="http://thegamesdb.net/banners/boxart/original/front/46610-1.jpg">ActivateWindow(10025,&quot;plugin://plugin.program.iarl/Emulator/Sony_Playstation_2_N3RDFLIX/Game/Yanya+Caballista+-+City+Skater+%28USA%29?sf_options=desc%3D%26_options_sf&quot;,return)</favourite>
</favourites>