<favourites>
	<favourite name="Shinobi" thumb="http://i.imgur.com/h95acUu.jpg">ActivateWindow(10025,&quot;plugin://plugin.program.iarl/Emulator/NES_ZachMorris/Game/Shinobi+%28USA%29+%28Unl%29?sf_options=desc%3D%26_options_sf&quot;,return)</favourite>
	<favourite name="Shin Shinobi Den" thumb="">ActivateWindow(10025,&quot;plugin://plugin.program.iarl/Emulator/Sega_Saturn_ZachMorris/Game/Shin+Shinobi+Den+%28Japan%29?sf_options=desc%3D%26_options_sf&quot;,return)</favourite>
	<favourite name="Shinobi" thumb="http://www.mobygames.com/images/covers/l/29717-shinobi-dos-front-cover.jpg">ActivateWindow(10025,&quot;plugin://plugin.program.iarl/Emulator/IA_MSDOS_ZachMorris/Game/Shinobi?sf_options=desc%3D%26_options_sf&quot;,return)</favourite>
	<favourite name="Shinobi" thumb="https://archive.org/download/C64Games_201705/C64_Artwork.zip/Commodore%2064%20Artwork%2FShinobi%20%28Europe%29%2F%5B1.Front%5D%20Front1.jpg">ActivateWindow(10025,&quot;plugin://plugin.program.iarl/Emulator/C64_ZachMorris/Game/Shinobi+%28Europe%29?sf_options=desc%3D%26_options_sf&quot;,return)</favourite>
	<favourite name="Shinobi" thumb="http://thegamesdb.net/banners/boxart/original/front/25033-1.jpg">ActivateWindow(10025,&quot;plugin://plugin.program.iarl/Emulator/TG16_ZachMorris/Game/Shinobi+%28Japan%29?sf_options=desc%3D%26_options_sf&quot;,return)</favourite>
	<favourite name="Shinobi" thumb="http://thegamesdb.net/banners/boxart/original/front/8747-1.jpg">ActivateWindow(10025,&quot;plugin://plugin.program.iarl/Emulator/MAME_ZachMorris/Game/Shinobi+%28Mega-Tech%2C+SMS+based%29?sf_options=desc%3D%26_options_sf&quot;,return)</favourite>
	<favourite name="Shinobi" thumb="http://thegamesdb.net/banners/boxart/original/front/8747-1.jpg">ActivateWindow(10025,&quot;plugin://plugin.program.iarl/Emulator/MAME_2014_ZachMorris/Game/Shinobi+%28Mega-Tech%2C+SMS+based%29?sf_options=desc%3D%26_options_sf&quot;,return)</favourite>
	<favourite name="Shinobi" thumb="http://thegamesdb.net/banners/boxart/original/front/4775-1.jpg">ActivateWindow(10025,&quot;plugin://plugin.program.iarl/Emulator/Sony_Playstation_2_N3RDFLIX/Game/Shinobi+%28USA%29?sf_options=desc%3D%26_options_sf&quot;,return)</favourite>
	<favourite name="Shinobi" thumb="http://thegamesdb.net/banners/boxart/original/front/5753-1.jpg">ActivateWindow(10025,&quot;plugin://plugin.program.iarl/Emulator/Game_Gear_ZachMorris/Game/Shinobi+%28USA%2C+Europe%29?sf_options=desc%3D%26_options_sf&quot;,return)</favourite>
	<favourite name="Shinobi" thumb="http://thegamesdb.net/banners/boxart/original/front/2071-2.jpg">ActivateWindow(10025,&quot;plugin://plugin.program.iarl/Emulator/Master_System_ZachMorris/Game/Shinobi+%28USA%2C+Europe%29?sf_options=desc%3D%26_options_sf&quot;,return)</favourite>
	<favourite name="Shinobi" thumb="http://thegamesdb.net/banners/boxart/original/front/8747-1.jpg">ActivateWindow(10025,&quot;plugin://plugin.program.iarl/Emulator/MAME_AKNF_Full/Game/Shinobi+%28set+6%2C+System+16A%29+%28unprotected%29?sf_options=desc%3D%26_options_sf&quot;,return)</favourite>
	<favourite name="Shinobi" thumb="http://thegamesdb.net/banners/boxart/original/front/8747-1.jpg">ActivateWindow(10025,&quot;plugin://plugin.program.iarl/Emulator/MAME_ZachMorris/Game/Shinobi+%28set+6%2C+System+16A%29+%28unprotected%29?sf_options=desc%3D%26_options_sf&quot;,return)</favourite>
	<favourite name="Shinobi" thumb="http://images.launchbox-app.com/mt_shnbi.png">ActivateWindow(10025,&quot;plugin://plugin.program.iarl/Emulator/FBA_ZachMorris/Game/Shinobi+%28set+6%2C+System+16A%29+%28unprotected%29?sf_options=desc%3D%26_options_sf&quot;,return)</favourite>
	<favourite name="Shinobi" thumb="http://thegamesdb.net/banners/boxart/original/front/8747-1.jpg">ActivateWindow(10025,&quot;plugin://plugin.program.iarl/Emulator/MAME_2014_ZachMorris/Game/Shinobi+%28set+6%2C+System+16A%2C+unprotected%29?sf_options=desc%3D%26_options_sf&quot;,return)</favourite>
	<favourite name="Shinobi / FZ-2006" thumb="http://archive.org/download/Mame172arcdcmplt/snap.zip/shinfz.png">ActivateWindow(10025,&quot;plugin://plugin.program.iarl/Emulator/FBA_ZachMorris/Game/Shinobi+%2F+FZ-2006+%28Korean+System+16+bootleg%29+%28ISG+Selection+Master+Type+2006%29?sf_options=desc%3D%26_options_sf&quot;,return)</favourite>
	<favourite name="Shinobi / FZ-2006" thumb="http://archive.org/download/Mame172arcdcmplt/snap.zip/shinfz.png">ActivateWindow(10025,&quot;plugin://plugin.program.iarl/Emulator/MAME_ZachMorris/Game/Shinobi+%2F+FZ-2006+%28Korean+System+16+bootleg%29+%28ISG+Selection+Master+Type+2006%29?sf_options=desc%3D%26_options_sf&quot;,return)</favourite>
	<favourite name="Shinobi II - The Silent Fury" thumb="http://thegamesdb.net/banners/boxart/original/front/17797-1.jpg">ActivateWindow(10025,&quot;plugin://plugin.program.iarl/Emulator/Game_Gear_ZachMorris/Game/Shinobi+II+-+The+Silent+Fury+%28World%29+%28Ja%29?sf_options=desc%3D%26_options_sf&quot;,return)</favourite>
	<favourite name="Shinobi III" thumb="http://archive.org/download/Mame172arcdcmplt/flyers.zip/megaplay.png">ActivateWindow(10025,&quot;plugin://plugin.program.iarl/Emulator/MAME_ZachMorris/Game/Shinobi+III+%28Mega+Play%29?sf_options=desc%3D%26_options_sf&quot;,return)</favourite>
	<favourite name="Shinobi III - Return of the Ninja Master" thumb="http://static.giantbomb.com/uploads/scale_large/8/87790/2412941-box_shinobi3.png">ActivateWindow(10025,&quot;plugin://plugin.program.iarl/Emulator/Genesis_ZachMorris/Game/Shinobi+III+-+Return+of+the+Ninja+Master+%28USA%29?sf_options=desc%3D%26_options_sf&quot;,return)</favourite>
	<favourite name="Shinobi-X - Shin Shinobi Den" thumb="">ActivateWindow(10025,&quot;plugin://plugin.program.iarl/Emulator/Sega_Saturn_ZachMorris/Game/Shinobi-X+-+Shin+Shinobi+Den+%28Europe%29?sf_options=desc%3D%26_options_sf&quot;,return)</favourite>
	<favourite name="Side Scrolling:  20.  Shinobi" thumb="http://thegamesdb.net/banners/boxart/original/front/8747-1.jpg">ActivateWindow(10025,&quot;plugin://plugin.program.iarl/Emulator/MAME_Bestof_ZachMorris/Game/Side+Scrolling%3A++20.++Shinobi?sf_options=desc%3D%26_options_sf&quot;,return)</favourite>
	<favourite name="Super Shinobi, The" thumb="http://thegamesdb.net/banners/boxart/original/front/20722-1.jpg">ActivateWindow(10025,&quot;plugin://plugin.program.iarl/Emulator/Genesis_ZachMorris/Game/Super+Shinobi%2C+The+%28Japan%29?sf_options=desc%3D%26_options_sf&quot;,return)</favourite>
	<favourite name="The Revenge of Shinobi" thumb="http://archive.org/download/Mame172arcdcmplt/flyers.zip/megatech.png">ActivateWindow(10025,&quot;plugin://plugin.program.iarl/Emulator/MAME_2014_ZachMorris/Game/The+Revenge+of+Shinobi+%28Mega-Tech%29?sf_options=desc%3D%26_options_sf&quot;,return)</favourite>
	<favourite name="The Revenge of Shinobi" thumb="http://archive.org/download/Mame172arcdcmplt/flyers.zip/megatech.png">ActivateWindow(10025,&quot;plugin://plugin.program.iarl/Emulator/MAME_ZachMorris/Game/The+Revenge+of+Shinobi+%28Mega-Tech%29?sf_options=desc%3D%26_options_sf&quot;,return)</favourite>
	<favourite name="14.  Shinobi" thumb="http://thegamesdb.net/banners/boxart/original/front/5753-1.jpg">ActivateWindow(10025,&quot;plugin://plugin.program.iarl/Emulator/Game_Gear_Bestof_ZachMorris/Game/14.++Shinobi?sf_options=desc%3D%26_options_sf&quot;,return)</favourite>
	<favourite name="33.  Shinobi II - The Silent Fury" thumb="http://thegamesdb.net/banners/boxart/original/front/17797-1.jpg">ActivateWindow(10025,&quot;plugin://plugin.program.iarl/Emulator/Game_Gear_Bestof_ZachMorris/Game/33.++Shinobi+II+-+The+Silent+Fury?sf_options=desc%3D%26_options_sf&quot;,return)</favourite>
	<favourite name="39.  The Revenge of Shinobi" thumb="http://thegamesdb.net/banners/boxart/original/front/4673-1.jpg">ActivateWindow(10025,&quot;plugin://plugin.program.iarl/Emulator/Genesis_Bestof_ZachMorris/Game/39.++The+Revenge+of+Shinobi?sf_options=desc%3D%26_options_sf&quot;,return)</favourite>
	<favourite name="48.  Shinobi" thumb="http://thegamesdb.net/banners/boxart/original/front/2071-2.jpg">ActivateWindow(10025,&quot;plugin://plugin.program.iarl/Emulator/Master_System_Bestof_ZachMorris/Game/48.++Shinobi?sf_options=desc%3D%26_options_sf&quot;,return)</favourite>
	<favourite name="Alex Kidd in Shinobi World" thumb="http://thegamesdb.net/banners/boxart/original/front/2685-1.jpg">ActivateWindow(10025,&quot;plugin://plugin.program.iarl/Emulator/Master_System_ZachMorris/Game/Alex+Kidd+in+Shinobi+World+%28USA%2C+Europe%29?sf_options=desc%3D%26_options_sf&quot;,return)</favourite>
	<favourite name="Cyber Shinobi, The" thumb="http://thegamesdb.net/banners/boxart/original/front/3057-1.jpg">ActivateWindow(10025,&quot;plugin://plugin.program.iarl/Emulator/Master_System_ZachMorris/Game/Cyber+Shinobi%2C+The+%28Europe%29?sf_options=desc%3D%26_options_sf&quot;,return)</favourite>
	<favourite name="Shinobi" thumb="http://thegamesdb.net/banners/boxart/original/front/4775-1.jpg">ActivateWindow(10025,&quot;plugin://plugin.program.iarl/Emulator/Sony_Playstation_2_N3RDFLIX/Game/Shinobi+%28USA%29?sf_options=desc%3D%26_options_sf&quot;,return)</favourite>
	<favourite name="Revenge of Shinobi, The" thumb="http://static.giantbomb.com/uploads/scale_large/8/87790/2412947-box_tros.png">ActivateWindow(10025,&quot;plugin://plugin.program.iarl/Emulator/GBA_ZachMorris/Game/Revenge+of+Shinobi%2C+The+%28USA%29?sf_options=desc%3D%26_options_sf&quot;,return)</favourite>
</favourites>