<favourites>
	<favourite name="Back to the Future Part II &amp; III" thumb="http://i.imgur.com/jrszGDd.jpg">ActivateWindow(10025,&quot;plugin://plugin.program.iarl/Emulator/NES_ZachMorris/Game/Back+to+the+Future+Part+II+%26+III+%28USA%29?sf_options=desc%3D%26_options_sf&quot;,return)</favourite>
	<favourite name="Back to the Future" thumb="http://i.imgur.com/7ZDLojq.jpg">ActivateWindow(10025,&quot;plugin://plugin.program.iarl/Emulator/NES_ZachMorris/Game/Back+to+the+Future+%28USA%29?sf_options=desc%3D%26_options_sf&quot;,return)</favourite>
	<favourite name="Back to the Future II" thumb="https://archive.org/download/C64Games_201705/C64_Artwork.zip/Commodore%2064%20Artwork%2FBack%20to%20the%20Future%20II%20%28Europe%29%20%28Disk%201%20Side%20A%29%2F%5B1.Front%5D%20Front1.jpg">ActivateWindow(10025,&quot;plugin://plugin.program.iarl/Emulator/C64_ZachMorris/Game/Back+to+the+Future+II+%28Europe%29?sf_options=desc%3D%26_options_sf&quot;,return)</favourite>
	<favourite name="Back to the Future Part II" thumb="http://thegamesdb.net/banners/boxart/original/front/2699-1.jpg">ActivateWindow(10025,&quot;plugin://plugin.program.iarl/Emulator/Master_System_ZachMorris/Game/Back+to+the+Future+Part+II+%28Europe%29?sf_options=desc%3D%26_options_sf&quot;,return)</favourite>
	<favourite name="Back to the Future Part III" thumb="http://www.mobygames.com/images/covers/l/15681-back-to-the-future-part-iii-dos-front-cover.jpg">ActivateWindow(10025,&quot;plugin://plugin.program.iarl/Emulator/IA_MSDOS_ZachMorris/Game/Back+to+the+Future+Part+III?sf_options=desc%3D%26_options_sf&quot;,return)</favourite>
	<favourite name="Back to the Future Part III" thumb="https://archive.org/download/C64Games_201705/C64_Artwork.zip/Commodore%2064%20Artwork%2FBack%20to%20the%20Future%20Part%20III%20%28Europe%29%2F%5B1.Front%5D%20Front1.jpg">ActivateWindow(10025,&quot;plugin://plugin.program.iarl/Emulator/C64_ZachMorris/Game/Back+to+the+Future+Part+III+%28Europe%29?sf_options=desc%3D%26_options_sf&quot;,return)</favourite>
	<favourite name="Back to the Future Part III" thumb="http://thegamesdb.net/banners/boxart/original/front/2700-1.jpg">ActivateWindow(10025,&quot;plugin://plugin.program.iarl/Emulator/Master_System_ZachMorris/Game/Back+to+the+Future+Part+III+%28Europe%29?sf_options=desc%3D%26_options_sf&quot;,return)</favourite>
	<favourite name="Back to the Future Part III" thumb="http://thegamesdb.net/banners/boxart/original/front/8083-1.jpg">ActivateWindow(10025,&quot;plugin://plugin.program.iarl/Emulator/Genesis_ZachMorris/Game/Back+to+the+Future+Part+III+%28USA%29?sf_options=desc%3D%26_options_sf&quot;,return)</favourite>
	<favourite name="Super Back to the Future Part II" thumb="http://i.imgur.com/1GGktvY.jpg">ActivateWindow(10025,&quot;plugin://plugin.program.iarl/Emulator/SNES_ZachMorris/Game/Super+Back+to+the+Future+Part+II+%28Japan%29?sf_options=desc%3D%26_options_sf&quot;,return)</favourite>
</favourites>