<favourites>
    <favourite name="F1" thumb="http://thegamesdb.net/banners/boxart/original/front/8091-1.jpg">ActivateWindow(10025,&quot;plugin://plugin.program.iarl/Emulator/Genesis_ZachMorris/Game/F1+%28Europe%29?sf_options=desc%3D%26_options_sf&quot;,return)</favourite>
	<favourite name="F1" thumb="http://thegamesdb.net/banners/boxart/original/front/2739-1.jpg">ActivateWindow(10025,&quot;plugin://plugin.program.iarl/Emulator/Master_System_ZachMorris/Game/F1+%28Europe%29?sf_options=desc%3D%26_options_sf&quot;,return)</favourite>
	<favourite name="F1" thumb="http://thegamesdb.net/banners/boxart/original/front/21317-1.png">ActivateWindow(10025,&quot;plugin://plugin.program.iarl/Emulator/Game_Gear_ZachMorris/Game/F1+%28USA%2C+Europe%29?sf_options=desc%3D%26_options_sf&quot;,return)</favourite>
	<favourite name="Human Grand Prix III - F1 Triple Battle" thumb="http://i.imgur.com/f8RfaD6.jpg">ActivateWindow(10025,&quot;plugin://plugin.program.iarl/Emulator/SNES_ZachMorris/Game/Human+Grand+Prix+III+-+F1+Triple+Battle+%28Japan%29+%28En%29?sf_options=desc%3D%26_options_sf&quot;,return)</favourite>
	<favourite name="Human Grand Prix IV - F1 Dream Battle" thumb="http://i.imgur.com/Bsxhjxz.jpg">ActivateWindow(10025,&quot;plugin://plugin.program.iarl/Emulator/SNES_ZachMorris/Game/Human+Grand+Prix+IV+-+F1+Dream+Battle+%28Japan%29+%28En%29?sf_options=desc%3D%26_options_sf&quot;,return)</favourite>
	<favourite name="F1 - World Championship Edition" thumb="http://img.gamefaqs.net/box/3/5/5/80355_front.jpg">ActivateWindow(10025,&quot;plugin://plugin.program.iarl/Emulator/Game_Gear_ZachMorris/Game/F1+-+World+Championship+Edition+%28Europe%29?sf_options=desc%3D%26_options_sf&quot;,return)</favourite>
	<favourite name="F1 2000" thumb="http://thegamesdb.net/banners/boxart/original/front/12977-1.jpg">ActivateWindow(10025,&quot;plugin://plugin.program.iarl/Emulator/PS1_ZachMorris/Game/F1+2000+%28USA%29?sf_options=desc%3D%26_options_sf&quot;,return)</favourite>
	<favourite name="F1 2001" thumb="http://thegamesdb.net/banners/boxart/original/front/18769-1.jpg">ActivateWindow(10025,&quot;plugin://plugin.program.iarl/Emulator/Sony_Playstation_2_N3RDFLIX/Game/F1+2001?sf_options=desc%3D%26_options_sf&quot;,return)</favourite>
	<favourite name="F1 2002" thumb="http://thegamesdb.net/banners/boxart/original/front/22628-1.jpg">ActivateWindow(10025,&quot;plugin://plugin.program.iarl/Emulator/GBA_ZachMorris/Game/F1+2002+%28USA%2C+Europe%29?sf_options=desc%3D%26_options_sf&quot;,return)</favourite>
	<favourite name="F1 2009" thumb="http://thegamesdb.net/banners/boxart/original/front/8925-1.jpg">ActivateWindow(10025,&quot;plugin://plugin.program.iarl/Emulator/PSP_N3RDFLIX/Game/F1+2009+%28USA%29?sf_options=desc%3D%26_options_sf&quot;,return)</favourite>
	<favourite name="F1 Boy" thumb="http://thegamesdb.net/banners/boxart/original/front/21648-1.jpg">ActivateWindow(10025,&quot;plugin://plugin.program.iarl/Emulator/GB_Classic_ZachMorris/Game/F1+Boy+%28Japan%29?sf_options=desc%3D%26_options_sf&quot;,return)</favourite>
	<favourite name="F1 Career Challenge" thumb="http://thegamesdb.net/banners/boxart/original/front/7247-1.jpg">ActivateWindow(10025,&quot;plugin://plugin.program.iarl/Emulator/Sony_Playstation_2_N3RDFLIX/Game/F1+Career+Challenge+%28Japan%29?sf_options=desc%3D%26_options_sf&quot;,return)</favourite>
	<favourite name="F1 Career Challenge" thumb="http://thegamesdb.net/banners/boxart/original/front/8594-1.jpg">ActivateWindow(10025,&quot;plugin://plugin.program.iarl/Emulator/Nintendo_Gamecube_N3RDFLIX/Game/F1+Career+Challenge+%28U%29%28LOONYCUBE%29?sf_options=desc%3D%26_options_sf&quot;,return)</favourite>
	<favourite name="F1 Championship Season 2000" thumb="http://thegamesdb.net/banners/boxart/original/front/28662-1.png">ActivateWindow(10025,&quot;plugin://plugin.program.iarl/Emulator/GBC_ZachMorris/Game/F1+Championship+Season+2000+%28Europe%29+%28En%2CFr%2CDe%2CEs%2CIt%29?sf_options=desc%3D%26_options_sf&quot;,return)</favourite>
	<favourite name="F1 Championship Season 2000" thumb="http://thegamesdb.net/banners/boxart/original/front/12979-1.jpg">ActivateWindow(10025,&quot;plugin://plugin.program.iarl/Emulator/PS1_ZachMorris/Game/F1+Championship+Season+2000+%28USA%29?sf_options=desc%3D%26_options_sf&quot;,return)</favourite>
	<favourite name="F1 Championship Season 2000" thumb="http://thegamesdb.net/banners/boxart/original/front/37330-1.jpg">ActivateWindow(10025,&quot;plugin://plugin.program.iarl/Emulator/Sony_Playstation_2_N3RDFLIX/Game/F1+Championship+Season+2000+%28USA%29?sf_options=desc%3D%26_options_sf&quot;,return)</favourite>
	<favourite name="F1 Circus '91 - World Championship" thumb="http://thegamesdb.net/banners/boxart/original/front/18405-1.jpg">ActivateWindow(10025,&quot;plugin://plugin.program.iarl/Emulator/TG16_ZachMorris/Game/F1+Circus+%2791+-+World+Championship+%28Japan%29?sf_options=desc%3D%26_options_sf&quot;,return)</favourite>
	<favourite name="F1 Circus '92 - The Speed of Sound" thumb="http://thegamesdb.net/banners/boxart/original/front/18406-1.jpg">ActivateWindow(10025,&quot;plugin://plugin.program.iarl/Emulator/TG16_ZachMorris/Game/F1+Circus+%2792+-+The+Speed+of+Sound+%28Japan%29?sf_options=desc%3D%26_options_sf&quot;,return)</favourite>
	<favourite name="F1 Circus" thumb="http://i.imgur.com/Y4OdHuI.jpg">ActivateWindow(10025,&quot;plugin://plugin.program.iarl/Emulator/NES_ZachMorris/Game/F1+Circus+%28Japan%29?sf_options=desc%3D%26_options_sf&quot;,return)</favourite>
	<favourite name="F1 Circus" thumb="http://thegamesdb.net/banners/boxart/original/front/18405-1.jpg">ActivateWindow(10025,&quot;plugin://plugin.program.iarl/Emulator/TG16_ZachMorris/Game/F1+Circus+%28Japan%29?sf_options=desc%3D%26_options_sf&quot;,return)</favourite>
	<favourite name="F1 Circus MD" thumb="http://thegamesdb.net/banners/boxart/original/front/20370-1.png">ActivateWindow(10025,&quot;plugin://plugin.program.iarl/Emulator/Genesis_ZachMorris/Game/F1+Circus+MD+%28Japan%29?sf_options=desc%3D%26_options_sf&quot;,return)</favourite>
	<favourite name="F1 Circus Special - Pole to Win" thumb="http://www.mobygames.com/images/covers/l/251187-f1-circus-special-pole-to-win-turbografx-cd-front-cover.jpg">ActivateWindow(10025,&quot;plugin://plugin.program.iarl/Emulator/PCE_CD_ZachMorris/Game/F1+Circus+Special+-+Pole+to+Win+%28Japan%29+%28FAAT%2C+FACT%29?sf_options=desc%3D%26_options_sf&quot;,return)</favourite>
	<favourite name="F1 Circus Special - Pole to Win" thumb="http://www.mobygames.com/images/covers/l/251187-f1-circus-special-pole-to-win-turbografx-cd-front-cover.jpg">ActivateWindow(10025,&quot;plugin://plugin.program.iarl/Emulator/PCE_CD_ZachMorris/Game/F1+Circus+Special+-+Pole+to+Win+%28Japan%29+%28FABT%29?sf_options=desc%3D%26_options_sf&quot;,return)</favourite>
	<favourite name="F1 Exhaust Note" thumb="http://thegamesdb.net/banners/boxart/original/front/36451-1.jpg">ActivateWindow(10025,&quot;plugin://plugin.program.iarl/Emulator/MAME_ZachMorris/Game/F1+Exhaust+Note+%28World%29?sf_options=desc%3D%26_options_sf&quot;,return)</favourite>
	<favourite name="F1 Exhaust Note" thumb="http://thegamesdb.net/banners/boxart/original/front/36451-1.jpg">ActivateWindow(10025,&quot;plugin://plugin.program.iarl/Emulator/MAME_2014_ZachMorris/Game/F1+Exhaust+Note+%28World%29?sf_options=desc%3D%26_options_sf&quot;,return)</favourite>
	<favourite name="F1 GP Circuits" thumb="https://archive.org/download/C64Games_201705/C64_Artwork.zip/Commodore%2064%20Artwork%2FF1%20GP%20Circuits%20%28Europe%29%20%28Side%20A%29%2FCover-F1_GP_Circuits.jpg">ActivateWindow(10025,&quot;plugin://plugin.program.iarl/Emulator/C64_ZachMorris/Game/F1+GP+Circuits+%28Europe%29?sf_options=desc%3D%26_options_sf&quot;,return)</favourite>
	<favourite name="F1 Grand Prix" thumb="http://thegamesdb.net/banners/boxart/original/front/31319-1.jpg">ActivateWindow(10025,&quot;plugin://plugin.program.iarl/Emulator/PSP_N3RDFLIX/Game/F1+Grand+Prix+%28Europe%29?sf_options=desc%3D%26_options_sf&quot;,return)</favourite>
	<favourite name="F1 Pole Position" thumb="http://i.imgur.com/kbElGDl.jpg">ActivateWindow(10025,&quot;plugin://plugin.program.iarl/Emulator/SNES_ZachMorris/Game/F1+Pole+Position+%28USA%29?sf_options=desc%3D%26_options_sf&quot;,return)</favourite>
	<favourite name="F1 Pole Position" thumb="http://thegamesdb.net/banners/boxart/original/front/18623-1.jpg">ActivateWindow(10025,&quot;plugin://plugin.program.iarl/Emulator/GB_Classic_ZachMorris/Game/F1+Pole+Position+%28USA%2C+Europe%29?sf_options=desc%3D%26_options_sf&quot;,return)</favourite>
	<favourite name="F1 Pole Position 2" thumb="http://i.imgur.com/X3IA1Ty.jpg">ActivateWindow(10025,&quot;plugin://plugin.program.iarl/Emulator/SNES_ZachMorris/Game/F1+Pole+Position+2+%28Europe%29?sf_options=desc%3D%26_options_sf&quot;,return)</favourite>
	<favourite name="F1 Pole Position 64" thumb="http://thegamesdb.net/banners/boxart/original/front/1098-1.jpg">ActivateWindow(10025,&quot;plugin://plugin.program.iarl/Emulator/N64_ZachMorris/Game/F1+Pole+Position+64+%28USA%29+%28En%2CFr%2CDe%29?sf_options=desc%3D%26_options_sf&quot;,return)</favourite>
	<favourite name="F1 ROC - Race of Champions" thumb="http://i.imgur.com/4kBhjV6.png">ActivateWindow(10025,&quot;plugin://plugin.program.iarl/Emulator/SNES_ZachMorris/Game/F1+ROC+-+Race+of+Champions+%28USA%29?sf_options=desc%3D%26_options_sf&quot;,return)</favourite>
	<favourite name="F1 Racing Championship" thumb="http://thegamesdb.net/banners/boxart/original/front/13010-1.jpg">ActivateWindow(10025,&quot;plugin://plugin.program.iarl/Emulator/Sega_Dreamcast_ZachMorris/Game/F1+Racing+Championship+%28Europe%29+%28En%2CFr%2CDe%2CEs%2CIt%29?sf_options=desc%3D%26_options_sf&quot;,return)</favourite>
	<favourite name="F1 Racing Championship" thumb="http://thegamesdb.net/banners/boxart/original/front/12980-1.jpg">ActivateWindow(10025,&quot;plugin://plugin.program.iarl/Emulator/PS1_ZachMorris/Game/F1+Racing+Championship+%28USA%29+%28En%2CFr%29?sf_options=desc%3D%26_options_sf&quot;,return)</favourite>
	<favourite name="F1 Super Battle" thumb="http://archive.org/download/Mame172arcdcmplt/flyers.zip/f1superb.png">ActivateWindow(10025,&quot;plugin://plugin.program.iarl/Emulator/MAME_2014_ZachMorris/Game/F1+Super+Battle?sf_options=desc%3D%26_options_sf&quot;,return)</favourite>
	<favourite name="F1 Super Battle" thumb="http://archive.org/download/Mame172arcdcmplt/flyers.zip/f1superb.png">ActivateWindow(10025,&quot;plugin://plugin.program.iarl/Emulator/MAME_ZachMorris/Game/F1+Super+Battle?sf_options=desc%3D%26_options_sf&quot;,return)</favourite>
	<favourite name="F1 Super Lap" thumb="http://archive.org/download/Mame172arcdcmplt/snap.zip/f1lap.png">ActivateWindow(10025,&quot;plugin://plugin.program.iarl/Emulator/MAME_ZachMorris/Game/F1+Super+Lap+%28World%29?sf_options=desc%3D%26_options_sf&quot;,return)</favourite>
	<favourite name="F1 Super Lap" thumb="http://archive.org/download/Mame172arcdcmplt/snap.zip/f1lap.png">ActivateWindow(10025,&quot;plugin://plugin.program.iarl/Emulator/MAME_2014_ZachMorris/Game/F1+Super+Lap+%28World%29?sf_options=desc%3D%26_options_sf&quot;,return)</favourite>
	<favourite name="F1 Team Simulation - Project F" thumb="http://www.mobygames.com/images/shots/l/540776-f1-team-simulation-project-f-turbografx-cd-screenshot-title.jpg">ActivateWindow(10025,&quot;plugin://plugin.program.iarl/Emulator/PCE_CD_ZachMorris/Game/F1+Team+Simulation+-+Project+F+%28Japan%29?sf_options=desc%3D%26_options_sf&quot;,return)</favourite>
	<favourite name="F1 Tornado" thumb="https://archive.org/download/C64Games_201705/C64_Artwork.zip/Commodore%2064%20Artwork%2FF1%20Tornado%20%28Europe%29%2FCover-F1_Tornado.jpg">ActivateWindow(10025,&quot;plugin://plugin.program.iarl/Emulator/C64_ZachMorris/Game/F1+Tornado?sf_options=desc%3D%26_options_sf&quot;,return)</favourite>
	<favourite name="F1 Triple Battle" thumb="http://static.giantbomb.com/uploads/scale_large/2/23093/2803398-5889934100-51714.jpg">ActivateWindow(10025,&quot;plugin://plugin.program.iarl/Emulator/TG16_ZachMorris/Game/F1+Triple+Battle+%28Japan%29?sf_options=desc%3D%26_options_sf&quot;,return)</favourite>
	<favourite name="F1 World Championship Edition" thumb="http://i.imgur.com/sNAeeCr.jpg">ActivateWindow(10025,&quot;plugin://plugin.program.iarl/Emulator/SNES_ZachMorris/Game/F1+World+Championship+Edition+%28Europe%29?sf_options=desc%3D%26_options_sf&quot;,return)</favourite>
	<favourite name="F1 World Grand Prix" thumb="http://thegamesdb.net/banners/boxart/original/front/8127-1.jpg">ActivateWindow(10025,&quot;plugin://plugin.program.iarl/Emulator/Sega_Dreamcast_ZachMorris/Game/F1+World+Grand+Prix+%28Europe%29+%28En%2CFr%2CDe%2CEs%29?sf_options=desc%3D%26_options_sf&quot;,return)</favourite>
	<favourite name="F1 World Grand Prix" thumb="http://thegamesdb.net/banners/boxart/original/front/12983-1.jpg">ActivateWindow(10025,&quot;plugin://plugin.program.iarl/Emulator/PS1_ZachMorris/Game/F1+World+Grand+Prix+%28USA%29?sf_options=desc%3D%26_options_sf&quot;,return)</favourite>
	<favourite name="F1 World Grand Prix - 1999 Season" thumb="http://thegamesdb.net/banners/boxart/original/front/12987-1.jpg">ActivateWindow(10025,&quot;plugin://plugin.program.iarl/Emulator/PS1_ZachMorris/Game/F1+World+Grand+Prix+-+1999+Season+%28USA%29+%28En%2CFr%2CDe%2CEs%2CIt%29?sf_options=desc%3D%26_options_sf&quot;,return)</favourite>
	<favourite name="F1-ROC II - Race of Champions" thumb="http://i.imgur.com/b3U175k.jpg">ActivateWindow(10025,&quot;plugin://plugin.program.iarl/Emulator/SNES_ZachMorris/Game/F1-ROC+II+-+Race+of+Champions+%28USA%29?sf_options=desc%3D%26_options_sf&quot;,return)</favourite>
	<favourite name="Ferrari Formula One" thumb="http://www.mobygames.com/images/covers/l/1889-ferrari-formula-one-dos-front-cover.jpg">ActivateWindow(10025,&quot;plugin://plugin.program.iarl/Emulator/IA_MSDOS_ZachMorris/Game/Ferrari+Formula+One?sf_options=desc%3D%26_options_sf&quot;,return)</favourite>
	<favourite name="Ferrari Formula One" thumb="https://archive.org/download/C64Games_201705/C64_Artwork.zip/Commodore%2064%20Artwork%2FFerrari%20Formula%20One%20%28USA%29%20%28Side%20A%29%2F%5B1.Front%5D%20Front1.jpg">ActivateWindow(10025,&quot;plugin://plugin.program.iarl/Emulator/C64_ZachMorris/Game/Ferrari+Formula+One+%28USA%29?sf_options=desc%3D%26_options_sf&quot;,return)</favourite>
	<favourite name="Formula One" thumb="http://www.mobygames.com/images/covers/l/92019-formula-one-dos-front-cover.jpg">ActivateWindow(10025,&quot;plugin://plugin.program.iarl/Emulator/IA_MSDOS_ZachMorris/Game/Formula+One?sf_options=desc%3D%26_options_sf&quot;,return)</favourite>
	<favourite name="Formula One" thumb="http://thegamesdb.net/banners/boxart/original/front/8091-1.jpg">ActivateWindow(10025,&quot;plugin://plugin.program.iarl/Emulator/Genesis_ZachMorris/Game/Formula+One+%28USA%29?sf_options=desc%3D%26_options_sf&quot;,return)</favourite>
	<favourite name="Formula One - Built to Win" thumb="http://i.imgur.com/DyRMDDw.jpg">ActivateWindow(10025,&quot;plugin://plugin.program.iarl/Emulator/NES_ZachMorris/Game/Formula+One+-+Built+to+Win+%28USA%29?sf_options=desc%3D%26_options_sf&quot;,return)</favourite>
	<favourite name="Formula One 2000" thumb="http://thegamesdb.net/banners/boxart/original/front/21989-1.jpg">ActivateWindow(10025,&quot;plugin://plugin.program.iarl/Emulator/GBC_ZachMorris/Game/Formula+One+2000+%28USA%29?sf_options=desc%3D%26_options_sf&quot;,return)</favourite>
	<favourite name="Formula One 2000" thumb="http://thegamesdb.net/banners/boxart/original/front/13022-1.jpg">ActivateWindow(10025,&quot;plugin://plugin.program.iarl/Emulator/PS1_ZachMorris/Game/Formula+One+2000+%28USA%29?sf_options=desc%3D%26_options_sf&quot;,return)</favourite>
	<favourite name="Formula One 2001" thumb="http://thegamesdb.net/banners/boxart/original/front/18771-1.jpg">ActivateWindow(10025,&quot;plugin://plugin.program.iarl/Emulator/Sony_Playstation_2_N3RDFLIX/Game/Formula+One+2001+%28USA%29?sf_options=desc%3D%26_options_sf&quot;,return)</favourite>
	<favourite name="Formula One 99" thumb="http://thegamesdb.net/banners/boxart/original/front/529-2.jpg">ActivateWindow(10025,&quot;plugin://plugin.program.iarl/Emulator/PS1_ZachMorris/Game/Formula+One+99+%28USA%29+%28En%2CFr%2CEs%29?sf_options=desc%3D%26_options_sf&quot;,return)</favourite>
	<favourite name="Formula One World Championship - Beyond The Limit" thumb="http://thegamesdb.net/banners/boxart/original/front/5012-1.jpg">ActivateWindow(10025,&quot;plugin://plugin.program.iarl/Emulator/Sega_CD_ZachMorris/Game/Formula+One+World+Championship+-+Beyond+The+Limit?sf_options=desc%3D%26_options_sf&quot;,return)</favourite>
	<favourite name="Super F1 Circus" thumb="http://i.imgur.com/8TEI1pD.jpg">ActivateWindow(10025,&quot;plugin://plugin.program.iarl/Emulator/SNES_ZachMorris/Game/Super+F1+Circus+%28Japan%29?sf_options=desc%3D%26_options_sf&quot;,return)</favourite>
	<favourite name="Super F1 Circus 2" thumb="http://i.imgur.com/b4eJoYN.jpg">ActivateWindow(10025,&quot;plugin://plugin.program.iarl/Emulator/SNES_ZachMorris/Game/Super+F1+Circus+2+%28Japan%29?sf_options=desc%3D%26_options_sf&quot;,return)</favourite>
	<favourite name="Super F1 Circus 3" thumb="http://i.imgur.com/67FTpMP.jpg">ActivateWindow(10025,&quot;plugin://plugin.program.iarl/Emulator/SNES_ZachMorris/Game/Super+F1+Circus+3+%28Japan%29?sf_options=desc%3D%26_options_sf&quot;,return)</favourite>
	<favourite name="Super F1 Circus Gaiden" thumb="http://i.imgur.com/hVlrVXO.jpg">ActivateWindow(10025,&quot;plugin://plugin.program.iarl/Emulator/SNES_ZachMorris/Game/Super+F1+Circus+Gaiden+%28Japan%29?sf_options=desc%3D%26_options_sf&quot;,return)</favourite>
	<favourite name="Super F1 Circus Limited" thumb="http://i.imgur.com/wvAkocV.jpg">ActivateWindow(10025,&quot;plugin://plugin.program.iarl/Emulator/SNES_ZachMorris/Game/Super+F1+Circus+Limited+%28Japan%29?sf_options=desc%3D%26_options_sf&quot;,return)</favourite>
</favourites>