<favourites>
    <favourite name="Arcade Pool" thumb="http://www.mobygames.com/images/covers/l/46633-arcade-pool-dos-front-cover.jpg">ActivateWindow(10025,&quot;plugin://plugin.program.iarl/Emulator/IA_MSDOS_ZachMorris/Game/Arcade+Pool?sf_options=desc%3D%26_options_sf&quot;,return)</favourite>
	<favourite name="Virtual Pool" thumb="http://thegamesdb.net/banners/boxart/original/front/11659-1.jpg">ActivateWindow(10025,&quot;plugin://plugin.program.iarl/Emulator/PS1_ZachMorris/Game/Virtual+Pool+%28USA%29?sf_options=desc%3D%26_options_sf&quot;,return)</favourite>
	<favourite name="Virtual Pool 3" thumb="http://thegamesdb.net/banners/boxart/original/front/13378-1.jpg">ActivateWindow(10025,&quot;plugin://plugin.program.iarl/Emulator/PS1_ZachMorris/Game/Virtual+Pool+3+%28USA%29?sf_options=desc%3D%26_options_sf&quot;,return)</favourite>
	<favourite name="Virtual Pool 64" thumb="http://static.giantbomb.com/uploads/scale_large/0/4647/1249782-virtualpool64.jpg">ActivateWindow(10025,&quot;plugin://plugin.program.iarl/Emulator/N64_ZachMorris/Game/Virtual+Pool+64+%28USA%29?sf_options=desc%3D%26_options_sf&quot;,return)</favourite>
	<favourite name="Alex Higgins' World Snooker" thumb="http://www.mobygames.com/images/shots/l/379229-alex-higgins-world-snooker-dos-screenshot-title-screen.jpg">ActivateWindow(10025,&quot;plugin://plugin.program.iarl/Emulator/IA_MSDOS_ZachMorris/Game/Alex+Higgins%27+World+Snooker?sf_options=desc%3D%26_options_sf&quot;,return)</favourite>
	<favourite name="American 3D Pool" thumb="https://archive.org/download/C64Games_201705/C64_Artwork.zip/Commodore%2064%20Artwork%2FAmerican%203D%20Pool%20%28Europe%29%2FCover-American_3D_Pool.jpg">ActivateWindow(10025,&quot;plugin://plugin.program.iarl/Emulator/C64_ZachMorris/Game/American+3D+Pool+%28Europe%29?sf_options=desc%3D%26_options_sf&quot;,return)</favourite>
	<favourite name="Archer Maclean's 3D Pool" thumb="http://thegamesdb.net/banners/boxart/original/front/25847-1.jpg">ActivateWindow(10025,&quot;plugin://plugin.program.iarl/Emulator/GBA_ZachMorris/Game/Archer+Maclean%27s+3D+Pool+%28USA%29?sf_options=desc%3D%26_options_sf&quot;,return)</favourite>
	<favourite name="Archer Maclean's Pool" thumb="http://www.mobygames.com/images/covers/l/73343-archer-maclean-s-pool-dos-front-cover.jpg">ActivateWindow(10025,&quot;plugin://plugin.program.iarl/Emulator/IA_MSDOS_ZachMorris/Game/Archer+Maclean%27s+Pool?sf_options=desc%3D%26_options_sf&quot;,return)</favourite>
	<favourite name="Championship 3D Snooker" thumb="https://archive.org/download/C64Games_201705/C64_Artwork.zip/Commodore%2064%20Artwork%2FChampionship%203D%20Snooker%20%28Europe%29%2FCover-Championship_3D_Snooker.jpg">ActivateWindow(10025,&quot;plugin://plugin.program.iarl/Emulator/C64_ZachMorris/Game/Championship+3D+Snooker+%28Europe%29?sf_options=desc%3D%26_options_sf&quot;,return)</favourite>
	<favourite name="Championship Pool" thumb="http://i.imgur.com/3l3ieyT.jpg">ActivateWindow(10025,&quot;plugin://plugin.program.iarl/Emulator/NES_ZachMorris/Game/Championship+Pool+%28USA%29?sf_options=desc%3D%26_options_sf&quot;,return)</favourite>
	<favourite name="Championship Pool" thumb="http://thegamesdb.net/banners/boxart/original/front/18348-1.jpg">ActivateWindow(10025,&quot;plugin://plugin.program.iarl/Emulator/GB_Classic_ZachMorris/Game/Championship+Pool+%28USA%29?sf_options=desc%3D%26_options_sf&quot;,return)</favourite>
	<favourite name="Championship Pool" thumb="http://i.imgur.com/blgH4K3.jpg">ActivateWindow(10025,&quot;plugin://plugin.program.iarl/Emulator/SNES_ZachMorris/Game/Championship+Pool+%28USA%29?sf_options=desc%3D%26_options_sf&quot;,return)</favourite>
	<favourite name="Championship Pool" thumb="http://thegamesdb.net/banners/boxart/original/front/4309-1.jpg">ActivateWindow(10025,&quot;plugin://plugin.program.iarl/Emulator/Genesis_ZachMorris/Game/Championship+Pool+%28USA%29?sf_options=desc%3D%26_options_sf&quot;,return)</favourite>
	<favourite name="Cool Pool" thumb="http://archive.org/download/Mame172arcdcmplt/flyers.zip/coolpool.png">ActivateWindow(10025,&quot;plugin://plugin.program.iarl/Emulator/MAME_ZachMorris/Game/Cool+Pool?sf_options=desc%3D%26_options_sf&quot;,return)</favourite>
	<favourite name="Cool Pool" thumb="http://archive.org/download/Mame172arcdcmplt/flyers.zip/coolpool.png">ActivateWindow(10025,&quot;plugin://plugin.program.iarl/Emulator/MAME_2014_ZachMorris/Game/Cool+Pool?sf_options=desc%3D%26_options_sf&quot;,return)</favourite>
	<favourite name="Deep Pockets: Super Pro Pool and Billiards" thumb="http://thegamesdb.net/banners/boxart/original/front/27566-1.jpg">ActivateWindow(10025,&quot;plugin://plugin.program.iarl/Emulator/Intellivision_ZachMorris/Game/Deep+Pockets%3A+Super+Pro+Pool+and+Billiards+%28Unreleased%29?sf_options=desc%3D%26_options_sf&quot;,return)</favourite>
	<favourite name="Hardcore Pool" thumb="http://thegamesdb.net/banners/boxart/original/front/25981-1.jpg">ActivateWindow(10025,&quot;plugin://plugin.program.iarl/Emulator/GBA_ZachMorris/Game/Hardcore+Pool+%28Europe%29+%28En%2CDe%2CEs%2CIt%29?sf_options=desc%3D%26_options_sf&quot;,return)</favourite>
	<favourite name="Jackpot Cards / Jackpot Pool" thumb="http://archive.org/download/Mame172arcdcmplt/snap.zip/jackpool.png">ActivateWindow(10025,&quot;plugin://plugin.program.iarl/Emulator/MAME_ZachMorris/Game/Jackpot+Cards+%2F+Jackpot+Pool+%28Italy%29?sf_options=desc%3D%26_options_sf&quot;,return)</favourite>
	<favourite name="Jimmy White's Whirlwind Snooker" thumb="">ActivateWindow(10025,&quot;plugin://plugin.program.iarl/Emulator/IA_MSDOS_ZachMorris/Game/Jimmy+White%27s+Whirlwind+Snooker?sf_options=desc%3D%26_options_sf&quot;,return)</favourite>
	<favourite name="Jimmy White's Whirlwind Snooker" thumb="http://thegamesdb.net/banners/boxart/original/front/20393-1.jpg">ActivateWindow(10025,&quot;plugin://plugin.program.iarl/Emulator/Genesis_ZachMorris/Game/Jimmy+White%27s+Whirlwind+Snooker+%28Europe%29?sf_options=desc%3D%26_options_sf&quot;,return)</favourite>
	<favourite name="Killer 3D Pool" thumb="http://thegamesdb.net/banners/boxart/original/front/3474-1.jpg">ActivateWindow(10025,&quot;plugin://plugin.program.iarl/Emulator/GBA_ZachMorris/Game/Killer+3D+Pool+%28USA%29?sf_options=desc%3D%26_options_sf&quot;,return)</favourite>
	<favourite name="Lunar Pool" thumb="http://i.imgur.com/putk6JB.jpg">ActivateWindow(10025,&quot;plugin://plugin.program.iarl/Emulator/NES_ZachMorris/Game/Lunar+Pool+%28USA%29?sf_options=desc%3D%26_options_sf&quot;,return)</favourite>
	<favourite name="Maximum Pool" thumb="http://thegamesdb.net/banners/boxart/original/front/23236-1.jpg">ActivateWindow(10025,&quot;plugin://plugin.program.iarl/Emulator/Sega_Dreamcast_ZachMorris/Game/Maximum+Pool+%28USA%29?sf_options=desc%3D%26_options_sf&quot;,return)</favourite>
	<favourite name="Minnesota Fat's Pool Challenger" thumb="https://archive.org/download/C64Games_201705/C64_Artwork.zip/Commodore%2064%20Artwork%2FMinnesota%20Fat%27s%20Pool%20Challenger%20%28USA%29%2FCover-Minnesota_Fats_Pool_Challenge.jpg">ActivateWindow(10025,&quot;plugin://plugin.program.iarl/Emulator/C64_ZachMorris/Game/Minnesota+Fat%27s+Pool+Challenger+%28USA%29?sf_options=desc%3D%26_options_sf&quot;,return)</favourite>
	<favourite name="Minnesota Fats - Pool Legend" thumb="http://thegamesdb.net/banners/boxart/original/front/4510-1.jpg">ActivateWindow(10025,&quot;plugin://plugin.program.iarl/Emulator/Genesis_ZachMorris/Game/Minnesota+Fats+-+Pool+Legend+%28USA%29?sf_options=desc%3D%26_options_sf&quot;,return)</favourite>
	<favourite name="PC Pool" thumb="http://www.mobygames.com/images/shots/l/46931-pc-pool-pc-booter-screenshot-game-version-credits-compare-with.jpg">ActivateWindow(10025,&quot;plugin://plugin.program.iarl/Emulator/IA_MSDOS_ZachMorris/Game/PC+Pool?sf_options=desc%3D%26_options_sf&quot;,return)</favourite>
	<favourite name="PC Pool Challenges" thumb="http://www.mobygames.com/images/covers/l/28848-pc-pool-challenges-pc-booter-front-cover.jpg">ActivateWindow(10025,&quot;plugin://plugin.program.iarl/Emulator/IA_MSDOS_ZachMorris/Game/PC+Pool+Challenges?sf_options=desc%3D%26_options_sf&quot;,return)</favourite>
	<favourite name="Pocket Pool" thumb="http://thegamesdb.net/banners/boxart/original/front/20084-1.png">ActivateWindow(10025,&quot;plugin://plugin.program.iarl/Emulator/PSP_N3RDFLIX/Game/Pocket+Pool+%28USA%29?sf_options=desc%3D%26_options_sf&quot;,return)</favourite>
	<favourite name="Pool 10" thumb="http://archive.org/download/Mame172arcdcmplt/snap.zip/pool10.png">ActivateWindow(10025,&quot;plugin://plugin.program.iarl/Emulator/MAME_ZachMorris/Game/Pool+10+%28Italian%2C+set+1%29?sf_options=desc%3D%26_options_sf&quot;,return)</favourite>
	<favourite name="Pool 400" thumb="">ActivateWindow(10025,&quot;plugin://plugin.program.iarl/Emulator/Atari_800_ZachMorris/Game/Pool+400?sf_options=desc%3D%26_options_sf&quot;,return)</favourite>
	<favourite name="Poolshark" thumb="http://archive.org/download/Mame172arcdcmplt/flyers.zip/poolshrk.png">ActivateWindow(10025,&quot;plugin://plugin.program.iarl/Emulator/MAME_ZachMorris/Game/Poolshark?sf_options=desc%3D%26_options_sf&quot;,return)</favourite>
	<favourite name="Poolshark" thumb="http://archive.org/download/Mame172arcdcmplt/flyers.zip/poolshrk.png">ActivateWindow(10025,&quot;plugin://plugin.program.iarl/Emulator/MAME_2014_ZachMorris/Game/Poolshark?sf_options=desc%3D%26_options_sf&quot;,return)</favourite>
	<favourite name="Power Play Pool" thumb="http://thegamesdb.net/banners/boxart/original/front/47406-1.jpg">ActivateWindow(10025,&quot;plugin://plugin.program.iarl/Emulator/NINTENDO_DS_N3RDFLIX/Game/Power+Play+Pool+%28USA%29?sf_options=desc%3D%26_options_sf&quot;,return)</favourite>
	<favourite name="Pro Pool" thumb="http://thegamesdb.net/banners/boxart/original/front/22053-1.jpg">ActivateWindow(10025,&quot;plugin://plugin.program.iarl/Emulator/GBC_ZachMorris/Game/Pro+Pool+%28USA%29+%28En%2CFr%2CDe%29?sf_options=desc%3D%26_options_sf&quot;,return)</favourite>
	<favourite name="Professional Snooker Simulator" thumb="https://archive.org/download/C64Games_201705/C64_Artwork.zip/Commodore%2064%20Artwork%2FProfessional%20Snooker%20Simulator%20%28Europe%29%2F%5B1.Front%5D%20Front1.jpg">ActivateWindow(10025,&quot;plugin://plugin.program.iarl/Emulator/C64_ZachMorris/Game/Professional+Snooker+Simulator+%28Europe%29?sf_options=desc%3D%26_options_sf&quot;,return)</favourite>
	<favourite name="Sharkey's 3D Pool" thumb="http://www.mobygames.com/images/covers/l/16589-sharkey-s-3d-pool-dos-front-cover.jpg">ActivateWindow(10025,&quot;plugin://plugin.program.iarl/Emulator/IA_MSDOS_ZachMorris/Game/Sharkey%27s+3D+Pool?sf_options=desc%3D%26_options_sf&quot;,return)</favourite>
	<favourite name="Shootout Pool" thumb="http://archive.org/download/Mame172arcdcmplt/cabinets.zip/shootopl.png">ActivateWindow(10025,&quot;plugin://plugin.program.iarl/Emulator/MAME_ZachMorris/Game/Shootout+Pool?sf_options=desc%3D%26_options_sf&quot;,return)</favourite>
	<favourite name="Shootout Pool The Medal / Shootout Pool Prize" thumb="http://archive.org/download/Mame172arcdcmplt/flyers.zip/shootpl.png">ActivateWindow(10025,&quot;plugin://plugin.program.iarl/Emulator/MAME_ZachMorris/Game/Shootout+Pool+The+Medal+%2F+Shootout+Pool+Prize+%28Export%2C+Japan%2C+Rev+A%29?sf_options=desc%3D%26_options_sf&quot;,return)</favourite>
	<favourite name="Shootout Pool The Medal Version B / Shootout Pool Prize Version B" thumb="http://archive.org/download/Mame172arcdcmplt/flyers.zip/naomi.png">ActivateWindow(10025,&quot;plugin://plugin.program.iarl/Emulator/MAME_ZachMorris/Game/Shootout+Pool+The+Medal+Version+B+%2F+Shootout+Pool+Prize+Version+B+%28Export%2C+Japan%29?sf_options=desc%3D%26_options_sf&quot;,return)</favourite>
	<favourite name="Snooker" thumb="https://archive.org/download/C64Games_201705/C64_Artwork.zip/Commodore%2064%20Artwork%2FSnooker%20%28Gremlin%20Graphics%20Software%20Ltd.%29%20%28Europe%29%2F%5B1.Front%5D%20Front1.jpg">ActivateWindow(10025,&quot;plugin://plugin.program.iarl/Emulator/C64_ZachMorris/Game/Snooker+%28Gremlin+Graphics+Software+Ltd.%29+%28Europe%29?sf_options=desc%3D%26_options_sf&quot;,return)</favourite>
	<favourite name="Snooker" thumb="https://archive.org/download/C64Games_201705/C64_Artwork.zip/Commodore%2064%20Artwork%2FSnooker%20%28Visions%20Software%20Factory%29%20%28Europe%29%2FCover%20%5BComputer%20Hits%202%5D-Computer_Hits_2.jpg">ActivateWindow(10025,&quot;plugin://plugin.program.iarl/Emulator/C64_ZachMorris/Game/Snooker+%28Visions+Software+Factory%29+%28Europe%29?sf_options=desc%3D%26_options_sf&quot;,return)</favourite>
	<favourite name="Snooker 10" thumb="http://archive.org/download/Mame172arcdcmplt/snap.zip/snookr10.png">ActivateWindow(10025,&quot;plugin://plugin.program.iarl/Emulator/MAME_ZachMorris/Game/Snooker+10+%28Ver+1.11%29?sf_options=desc%3D%26_options_sf&quot;,return)</favourite>
	<favourite name="Snooker Management" thumb="https://archive.org/download/C64Games_201705/C64_Artwork.zip/Commodore%2064%20Artwork%2FSnooker%20Management%20%28Europe%29%2FCover-Snooker_Management.jpg">ActivateWindow(10025,&quot;plugin://plugin.program.iarl/Emulator/C64_ZachMorris/Game/Snooker+Management?sf_options=desc%3D%26_options_sf&quot;,return)</favourite>
	<favourite name="Steve Davis Snooker" thumb="https://archive.org/download/C64Games_201705/C64_Artwork.zip/Commodore%2064%20Artwork%2FSteve%20Davis%20Snooker%20%28Europe%29%2FCover%20%28Zafiro%29-Steve_Davis_Snooker_%28Zafiro%29.jpg">ActivateWindow(10025,&quot;plugin://plugin.program.iarl/Emulator/C64_ZachMorris/Game/Steve+Davis+Snooker+%28Europe%29?sf_options=desc%3D%26_options_sf&quot;,return)</favourite>
	<favourite name="Super Billiard - Championship Pool" thumb="http://i.imgur.com/blgH4K3.jpg">ActivateWindow(10025,&quot;plugin://plugin.program.iarl/Emulator/SNES_ZachMorris/Game/Super+Billiard+-+Championship+Pool+%28Japan%29?sf_options=desc%3D%26_options_sf&quot;,return)</favourite>
	<favourite name="Super Pool" thumb="http://archive.org/download/Mame172arcdcmplt/snap.zip/suprpool.png">ActivateWindow(10025,&quot;plugin://plugin.program.iarl/Emulator/MAME_ZachMorris/Game/Super+Pool+%28ver.+1.2%29?sf_options=desc%3D%26_options_sf&quot;,return)</favourite>
	<favourite name="Super Pool 99" thumb="http://archive.org/download/Mame172arcdcmplt/snap.zip/spool99.png">ActivateWindow(10025,&quot;plugin://plugin.program.iarl/Emulator/MAME_ZachMorris/Game/Super+Pool+99+%28Version+0.36%29?sf_options=desc%3D%26_options_sf&quot;,return)</favourite>
	<favourite name="Tournament Snooker" thumb="https://archive.org/download/C64Games_201705/C64_Artwork.zip/Commodore%2064%20Artwork%2FTournament%20Snooker%20%28Europe%29%2FAdvert-Anco3.jpg">ActivateWindow(10025,&quot;plugin://plugin.program.iarl/Emulator/C64_ZachMorris/Game/Tournament+Snooker?sf_options=desc%3D%26_options_sf&quot;,return)</favourite>
	<favourite name="Tri-Pool" thumb="http://archive.org/download/Mame172arcdcmplt/flyers.zip/tripool.png">ActivateWindow(10025,&quot;plugin://plugin.program.iarl/Emulator/MAME_ZachMorris/Game/Tri-Pool+%28Casino+Tech%29?sf_options=desc%3D%26_options_sf&quot;,return)</favourite>
	<favourite name="Tri-Pool" thumb="http://archive.org/download/Mame172arcdcmplt/flyers.zip/tripool.png">ActivateWindow(10025,&quot;plugin://plugin.program.iarl/Emulator/MAME_2014_ZachMorris/Game/Tri-Pool+%28Casino+Tech%29?sf_options=desc%3D%26_options_sf&quot;,return)</favourite>
	<favourite name="Tri-Pool" thumb="http://images.launchbox-app.com/tripool.png">ActivateWindow(10025,&quot;plugin://plugin.program.iarl/Emulator/FBA_ZachMorris/Game/Tri-Pool+%28Casino+Tech%29?sf_options=desc%3D%26_options_sf&quot;,return)</favourite>
	<favourite name="Underground Pool" thumb="http://thegamesdb.net/banners/boxart/original/front/12587-1.jpg">ActivateWindow(10025,&quot;plugin://plugin.program.iarl/Emulator/NINTENDO_DS_N3RDFLIX/Game/Underground+Pool+%28USA%29?sf_options=desc%3D%26_options_sf&quot;,return)</favourite>
	<favourite name="World Cup of Pool" thumb="http://thegamesdb.net/banners/boxart/original/front/43287-1.jpg">ActivateWindow(10025,&quot;plugin://plugin.program.iarl/Emulator/NINTENDO_DS_N3RDFLIX/Game/World+Cup+of+Pool+%28USA%29?sf_options=desc%3D%26_options_sf&quot;,return)</favourite>
	<favourite name="World Snooker Challenge 2007" thumb="http://thegamesdb.net/banners/boxart/original/front/19417-1.jpg">ActivateWindow(10025,&quot;plugin://plugin.program.iarl/Emulator/PSP_N3RDFLIX/Game/World+Snooker+Challenge+2007+%28Europe%29?sf_options=desc%3D%26_options_sf&quot;,return)</favourite>
	<favourite name="World of Pool" thumb="http://thegamesdb.net/banners/boxart/original/front/25070-1.jpg">ActivateWindow(10025,&quot;plugin://plugin.program.iarl/Emulator/PSP_N3RDFLIX/Game/World+of+Pool+%28Europe%29?sf_options=desc%3D%26_options_sf&quot;,return)</favourite>
</favourites>