<favourites>
    <favourite name="Disney's Tarzan" thumb="http://thegamesdb.net/banners/boxart/original/front/8284-1.jpg">ActivateWindow(10025,&quot;plugin://plugin.program.iarl/Emulator/PS1_ZachMorris/Game/Disney%27s+Tarzan+%28USA%29+%28v1.1%29?sf_options=desc%3D%26_options_sf&quot;,return)</favourite>
	<favourite name="Super Tarzan" thumb="http://archive.org/download/Mame172arcdcmplt/snap.zip/starzan.png">ActivateWindow(10025,&quot;plugin://plugin.program.iarl/Emulator/MAME_ZachMorris/Game/Super+Tarzan+%28Italy%2C+V100I%29?sf_options=desc%3D%26_options_sf&quot;,return)</favourite>
	<favourite name="Tarzan: From out of the Jungle" thumb="http://static.giantbomb.com/uploads/scale_large/3/34651/2234263-tarzan.jpg">ActivateWindow(10025,&quot;plugin://plugin.program.iarl/Emulator/Colecovision_ZachMorris/Game/Tarzan%3A+From+out+of+the+Jungle?sf_options=desc%3D%26_options_sf&quot;,return)</favourite>
	<favourite name="Tarzan" thumb="http://i.imgur.com/ndoOLhK.png">ActivateWindow(10025,&quot;plugin://plugin.program.iarl/Emulator/N64_ZachMorris/Game/Tarzan+%28USA%29?sf_options=desc%3D%26_options_sf&quot;,return)</favourite>
	<favourite name="Tarzan" thumb="http://thegamesdb.net/banners/boxart/original/front/21779-1.jpg">ActivateWindow(10025,&quot;plugin://plugin.program.iarl/Emulator/GB_Classic_ZachMorris/Game/Tarzan+%28USA%2C+Europe%29?sf_options=desc%3D%26_options_sf&quot;,return)</favourite>
	<favourite name="Tarzan - Lord of the Jungle" thumb="http://thegamesdb.net/banners/boxart/original/front/25246-1.jpg">ActivateWindow(10025,&quot;plugin://plugin.program.iarl/Emulator/Game_Gear_ZachMorris/Game/Tarzan+-+Lord+of+the+Jungle+%28Europe%29?sf_options=desc%3D%26_options_sf&quot;,return)</favourite>
	<favourite name="Tarzan - Return to the Jungle" thumb="http://thegamesdb.net/banners/boxart/original/front/26158-1.jpg">ActivateWindow(10025,&quot;plugin://plugin.program.iarl/Emulator/GBA_ZachMorris/Game/Tarzan+-+Return+to+the+Jungle+%28USA%2C+Europe%29?sf_options=desc%3D%26_options_sf&quot;,return)</favourite>
	<favourite name="Tarzan Chuang Tian Guan" thumb="http://archive.org/download/Mame172arcdcmplt/snap.zip/tarzan.png">ActivateWindow(10025,&quot;plugin://plugin.program.iarl/Emulator/MAME_ZachMorris/Game/Tarzan+Chuang+Tian+Guan+%28V109C%2C+set+2%29?sf_options=desc%3D%26_options_sf&quot;,return)</favourite>
	<favourite name="Tarzan Goes Ape!" thumb="https://archive.org/download/C64Games_201705/C64_Artwork.zip/Commodore%2064%20Artwork%2FTarzan%20Goes%20Ape%21%20%28Europe%29%2FCover-Tarzan_Goes_Ape.jpg">ActivateWindow(10025,&quot;plugin://plugin.program.iarl/Emulator/C64_ZachMorris/Game/Tarzan+Goes+Ape%21?sf_options=desc%3D%26_options_sf&quot;,return)</favourite>
    <favourite name="Disneys Tarzan Untamed" thumb="http://thegamesdb.net/banners/boxart/original/front/34723-1.jpg">ActivateWindow(10025,&quot;plugin://plugin.program.iarl/Emulator/Sony_Playstation_2_N3RDFLIX/Game/Disneys+Tarzan+Untamed+%28USA%29?sf_options=desc%3D%26_options_sf&quot;,return)</favourite>
	<favourite name="Tarzan Untamed" thumb="http://thegamesdb.net/banners/boxart/original/front/30811-1.jpg">ActivateWindow(10025,&quot;plugin://plugin.program.iarl/Emulator/Nintendo_Gamecube_N3RDFLIX/Game/Tarzan+Untamed+%28U%29%28OneUp%29?sf_options=desc%3D%26_options_sf&quot;,return)</favourite>
</favourites>