<favourites>
	<favourite name="15.  Tetris" thumb="http://i.imgur.com/lnnQVxo.jpg">ActivateWindow(10025,&quot;plugin://plugin.program.iarl/Emulator/NES_Bestof_ZachMorris/Game/15.++Tetris?sf_options=desc%3D%26_options_sf&quot;,return)</favourite>
	<favourite name="12.  Tetris Attack" thumb="http://thegamesdb.net/banners/boxart/original/front/3281-1.jpg">ActivateWindow(10025,&quot;plugin://plugin.program.iarl/Emulator/SNES_Bestof_ZachMorris/Game/12.++Tetris+Attack?sf_options=desc%3D%26_options_sf&quot;,return)</favourite>
	<favourite name="28.  Tetrisphere" thumb="http://static.giantbomb.com/uploads/scale_large/1/15405/775091-tetrisphereboxart.jpg">ActivateWindow(10025,&quot;plugin://plugin.program.iarl/Emulator/N64_Bestof_ZachMorris/Game/28.++Tetrisphere?sf_options=desc%3D%26_options_sf&quot;,return)</favourite>
	<favourite name="Acid Tetris" thumb="http://www.mobygames.com/images/shots/l/5166-acid-tetris-dos-screenshot-warning.jpg">ActivateWindow(10025,&quot;plugin://plugin.program.iarl/Emulator/IA_MSDOS_ZachMorris/Game/Acid+Tetris?sf_options=desc%3D%26_options_sf&quot;,return)</favourite>
	<favourite name="BwB Tetris v 2.2" thumb="http://archive.org/download/Mame172arcdcmplt/snap.zip/v4tetrs.png">ActivateWindow(10025,&quot;plugin://plugin.program.iarl/Emulator/MAME_ZachMorris/Game/BwB+Tetris+v+2.2+%28MPU4+Video%29?sf_options=desc%3D%26_options_sf&quot;,return)</favourite>
	<favourite name="Defi au Tetris Magique" thumb="http://thegamesdb.net/banners/boxart/original/front/1135-1.jpg">ActivateWindow(10025,&quot;plugin://plugin.program.iarl/Emulator/N64_ZachMorris/Game/Defi+au+Tetris+Magique+%28France%29?sf_options=desc%3D%26_options_sf&quot;,return)</favourite>
	<favourite name="FA Tetris" thumb="http://img.gamefaqs.net/box/7/9/2/268792_front.jpg">ActivateWindow(10025,&quot;plugin://plugin.program.iarl/Emulator/Master_System_ZachMorris/Game/FA+Tetris+%28Korea%29+%28Pirate%29?sf_options=desc%3D%26_options_sf&quot;,return)</favourite>
	<favourite name="Final Tetris" thumb="http://thegamesdb.net/banners/boxart/original/front/36911-1.jpg">ActivateWindow(10025,&quot;plugin://plugin.program.iarl/Emulator/MAME_ZachMorris/Game/Final+Tetris?sf_options=desc%3D%26_options_sf&quot;,return)</favourite>
	<favourite name="Final Tetris" thumb="http://thegamesdb.net/banners/boxart/original/front/36911-1.jpg">ActivateWindow(10025,&quot;plugin://plugin.program.iarl/Emulator/FBA_ZachMorris/Game/Final+Tetris?sf_options=desc%3D%26_options_sf&quot;,return)</favourite>
	<favourite name="Gameboy Tetris" thumb="https://archive.org/download/C64Games_201705/C64_Artwork.zip/Commodore%2064%20Artwork%2FGameboy%20Tetris%20%28Europe%29%20%28Unl%29%2FMagazine%20Cover%20%28Commodore%20Zone%29-CZ06.jpg">ActivateWindow(10025,&quot;plugin://plugin.program.iarl/Emulator/C64_ZachMorris/Game/Gameboy+Tetris?sf_options=desc%3D%26_options_sf&quot;,return)</favourite>
	<favourite name="Magical Tetris Challenge" thumb="http://archive.org/download/Mame172arcdcmplt/flyers.zip/mtetrisc.png">ActivateWindow(10025,&quot;plugin://plugin.program.iarl/Emulator/MAME_ZachMorris/Game/Magical+Tetris+Challenge+%28981009+Japan%29?sf_options=desc%3D%26_options_sf&quot;,return)</favourite>
	<favourite name="Magical Tetris Challenge" thumb="http://static.giantbomb.com/uploads/scale_large/8/87790/2266524-box_mtc.png">ActivateWindow(10025,&quot;plugin://plugin.program.iarl/Emulator/N64_ZachMorris/Game/Magical+Tetris+Challenge+%28USA%29?sf_options=desc%3D%26_options_sf&quot;,return)</favourite>
	<favourite name="Minna no Soft Series - Tetris Advance" thumb="http://img.gamefaqs.net/box/4/0/7/57407_front.jpg">ActivateWindow(10025,&quot;plugin://plugin.program.iarl/Emulator/GBA_ZachMorris/Game/Minna+no+Soft+Series+-+Tetris+Advance+%28Japan%29?sf_options=desc%3D%26_options_sf&quot;,return)</favourite>
	<favourite name="New Tetris, The" thumb="http://thegamesdb.net/banners/boxart/original/front/1161-1.jpg">ActivateWindow(10025,&quot;plugin://plugin.program.iarl/Emulator/N64_ZachMorris/Game/New+Tetris%2C+The+%28USA%29?sf_options=desc%3D%26_options_sf&quot;,return)</favourite>
	<favourite name="Next Tetris, The" thumb="http://thegamesdb.net/banners/boxart/original/front/580-1.jpg">ActivateWindow(10025,&quot;plugin://plugin.program.iarl/Emulator/PS1_ZachMorris/Game/Next+Tetris%2C+The+%28USA%29?sf_options=desc%3D%26_options_sf&quot;,return)</favourite>
	<favourite name="Novalight Tetris" thumb="http://www.mobygames.com/images/shots/l/3840-novalight-tetris-dos-screenshot-title-screen.jpg">ActivateWindow(10025,&quot;plugin://plugin.program.iarl/Emulator/IA_MSDOS_ZachMorris/Game/Novalight+Tetris?sf_options=desc%3D%26_options_sf&quot;,return)</favourite>
	<favourite name="PK Tetris" thumb="http://archive.org/download/Mame172arcdcmplt/snap.zip/pktet346.png">ActivateWindow(10025,&quot;plugin://plugin.program.iarl/Emulator/MAME_ZachMorris/Game/PK+Tetris+%28v346I%29?sf_options=desc%3D%26_options_sf&quot;,return)</favourite>
	<favourite name="Prize Tetris" thumb="http://archive.org/download/Mame172arcdcmplt/snap.zip/v4pztet.png">ActivateWindow(10025,&quot;plugin://plugin.program.iarl/Emulator/MAME_ZachMorris/Game/Prize+Tetris+%28Bwb%29+%28MPU4+Video%2C+set+1%29?sf_options=desc%3D%26_options_sf&quot;,return)</favourite>
	<favourite name="Puzzle:  2.  Tetris" thumb="http://thegamesdb.net/banners/boxart/original/front/8828-1.jpg">ActivateWindow(10025,&quot;plugin://plugin.program.iarl/Emulator/MAME_Bestof_ZachMorris/Game/Puzzle%3A++2.++Tetris?sf_options=desc%3D%26_options_sf&quot;,return)</favourite>
	<favourite name="Puzzle:  9.  Tetris The Grand Master" thumb="http://thegamesdb.net/banners/boxart/original/front/12851-1.png">ActivateWindow(10025,&quot;plugin://plugin.program.iarl/Emulator/MAME_Bestof_ZachMorris/Game/Puzzle%3A++9.++Tetris+The+Grand+Master?sf_options=desc%3D%26_options_sf&quot;,return)</favourite>
	<favourite name="S-Tetris" thumb="http://www.mobygames.com/images/shots/l/25460-s-tetris-dos-screenshot-title-screen-documentation-calls-this.jpg">ActivateWindow(10025,&quot;plugin://plugin.program.iarl/Emulator/IA_MSDOS_ZachMorris/Game/S-Tetris?sf_options=desc%3D%26_options_sf&quot;,return)</favourite>
	<favourite name="Sega Tetris" thumb="http://archive.org/download/Mame172arcdcmplt/flyers.zip/naomi.png">ActivateWindow(10025,&quot;plugin://plugin.program.iarl/Emulator/MAME_ZachMorris/Game/Sega+Tetris?sf_options=desc%3D%26_options_sf&quot;,return)</favourite>
	<favourite name="Super Tetris" thumb="http://www.mobygames.com/images/covers/l/238451-super-tetris-dos-front-cover.jpg">ActivateWindow(10025,&quot;plugin://plugin.program.iarl/Emulator/IA_MSDOS_ZachMorris/Game/Super+Tetris?sf_options=desc%3D%26_options_sf&quot;,return)</favourite>
	<favourite name="Super Tetris" thumb="">ActivateWindow(10025,&quot;plugin://plugin.program.iarl/Emulator/Master_System_ZachMorris/Game/Super+Tetris+%28Korea%29+%28Pirate%29?sf_options=desc%3D%26_options_sf&quot;,return)</favourite>
	<favourite name="Super Tetris 2 + Bombliss" thumb="http://i.imgur.com/0h2f2nu.jpg">ActivateWindow(10025,&quot;plugin://plugin.program.iarl/Emulator/SNES_ZachMorris/Game/Super+Tetris+2+%2B+Bombliss+%28Japan%29+%28En%29+%28Rev+1%29?sf_options=desc%3D%26_options_sf&quot;,return)</favourite>
	<favourite name="Super Tetris 3" thumb="http://i.imgur.com/ve5kils.jpg">ActivateWindow(10025,&quot;plugin://plugin.program.iarl/Emulator/SNES_ZachMorris/Game/Super+Tetris+3+%28Japan%29+%28En%29?sf_options=desc%3D%26_options_sf&quot;,return)</favourite>
	<favourite name="Tetris" thumb="http://www.mobygames.com/images/covers/l/23489-pickle-wars-dos-front-cover.jpg">ActivateWindow(10025,&quot;plugin://plugin.program.iarl/Emulator/IA_MSDOS_ZachMorris/Game/Tetris?sf_options=desc%3D%26_options_sf&quot;,return)</favourite>
	<favourite name="Tetris" thumb="https://archive.org/download/C64Games_201705/C64_Artwork.zip/Commodore%2064%20Artwork%2FTetris%20%28Mirrorsoft%20Ltd.%29%20%28Europe%29%2F%5B1.Front%5D%20Front1.jpg">ActivateWindow(10025,&quot;plugin://plugin.program.iarl/Emulator/C64_ZachMorris/Game/Tetris?sf_options=desc%3D%26_options_sf&quot;,return)</favourite>
	<favourite name="Tetris &amp; Dr. Mario" thumb="http://i.imgur.com/cP0xX3q.jpg">ActivateWindow(10025,&quot;plugin://plugin.program.iarl/Emulator/SNES_ZachMorris/Game/Tetris+%26+Dr.+Mario+%28USA%29?sf_options=desc%3D%26_options_sf&quot;,return)</favourite>
	<favourite name="Tetris" thumb="https://archive.org/download/C64Games_201705/C64_Artwork.zip/Commodore%2064%20Artwork%2FTetris%20%28Mirrorsoft%20Ltd.%29%20%28Europe%29%2F%5B1.Front%5D%20Front1.jpg">ActivateWindow(10025,&quot;plugin://plugin.program.iarl/Emulator/C64_ZachMorris/Game/Tetris+%28576+Kbyte%29+%28Hungary%29+%28Unl%29?sf_options=desc%3D%26_options_sf&quot;,return)</favourite>
	<favourite name="Tetris" thumb="http://archive.org/download/Mame172arcdcmplt/flyers.zip/tetris.png">ActivateWindow(10025,&quot;plugin://plugin.program.iarl/Emulator/MAME_ZachMorris/Game/Tetris+%28D.R.+Korea%29?sf_options=desc%3D%26_options_sf&quot;,return)</favourite>
	<favourite name="Tetris" thumb="http://images.launchbox-app.com/atetris.png">ActivateWindow(10025,&quot;plugin://plugin.program.iarl/Emulator/FBA_ZachMorris/Game/Tetris+%28D.R.+Korea%29?sf_options=desc%3D%26_options_sf&quot;,return)</favourite>
	<favourite name="Tetris" thumb="http://thegamesdb.net/banners/boxart/original/front/20441-1.jpg">ActivateWindow(10025,&quot;plugin://plugin.program.iarl/Emulator/Genesis_ZachMorris/Game/Tetris+%28Japan%29?sf_options=desc%3D%26_options_sf&quot;,return)</favourite>
	<favourite name="Tetris" thumb="http://thegamesdb.net/banners/boxart/original/front/8828-1.jpg">ActivateWindow(10025,&quot;plugin://plugin.program.iarl/Emulator/MAME_ZachMorris/Game/Tetris+%28Japan%2C+System+E%29?sf_options=desc%3D%26_options_sf&quot;,return)</favourite>
	<favourite name="Tetris" thumb="http://archive.org/download/Mame172arcdcmplt/flyers.zip/tetris.png">ActivateWindow(10025,&quot;plugin://plugin.program.iarl/Emulator/MAME_ZachMorris/Game/Tetris+%28Korean+bootleg+of+Mirrorsoft+PC-XT+Tetris%29?sf_options=desc%3D%26_options_sf&quot;,return)</favourite>
	<favourite name="Tetris" thumb="http://thegamesdb.net/banners/boxart/original/front/8828-1.jpg">ActivateWindow(10025,&quot;plugin://plugin.program.iarl/Emulator/MAME_ZachMorris/Game/Tetris+%28Mega-Tech%29?sf_options=desc%3D%26_options_sf&quot;,return)</favourite>
	<favourite name="Tetris" thumb="http://thegamesdb.net/banners/boxart/original/front/8828-1.jpg">ActivateWindow(10025,&quot;plugin://plugin.program.iarl/Emulator/MAME_2014_ZachMorris/Game/Tetris+%28Mega-Tech%29?sf_options=desc%3D%26_options_sf&quot;,return)</favourite>
	<favourite name="Tetris" thumb="https://archive.org/download/C64Games_201705/C64_Artwork.zip/Commodore%2064%20Artwork%2FTetris%20%28Mirrorsoft%20Ltd.%29%20%28Europe%29%2F%5B1.Front%5D%20Front1.jpg">ActivateWindow(10025,&quot;plugin://plugin.program.iarl/Emulator/C64_ZachMorris/Game/Tetris+%28Mirrorsoft+Ltd.%29+%28Europe%29?sf_options=desc%3D%26_options_sf&quot;,return)</favourite>
	<favourite name="Tetris" thumb="http://thegamesdb.net/banners/boxart/original/front/8828-1.jpg">ActivateWindow(10025,&quot;plugin://plugin.program.iarl/Emulator/MAME_ZachMorris/Game/Tetris+%28Photon+System%29?sf_options=desc%3D%26_options_sf&quot;,return)</favourite>
	<favourite name="Tetris" thumb="http://i.imgur.com/lnnQVxo.jpg">ActivateWindow(10025,&quot;plugin://plugin.program.iarl/Emulator/NES_ZachMorris/Game/Tetris+%28USA%29?sf_options=desc%3D%26_options_sf&quot;,return)</favourite>
	<favourite name="Tetris" thumb="http://static.giantbomb.com/uploads/scale_large/9/93770/2362306-nes_tetris.jpg">ActivateWindow(10025,&quot;plugin://plugin.program.iarl/Emulator/GB_Classic_ZachMorris/Game/Tetris+%28World%29+%28Rev+A%29?sf_options=desc%3D%26_options_sf&quot;,return)</favourite>
	<favourite name="Tetris" thumb="http://thegamesdb.net/banners/boxart/original/front/8828-1.jpg">ActivateWindow(10025,&quot;plugin://plugin.program.iarl/Emulator/MAME_ZachMorris/Game/Tetris+%28set+1%29?sf_options=desc%3D%26_options_sf&quot;,return)</favourite>
	<favourite name="Tetris" thumb="http://images.launchbox-app.com/atetris.png">ActivateWindow(10025,&quot;plugin://plugin.program.iarl/Emulator/FBA_ZachMorris/Game/Tetris+%28set+1%29?sf_options=desc%3D%26_options_sf&quot;,return)</favourite>
	<favourite name="Tetris" thumb="http://thegamesdb.net/banners/boxart/original/front/8828-1.jpg">ActivateWindow(10025,&quot;plugin://plugin.program.iarl/Emulator/MAME_2014_ZachMorris/Game/Tetris+%28set+1%29?sf_options=desc%3D%26_options_sf&quot;,return)</favourite>
	<favourite name="Tetris" thumb="http://thegamesdb.net/banners/boxart/original/front/8828-1.jpg">ActivateWindow(10025,&quot;plugin://plugin.program.iarl/Emulator/MAME_ZachMorris/Game/Tetris+%28set+4%2C+Japan%2C+System+16A%29+%28FD1094+317-0093%29?sf_options=desc%3D%26_options_sf&quot;,return)</favourite>
	<favourite name="Tetris" thumb="http://images.launchbox-app.com/atetris.png">ActivateWindow(10025,&quot;plugin://plugin.program.iarl/Emulator/FBA_ZachMorris/Game/Tetris+%28set+4%2C+Japan%2C+System+16A%29+%28FD1094+317-0093%29?sf_options=desc%3D%26_options_sf&quot;,return)</favourite>
	<favourite name="Tetris" thumb="http://thegamesdb.net/banners/boxart/original/front/8828-1.jpg">ActivateWindow(10025,&quot;plugin://plugin.program.iarl/Emulator/MAME_2014_ZachMorris/Game/Tetris+%28set+4%2C+Japan%2C+System+16A%2C+FD1094+317-0093%29?sf_options=desc%3D%26_options_sf&quot;,return)</favourite>
	<favourite name="Tetris + Cherry Master" thumb="http://archive.org/download/Mame172arcdcmplt/snap.zip/cmtetrsb.png">ActivateWindow(10025,&quot;plugin://plugin.program.iarl/Emulator/MAME_ZachMorris/Game/Tetris+%2B+Cherry+Master+%28%2BK%2C+Canada+Version%2C+encrypted%29?sf_options=desc%3D%26_options_sf&quot;,return)</favourite>
	<favourite name="Tetris + Cherry Master" thumb="http://archive.org/download/Mame172arcdcmplt/snap.zip/cmtetris.png">ActivateWindow(10025,&quot;plugin://plugin.program.iarl/Emulator/MAME_ZachMorris/Game/Tetris+%2B+Cherry+Master+%28Corsica%2C+v8.01%2C+set+1%29?sf_options=desc%3D%26_options_sf&quot;,return)</favourite>
	<favourite name="Tetris + Cherry Master" thumb="http://archive.org/download/Mame172arcdcmplt/snap.zip/cmtetrsa.png">ActivateWindow(10025,&quot;plugin://plugin.program.iarl/Emulator/MAME_ZachMorris/Game/Tetris+%2B+Cherry+Master+%28Corsica%2C+v8.01%2C+set+2%29?sf_options=desc%3D%26_options_sf&quot;,return)</favourite>
	<favourite name="Tetris / Bloxeed" thumb="http://archive.org/download/Mame172arcdcmplt/snap.zip/tetrbx.png">ActivateWindow(10025,&quot;plugin://plugin.program.iarl/Emulator/FBA_ZachMorris/Game/Tetris+%2F+Bloxeed+%28Korean+System+16+bootleg%29+%28ISG+Selection+Master+Type+2006%29?sf_options=desc%3D%26_options_sf&quot;,return)</favourite>
	<favourite name="Tetris / Bloxeed" thumb="http://archive.org/download/Mame172arcdcmplt/snap.zip/tetrbx.png">ActivateWindow(10025,&quot;plugin://plugin.program.iarl/Emulator/MAME_ZachMorris/Game/Tetris+%2F+Bloxeed+%28Korean+System+16+bootleg%29+%28ISG+Selection+Master+Type+2006%29?sf_options=desc%3D%26_options_sf&quot;,return)</favourite>
	<favourite name="Tetris 2" thumb="http://i.imgur.com/OJ9asgC.jpg">ActivateWindow(10025,&quot;plugin://plugin.program.iarl/Emulator/NES_ZachMorris/Game/Tetris+2+%28USA%29?sf_options=desc%3D%26_options_sf&quot;,return)</favourite>
	<favourite name="Tetris 2" thumb="http://static.giantbomb.com/uploads/scale_large/9/93770/2362304-nes_tetris2_2.jpg">ActivateWindow(10025,&quot;plugin://plugin.program.iarl/Emulator/GB_Classic_ZachMorris/Game/Tetris+2+%28USA%29?sf_options=desc%3D%26_options_sf&quot;,return)</favourite>
	<favourite name="Tetris 2" thumb="http://i.imgur.com/7UeUfSG.jpg">ActivateWindow(10025,&quot;plugin://plugin.program.iarl/Emulator/SNES_ZachMorris/Game/Tetris+2+%28USA%29+%28Rev+1%29?sf_options=desc%3D%26_options_sf&quot;,return)</favourite>
	<favourite name="Tetris 2" thumb="http://thegamesdb.net/banners/boxart/original/front/18603-1.jpg">ActivateWindow(10025,&quot;plugin://plugin.program.iarl/Emulator/GB_Classic_ZachMorris/Game/Tetris+2+%28USA%2C+Europe%29+%28SGB+Enhanced%29?sf_options=desc%3D%26_options_sf&quot;,return)</favourite>
	<favourite name="Tetris 2 + Bombliss" thumb="http://i.imgur.com/YyF5mbT.png">ActivateWindow(10025,&quot;plugin://plugin.program.iarl/Emulator/NES_ZachMorris/Game/Tetris+2+%2B+Bombliss+%28Japan%29+%28Rev+A%29?sf_options=desc%3D%26_options_sf&quot;,return)</favourite>
	<favourite name="Tetris 4D" thumb="http://static.giantbomb.com/uploads/scale_large/0/4647/1032721-198940_15731_front.jpg">ActivateWindow(10025,&quot;plugin://plugin.program.iarl/Emulator/Sega_Dreamcast_ZachMorris/Game/Tetris+4D+%28Japan%29?sf_options=desc%3D%26_options_sf&quot;,return)</favourite>
	<favourite name="Tetris 64" thumb="http://thegamesdb.net/banners/boxart/original/front/20517-1.jpg">ActivateWindow(10025,&quot;plugin://plugin.program.iarl/Emulator/N64_ZachMorris/Game/Tetris+64+%28Japan%29?sf_options=desc%3D%26_options_sf&quot;,return)</favourite>
	<favourite name="Tetris Adventure - Susume Mickey to Nakama-tachi" thumb="http://thegamesdb.net/banners/boxart/original/front/8627-1.jpg">ActivateWindow(10025,&quot;plugin://plugin.program.iarl/Emulator/GBC_ZachMorris/Game/Tetris+Adventure+-+Susume+Mickey+to+Nakama-tachi+%28Japan%29?sf_options=desc%3D%26_options_sf&quot;,return)</favourite>
	<favourite name="Tetris Attack" thumb="http://i.imgur.com/GMKoRXO.jpg">ActivateWindow(10025,&quot;plugin://plugin.program.iarl/Emulator/SNES_ZachMorris/Game/Tetris+Attack+%28USA%29+%28En%2CJa%29?sf_options=desc%3D%26_options_sf&quot;,return)</favourite>
	<favourite name="Tetris Attack" thumb="http://thegamesdb.net/banners/boxart/original/front/17486-1.jpg">ActivateWindow(10025,&quot;plugin://plugin.program.iarl/Emulator/GB_Classic_ZachMorris/Game/Tetris+Attack+%28USA%29+%28SGB+Enhanced%29?sf_options=desc%3D%26_options_sf&quot;,return)</favourite>
	<favourite name="Tetris Attack" thumb="http://static.giantbomb.com/uploads/scale_large/0/7465/782521-tetris_attack_box_art.jpg">ActivateWindow(10025,&quot;plugin://plugin.program.iarl/Emulator/GB_Classic_ZachMorris/Game/Tetris+Attack+%28USA%2C+Europe%29+%28Rev+A%29+%28SGB+Enhanced%29?sf_options=desc%3D%26_options_sf&quot;,return)</favourite>
	<favourite name="Tetris Battle Gaiden" thumb="http://i.imgur.com/1uRpsTe.png">ActivateWindow(10025,&quot;plugin://plugin.program.iarl/Emulator/SNES_ZachMorris/Game/Tetris+Battle+Gaiden+%28Japan%29?sf_options=desc%3D%26_options_sf&quot;,return)</favourite>
	<favourite name="Tetris Blast" thumb="http://thegamesdb.net/banners/boxart/original/front/21329-1.jpg">ActivateWindow(10025,&quot;plugin://plugin.program.iarl/Emulator/GB_Classic_ZachMorris/Game/Tetris+Blast+%28USA%2C+Europe%29+%28SGB+Enhanced%29?sf_options=desc%3D%26_options_sf&quot;,return)</favourite>
	<favourite name="Tetris DS" thumb="http://thegamesdb.net/banners/boxart/original/front/6888-1.jpg">ActivateWindow(10025,&quot;plugin://plugin.program.iarl/Emulator/NINTENDO_DS_N3RDFLIX/Game/Tetris+DS+%28USA%29?sf_options=desc%3D%26_options_sf&quot;,return)</favourite>
	<favourite name="Tetris DX" thumb="http://thegamesdb.net/banners/boxart/original/front/8657-1.jpg">ActivateWindow(10025,&quot;plugin://plugin.program.iarl/Emulator/GBC_ZachMorris/Game/Tetris+DX+%28World%29+%28SGB+Enhanced%29?sf_options=desc%3D%26_options_sf&quot;,return)</favourite>
	<favourite name="Tetris DS" thumb="http://thegamesdb.net/banners/boxart/original/front/6888-1.jpg">ActivateWindow(10025,&quot;plugin://plugin.program.iarl/Emulator/NINTENDO_DS_N3RDFLIX/Game/Tetris+DS+%28USA%29?sf_options=desc%3D%26_options_sf&quot;,return)</favourite>
	<favourite name="Tetris Party Deluxe" thumb="http://thegamesdb.net/banners/boxart/original/front/20911-1.jpg">ActivateWindow(10025,&quot;plugin://plugin.program.iarl/Emulator/NINTENDO_DS_N3RDFLIX/Game/Tetris+Party+Deluxe+%28USA%29?sf_options=desc%3D%26_options_sf&quot;,return)</favourite>
	<favourite name="Tetris Worlds" thumb="http://thegamesdb.net/banners/boxart/original/front/18713-1.png">ActivateWindow(10025,&quot;plugin://plugin.program.iarl/Emulator/Nintendo_Gamecube_N3RDFLIX/Game/Tetris+Worlds+%28Europe%29?sf_options=desc%3D%26_options_sf&quot;,return)</favourite>
	<favourite name="Tetris Worlds" thumb="http://thegamesdb.net/banners/boxart/original/front/22958-1.jpg">ActivateWindow(10025,&quot;plugin://plugin.program.iarl/Emulator/Sony_Playstation_2_N3RDFLIX/Game/Tetris+Worlds+%28USA%29?sf_options=desc%3D%26_options_sf&quot;,return)</favourite>
    <favourite name="Tetris Fighters" thumb="http://archive.org/download/Mame172arcdcmplt/snap.zip/tetfight.png">ActivateWindow(10025,&quot;plugin://plugin.program.iarl/Emulator/MAME_ZachMorris/Game/Tetris+Fighters?sf_options=desc%3D%26_options_sf&quot;,return)</favourite>
	<favourite name="Tetris Flash" thumb="http://i.imgur.com/xjxCJya.jpg">ActivateWindow(10025,&quot;plugin://plugin.program.iarl/Emulator/SNES_ZachMorris/Game/Tetris+Flash+%28Japan%29?sf_options=desc%3D%26_options_sf&quot;,return)</favourite>
	<favourite name="Tetris Flash" thumb="http://i.imgur.com/OJ9asgC.jpg">ActivateWindow(10025,&quot;plugin://plugin.program.iarl/Emulator/NES_ZachMorris/Game/Tetris+Flash+%28Japan%29?sf_options=desc%3D%26_options_sf&quot;,return)</favourite>
	<favourite name="Tetris Flash" thumb="http://thegamesdb.net/banners/boxart/original/front/18603-1.jpg">ActivateWindow(10025,&quot;plugin://plugin.program.iarl/Emulator/GB_Classic_ZachMorris/Game/Tetris+Flash+%28Japan%29+%28SGB+Enhanced%29?sf_options=desc%3D%26_options_sf&quot;,return)</favourite>
	<favourite name="Tetris Giant / Tetris Dekaris" thumb="http://archive.org/download/Mame172arcdcmplt/flyers.zip/tetgiant.png">ActivateWindow(10025,&quot;plugin://plugin.program.iarl/Emulator/MAME_ZachMorris/Game/Tetris+Giant+%2F+Tetris+Dekaris+%28Ver.2.000%29?sf_options=desc%3D%26_options_sf&quot;,return)</favourite>
	<favourite name="Tetris Party Deluxe" thumb="http://thegamesdb.net/banners/boxart/original/front/20911-1.jpg">ActivateWindow(10025,&quot;plugin://plugin.program.iarl/Emulator/NINTENDO_DS_N3RDFLIX/Game/Tetris+Party+Deluxe+%28USA%29?sf_options=desc%3D%26_options_sf&quot;,return)</favourite>
	<favourite name="Tetris Plus" thumb="http://thegamesdb.net/banners/boxart/original/front/36483-1.jpg">ActivateWindow(10025,&quot;plugin://plugin.program.iarl/Emulator/MAME_ZachMorris/Game/Tetris+Plus?sf_options=desc%3D%26_options_sf&quot;,return)</favourite>
	<favourite name="Tetris Plus" thumb="http://thegamesdb.net/banners/boxart/original/front/36483-1.jpg">ActivateWindow(10025,&quot;plugin://plugin.program.iarl/Emulator/MAME_2014_ZachMorris/Game/Tetris+Plus?sf_options=desc%3D%26_options_sf&quot;,return)</favourite>
	<favourite name="Tetris Plus" thumb="http://thegamesdb.net/banners/boxart/original/front/11359-1.jpg">ActivateWindow(10025,&quot;plugin://plugin.program.iarl/Emulator/Sega_Saturn_ZachMorris/Game/Tetris+Plus+%28USA%29?sf_options=desc%3D%26_options_sf&quot;,return)</favourite>
	<favourite name="Tetris Plus" thumb="http://thegamesdb.net/banners/boxart/original/front/11881-1.jpg">ActivateWindow(10025,&quot;plugin://plugin.program.iarl/Emulator/PS1_ZachMorris/Game/Tetris+Plus+%28USA%29?sf_options=desc%3D%26_options_sf&quot;,return)</favourite>
	<favourite name="Tetris Plus" thumb="http://static.giantbomb.com/uploads/scale_large/0/4647/971128-198945_43075_front.jpg">ActivateWindow(10025,&quot;plugin://plugin.program.iarl/Emulator/GB_Classic_ZachMorris/Game/Tetris+Plus+%28USA%2C+Europe%29+%28SGB+Enhanced%29?sf_options=desc%3D%26_options_sf&quot;,return)</favourite>
	<favourite name="Tetris Plus 2" thumb="http://images.launchbox-app.com/tetrisp2.png">ActivateWindow(10025,&quot;plugin://plugin.program.iarl/Emulator/FBA_ZachMorris/Game/Tetris+Plus+2+%28World%29?sf_options=desc%3D%26_options_sf&quot;,return)</favourite>
	<favourite name="Tetris Plus 2" thumb="http://thegamesdb.net/banners/boxart/original/front/12850-1.jpg">ActivateWindow(10025,&quot;plugin://plugin.program.iarl/Emulator/MAME_AKNF_Full/Game/Tetris+Plus+2+%28World%29?sf_options=desc%3D%26_options_sf&quot;,return)</favourite>
	<favourite name="Tetris Plus 2" thumb="http://thegamesdb.net/banners/boxart/original/front/12850-1.jpg">ActivateWindow(10025,&quot;plugin://plugin.program.iarl/Emulator/MAME_ZachMorris/Game/Tetris+Plus+2+%28World%29?sf_options=desc%3D%26_options_sf&quot;,return)</favourite>
	<favourite name="Tetris Plus 2" thumb="http://thegamesdb.net/banners/boxart/original/front/12850-1.jpg">ActivateWindow(10025,&quot;plugin://plugin.program.iarl/Emulator/MAME_2014_ZachMorris/Game/Tetris+Plus+2+%28World%29?sf_options=desc%3D%26_options_sf&quot;,return)</favourite>
	<favourite name="Tetris S" thumb="http://static.giantbomb.com/uploads/scale_large/0/26/2365341-tetris_s_box_cover.jpeg">ActivateWindow(10025,&quot;plugin://plugin.program.iarl/Emulator/Sega_Saturn_ZachMorris/Game/Tetris+S+%28Japan%29+%28Rev+A%29?sf_options=desc%3D%26_options_sf&quot;,return)</favourite>
	<favourite name="Tetris The Grand Master" thumb="http://thegamesdb.net/banners/boxart/original/front/12851-1.png">ActivateWindow(10025,&quot;plugin://plugin.program.iarl/Emulator/MAME_2014_ZachMorris/Game/Tetris+The+Grand+Master+%28Japan+980710%29?sf_options=desc%3D%26_options_sf&quot;,return)</favourite>
	<favourite name="Tetris The Grand Master" thumb="http://thegamesdb.net/banners/boxart/original/front/12851-1.png">ActivateWindow(10025,&quot;plugin://plugin.program.iarl/Emulator/MAME_ZachMorris/Game/Tetris+The+Grand+Master+%28Japan+980710%29?sf_options=desc%3D%26_options_sf&quot;,return)</favourite>
	<favourite name="Tetris Worlds" thumb="http://thegamesdb.net/banners/boxart/original/front/18713-1.png">ActivateWindow(10025,&quot;plugin://plugin.program.iarl/Emulator/Nintendo_Gamecube_N3RDFLIX/Game/Tetris+Worlds+%28Europe%29?sf_options=desc%3D%26_options_sf&quot;,return)</favourite>
	<favourite name="Tetris Worlds" thumb="http://thegamesdb.net/banners/boxart/original/front/22958-1.jpg">ActivateWindow(10025,&quot;plugin://plugin.program.iarl/Emulator/Sony_Playstation_2_N3RDFLIX/Game/Tetris+Worlds+%28USA%29?sf_options=desc%3D%26_options_sf&quot;,return)</favourite>
	<favourite name="Tetris Worlds" thumb="http://static.giantbomb.com/uploads/scale_large/8/87790/2266548-box_tetriswld.png">ActivateWindow(10025,&quot;plugin://plugin.program.iarl/Emulator/GBA_ZachMorris/Game/Tetris+Worlds+%28USA%29?sf_options=desc%3D%26_options_sf&quot;,return)</favourite>
	<favourite name="Tetris the Absolute The Grand Master 2" thumb="http://archive.org/download/Mame172arcdcmplt/flyers.zip/tgm2.png">ActivateWindow(10025,&quot;plugin://plugin.program.iarl/Emulator/MAME_AKNF_Full/Game/Tetris+the+Absolute+The+Grand+Master+2?sf_options=desc%3D%26_options_sf&quot;,return)</favourite>
	<favourite name="Tetris the Absolute The Grand Master 2" thumb="http://archive.org/download/Mame172arcdcmplt/flyers.zip/tgm2.png">ActivateWindow(10025,&quot;plugin://plugin.program.iarl/Emulator/MAME_ZachMorris/Game/Tetris+the+Absolute+The+Grand+Master+2?sf_options=desc%3D%26_options_sf&quot;,return)</favourite>
	<favourite name="Tetris the Absolute The Grand Master 2" thumb="http://images.launchbox-app.com/tgm2.png">ActivateWindow(10025,&quot;plugin://plugin.program.iarl/Emulator/FBA_ZachMorris/Game/Tetris+the+Absolute+The+Grand+Master+2?sf_options=desc%3D%26_options_sf&quot;,return)</favourite>
	<favourite name="Tetrisphere" thumb="http://static.giantbomb.com/uploads/scale_large/1/15405/775091-tetrisphereboxart.jpg">ActivateWindow(10025,&quot;plugin://plugin.program.iarl/Emulator/N64_ZachMorris/Game/Tetrisphere+%28USA%29?sf_options=desc%3D%26_options_sf&quot;,return)</favourite>
	<favourite name="Vs. Tetris" thumb="http://archive.org/download/Mame172arcdcmplt/snap.zip/vstetris.png">ActivateWindow(10025,&quot;plugin://plugin.program.iarl/Emulator/MAME_ZachMorris/Game/Vs.+Tetris?sf_options=desc%3D%26_options_sf&quot;,return)</favourite>
	<favourite name="Vs. Tetris" thumb="http://archive.org/download/Mame172arcdcmplt/snap.zip/vstetris.png">ActivateWindow(10025,&quot;plugin://plugin.program.iarl/Emulator/MAME_2014_ZachMorris/Game/Vs.+Tetris?sf_options=desc%3D%26_options_sf&quot;,return)</favourite>
</favourites>