<favourites>
	<favourite name="Ninja Gaiden" thumb="http://thegamesdb.net/banners/boxart/original/front/2942-1.jpg">ActivateWindow(10025,&quot;plugin://plugin.program.iarl/Emulator/Master_System_ZachMorris/Game/Ninja+Gaiden+%28Europe%29?sf_options=desc%3D%26_options_sf&quot;,return)</favourite>
	<favourite name="Ninja Gaiden" thumb="http://www.mobygames.com/images/covers/l/15759-ninja-gaiden-dos-front-cover.jpg">ActivateWindow(10025,&quot;plugin://plugin.program.iarl/Emulator/IA_MSDOS_ZachMorris/Game/Ninja+Gaiden?sf_options=desc%3D%26_options_sf&quot;,return)</favourite>
	<favourite name="Ninja Gaiden" thumb="http://thegamesdb.net/banners/boxart/original/front/31650-1.png">ActivateWindow(10025,&quot;plugin://plugin.program.iarl/Emulator/MAME_2014_ZachMorris/Game/Ninja+Gaiden+%28PlayChoice-10%29?sf_options=desc%3D%26_options_sf&quot;,return)</favourite>
	<favourite name="Ninja Gaiden" thumb="http://thegamesdb.net/banners/boxart/original/front/31650-1.png">ActivateWindow(10025,&quot;plugin://plugin.program.iarl/Emulator/MAME_ZachMorris/Game/Ninja+Gaiden+%28PlayChoice-10%29?sf_options=desc%3D%26_options_sf&quot;,return)</favourite>
	<favourite name="Ninja Gaiden" thumb="http://i.imgur.com/OU42GJ7.jpg">ActivateWindow(10025,&quot;plugin://plugin.program.iarl/Emulator/NES_ZachMorris/Game/Ninja+Gaiden+%28USA%29?sf_options=desc%3D%26_options_sf&quot;,return)</favourite>
	<favourite name="Ninja Gaiden" thumb="http://thegamesdb.net/banners/boxart/original/front/5750-1.jpg">ActivateWindow(10025,&quot;plugin://plugin.program.iarl/Emulator/Game_Gear_ZachMorris/Game/Ninja+Gaiden+%28USA%2C+Europe%29?sf_options=desc%3D%26_options_sf&quot;,return)</favourite>
	<favourite name="Ninja Gaiden Dragon Sword" thumb="http://thegamesdb.net/banners/boxart/original/front/50-1.jpg">ActivateWindow(10025,&quot;plugin://plugin.program.iarl/Emulator/NINTENDO_DS_N3RDFLIX/Game/Ninja+Gaiden+Dragon+Sword+%28USA%29?sf_options=desc%3D%26_options_sf&quot;,return)</favourite>
	<favourite name="Ninja Gaiden Episode II: The Dark Sword of Chaos" thumb="http://archive.org/download/Mame172arcdcmplt/flyers.zip/playch10.png">ActivateWindow(10025,&quot;plugin://plugin.program.iarl/Emulator/MAME_2014_ZachMorris/Game/Ninja+Gaiden+Episode+II%3A+The+Dark+Sword+of+Chaos+%28PlayChoice-10%29?sf_options=desc%3D%26_options_sf&quot;,return)</favourite>
	<favourite name="Ninja Gaiden Episode II: The Dark Sword of Chaos" thumb="http://archive.org/download/Mame172arcdcmplt/flyers.zip/playch10.png">ActivateWindow(10025,&quot;plugin://plugin.program.iarl/Emulator/MAME_ZachMorris/Game/Ninja+Gaiden+Episode+II%3A+The+Dark+Sword+of+Chaos+%28PlayChoice-10%29?sf_options=desc%3D%26_options_sf&quot;,return)</favourite>
	<favourite name="Ninja Gaiden Episode III: The Ancient Ship of Doom" thumb="http://archive.org/download/Mame172arcdcmplt/flyers.zip/playch10.png">ActivateWindow(10025,&quot;plugin://plugin.program.iarl/Emulator/MAME_2014_ZachMorris/Game/Ninja+Gaiden+Episode+III%3A+The+Ancient+Ship+of+Doom+%28PlayChoice-10%29?sf_options=desc%3D%26_options_sf&quot;,return)</favourite>
	<favourite name="Ninja Gaiden Episode III: The Ancient Ship of Doom" thumb="http://archive.org/download/Mame172arcdcmplt/flyers.zip/playch10.png">ActivateWindow(10025,&quot;plugin://plugin.program.iarl/Emulator/MAME_ZachMorris/Game/Ninja+Gaiden+Episode+III%3A+The+Ancient+Ship+of+Doom+%28PlayChoice-10%29?sf_options=desc%3D%26_options_sf&quot;,return)</favourite>
	<favourite name="Ninja Gaiden II - The Dark Sword of Chaos" thumb="http://www.mobygames.com/images/covers/l/3747-ninja-gaiden-ii-the-dark-sword-of-chaos-dos-front-cover.jpg">ActivateWindow(10025,&quot;plugin://plugin.program.iarl/Emulator/IA_MSDOS_ZachMorris/Game/Ninja+Gaiden+II+-+The+Dark+Sword+of+Chaos?sf_options=desc%3D%26_options_sf&quot;,return)</favourite>
	<favourite name="Ninja Gaiden II - The Dark Sword of Chaos" thumb="http://i.imgur.com/tKDgi4V.jpg">ActivateWindow(10025,&quot;plugin://plugin.program.iarl/Emulator/NES_ZachMorris/Game/Ninja+Gaiden+II+-+The+Dark+Sword+of+Chaos+%28USA%29?sf_options=desc%3D%26_options_sf&quot;,return)</favourite>
	<favourite name="Ninja Gaiden III - The Ancient Ship of Doom" thumb="http://i.imgur.com/rN6peEn.jpg">ActivateWindow(10025,&quot;plugin://plugin.program.iarl/Emulator/NES_ZachMorris/Game/Ninja+Gaiden+III+-+The+Ancient+Ship+of+Doom+%28USA%29?sf_options=desc%3D%26_options_sf&quot;,return)</favourite>
	<favourite name="Ninja Gaiden Shadow" thumb="http://thegamesdb.net/banners/boxart/original/front/2643-1.jpg">ActivateWindow(10025,&quot;plugin://plugin.program.iarl/Emulator/GB_Classic_ZachMorris/Game/Ninja+Gaiden+Shadow+%28USA%29?sf_options=desc%3D%26_options_sf&quot;,return)</favourite>
	<favourite name="Ninja Gaiden Trilogy" thumb="http://i.imgur.com/x6bTZAD.jpg">ActivateWindow(10025,&quot;plugin://plugin.program.iarl/Emulator/SNES_ZachMorris/Game/Ninja+Gaiden+Trilogy+%28USA%29?sf_options=desc%3D%26_options_sf&quot;,return)</favourite>
	<favourite name="Shadow Warriors II - Ninja Gaiden II" thumb="http://i.imgur.com/tKDgi4V.jpg">ActivateWindow(10025,&quot;plugin://plugin.program.iarl/Emulator/NES_ZachMorris/Game/Shadow+Warriors+II+-+Ninja+Gaiden+II+%28Europe%29?sf_options=desc%3D%26_options_sf&quot;,return)</favourite>
	<favourite name="12.  Ninja Gaiden II - The Dark Sword of Chaos" thumb="http://i.imgur.com/tKDgi4V.jpg">ActivateWindow(10025,&quot;plugin://plugin.program.iarl/Emulator/NES_Bestof_ZachMorris/Game/12.++Ninja+Gaiden+II+-+The+Dark+Sword+of+Chaos?sf_options=desc%3D%26_options_sf&quot;,return)</favourite>
	<favourite name="24.  Ninja Gaiden" thumb="http://i.imgur.com/OU42GJ7.jpg">ActivateWindow(10025,&quot;plugin://plugin.program.iarl/Emulator/NES_Bestof_ZachMorris/Game/24.++Ninja+Gaiden?sf_options=desc%3D%26_options_sf&quot;,return)</favourite>
    <favourite name="Ninja Gaiden Dragon Sword" thumb="http://thegamesdb.net/banners/boxart/original/front/50-1.jpg">ActivateWindow(10025,&quot;plugin://plugin.program.iarl/Emulator/NINTENDO_DS_N3RDFLIX/Game/Ninja+Gaiden+Dragon+Sword+%28USA%29?sf_options=desc%3D%26_options_sf&quot;,return)</favourite>
</favourites>