<favourites>
	<favourite name="Kingdom Hearts - Birth by Sleep" thumb="http://thegamesdb.net/banners/boxart/original/front/7089-1.jpg">ActivateWindow(10025,&quot;plugin://plugin.program.iarl/Emulator/PSP_N3RDFLIX/Game/Kingdom+Hearts+-+Birth+by+Sleep+%28USA%29?sf_options=desc%3D%26_options_sf&quot;,return)</favourite>
	<favourite name="Kingdom Hearts - Birth by Sleep" thumb="http://thegamesdb.net/banners/boxart/original/front/43462-1.jpg">ActivateWindow(10025,&quot;plugin://plugin.program.iarl/Emulator/PSP_N3RDFLIX/Game/Kingdom+Hearts+-+Birth+by+Sleep+%28E%29%28M5%29%28ZER0%29?sf_options=desc%3D%26_options_sf&quot;,return)</favourite>
	<favourite name="Kingdom Hearts" thumb="http://thegamesdb.net/banners/boxart/original/front/2559-1.jpg">ActivateWindow(10025,&quot;plugin://plugin.program.iarl/Emulator/Sony_Playstation_2_N3RDFLIX/Game/Kingdom+Hearts+%28USA%29?sf_options=desc%3D%26_options_sf&quot;,return)</favourite>
	<favourite name="Kingdom Hearts - 358-2 Days" thumb="http://thegamesdb.net/banners/boxart/original/front/11261-1.jpg">ActivateWindow(10025,&quot;plugin://plugin.program.iarl/Emulator/NINTENDO_DS_N3RDFLIX/Game/Kingdom+Hearts+-+358-2+Days+%28USA%29?sf_options=desc%3D%26_options_sf&quot;,return)</favourite>
	<favourite name="Kingdom Hearts - Birth by Sleep - Final Mix" thumb="http://thegamesdb.net/banners/boxart/original/front/17265-1.png">ActivateWindow(10025,&quot;plugin://plugin.program.iarl/Emulator/PSP_N3RDFLIX/Game/Kingdom+Hearts+-+Birth+by+Sleep+-+Final+Mix+%28Japan%29?sf_options=desc%3D%26_options_sf&quot;,return)</favourite>
	<favourite name="Kingdom Hearts - Chain of Memories" thumb="http://thegamesdb.net/banners/boxart/original/front/2335-2.jpg">ActivateWindow(10025,&quot;plugin://plugin.program.iarl/Emulator/GBA_ZachMorris/Game/Kingdom+Hearts+-+Chain+of+Memories+%28USA%29?sf_options=desc%3D%26_options_sf&quot;,return)</favourite>
	<favourite name="Kingdom Hearts - Final Mix" thumb="http://thegamesdb.net/banners/boxart/original/front/9715-1.png">ActivateWindow(10025,&quot;plugin://plugin.program.iarl/Emulator/Sony_Playstation_2_N3RDFLIX/Game/Kingdom+Hearts+-+Final+Mix+%28Japan%29?sf_options=desc%3D%26_options_sf&quot;,return)</favourite>
	<favourite name="Kingdom Hearts - Re-Chain of Memories" thumb="http://thegamesdb.net/banners/boxart/original/front/9324-1.jpg">ActivateWindow(10025,&quot;plugin://plugin.program.iarl/Emulator/Sony_Playstation_2_N3RDFLIX/Game/Kingdom+Hearts+-+Re-Chain+of+Memories+%28USA%29?sf_options=desc%3D%26_options_sf&quot;,return)</favourite>
	<favourite name="Kingdom Hearts - Re-Coded" thumb="http://thegamesdb.net/banners/boxart/original/front/11262-1.jpg">ActivateWindow(10025,&quot;plugin://plugin.program.iarl/Emulator/NINTENDO_DS_N3RDFLIX/Game/Kingdom+Hearts+-+Re-Coded+%28USA%29?sf_options=desc%3D%26_options_sf&quot;,return)</favourite>
	<favourite name="Kingdom Hearts II" thumb="http://thegamesdb.net/banners/boxart/original/front/1903-1.jpg">ActivateWindow(10025,&quot;plugin://plugin.program.iarl/Emulator/Sony_Playstation_2_N3RDFLIX/Game/Kingdom+Hearts+II+%28USA%29?sf_options=desc%3D%26_options_sf&quot;,return)</favourite>
	<favourite name="Kingdom Hearts II - Final Mix+" thumb="http://thegamesdb.net/banners/boxart/original/front/9325-1.jpg">ActivateWindow(10025,&quot;plugin://plugin.program.iarl/Emulator/Sony_Playstation_2_N3RDFLIX/Game/Kingdom+Hearts+II+-+Final+Mix%2B+%28Japan%29?sf_options=desc%3D%26_options_sf&quot;,return)</favourite>
	<favourite name="48.  Kingdom Hearts - Chain of Memories" thumb="http://thegamesdb.net/banners/boxart/original/front/2335-2.jpg">ActivateWindow(10025,&quot;plugin://plugin.program.iarl/Emulator/GBA_Bestof_ZachMorris/Game/48.++Kingdom+Hearts+-+Chain+of+Memories?sf_options=desc%3D%26_options_sf&quot;,return)</favourite>
</favourites>