<favourites>
    <favourite name="Disney's Pooh's Party Game - In Search of the Treasure" thumb="http://static.giantbomb.com/uploads/scale_large/1/17574/572642-party_20time_20with_20winnie_20the_20pooh.jpg">ActivateWindow(10025,&quot;plugin://plugin.program.iarl/Emulator/PS1_ZachMorris/Game/Disney%27s+Pooh%27s+Party+Game+-+In+Search+of+the+Treasure+%28USA%29?sf_options=desc%3D%26_options_sf&quot;,return)</favourite>
	<favourite name="Atsumete Asobu Kuma no Pooh-san - Mori no Takaramono" thumb="http://thegamesdb.net/banners/boxart/original/front/24359-1.jpg">ActivateWindow(10025,&quot;plugin://plugin.program.iarl/Emulator/GBC_ZachMorris/Game/Atsumete+Asobu+Kuma+no+Pooh-san+-+Mori+no+Takaramono+%28Japan%29?sf_options=desc%3D%26_options_sf&quot;,return)</favourite>
	<favourite name="Disney's Winnie the Pooh - Kindergarten" thumb="">ActivateWindow(10025,&quot;plugin://plugin.program.iarl/Emulator/PS1_ZachMorris/Game/Disney%27s+Winnie+the+Pooh+-+Kindergarten+%28USA%29?sf_options=desc%3D%26_options_sf&quot;,return)</favourite>
	<favourite name="Disney's Winnie the Pooh - Preschool" thumb="">ActivateWindow(10025,&quot;plugin://plugin.program.iarl/Emulator/PS1_ZachMorris/Game/Disney%27s+Winnie+the+Pooh+-+Preschool+%28USA%29?sf_options=desc%3D%26_options_sf&quot;,return)</favourite>
	<favourite name="Pooh and Tigger's Hunny Safari" thumb="http://thegamesdb.net/banners/boxart/original/front/25460-1.jpg">ActivateWindow(10025,&quot;plugin://plugin.program.iarl/Emulator/GBC_ZachMorris/Game/Pooh+and+Tigger%27s+Hunny+Safari+%28USA%29?sf_options=desc%3D%26_options_sf&quot;,return)</favourite>
	<favourite name="Winnie The Pooh Rumbly Tumbly Adventures" thumb="http://thegamesdb.net/banners/boxart/original/front/20925-1.jpg">ActivateWindow(10025,&quot;plugin://plugin.program.iarl/Emulator/Nintendo_Gamecube_N3RDFLIX/Game/Winnie+The+Pooh+Rumbly+Tumbly+Adventures?sf_options=desc%3D%26_options_sf&quot;,return)</favourite>
	<favourite name="Winnie the Pooh's Rumbly Tumbly Adventure & Rayman 3" thumb="http://img.gamefaqs.net/box/9/5/6/109956_front.jpg">ActivateWindow(10025,&quot;plugin://plugin.program.iarl/Emulator/GBA_ZachMorris/Game/Winnie+the+Pooh%27s+Rumbly+Tumbly+Adventure+%26+Rayman+3+%28Europe%29+%28En%2CFr%2CDe%2CEs%2CIt%2CNl%2BEn%2CFr%2CDe%2CEs%2CIt%2CNl%2CSv%2CNo%2CDa%2CFi%29?sf_options=desc%3D%26_options_sf&quot;,return)</favourite>
	<favourite name="Winnie the Pooh's Rumbly Tumbly Adventure" thumb="http://thegamesdb.net/banners/boxart/original/front/24948-1.jpg">ActivateWindow(10025,&quot;plugin://plugin.program.iarl/Emulator/GBA_ZachMorris/Game/Winnie+the+Pooh%27s+Rumbly+Tumbly+Adventure+%28USA%29+%28En%2CFr%2CEs%29?sf_options=desc%3D%26_options_sf&quot;,return)</favourite>
	<favourite name="Winnie the Pooh - Adventures in the 100 Acre Wood" thumb="http://thegamesdb.net/banners/boxart/original/front/22122-1.jpg">ActivateWindow(10025,&quot;plugin://plugin.program.iarl/Emulator/GBC_ZachMorris/Game/Winnie+the+Pooh+-+Adventures+in+the+100+Acre+Wood+%28USA%29?sf_options=desc%3D%26_options_sf&quot;,return)</favourite>
	<favourite name="Winnie the Pooh in the Hundred Acre Wood" thumb="http://www.mobygames.com/images/shots/l/32029-winnie-the-pooh-in-the-hundred-acre-wood-dos-screenshot-title.jpg">ActivateWindow(10025,&quot;plugin://plugin.program.iarl/Emulator/IA_MSDOS_ZachMorris/Game/Winnie+the+Pooh+in+the+Hundred+Acre+Wood?sf_options=desc%3D%26_options_sf&quot;,return)</favourite>
	<favourite name="Winnie the Pooh in the Hundred Acre Wood" thumb="http://thegamesdb.net/banners/boxart/original/front/12965-1.jpg">ActivateWindow(10025,&quot;plugin://plugin.program.iarl/Emulator/SCUMMVM_ZachMorris/Game/Winnie+the+Pooh+in+the+Hundred+Acre+Wood+%28Floppy+DOS%29?sf_options=desc%3D%26_options_sf&quot;,return)</favourite>
	<favourite name="Winnie the Pooh in the Hundred Acre Wood" thumb="https://archive.org/download/C64Games_201705/C64_Artwork.zip/Commodore%2064%20Artwork%2FWinnie%20the%20Pooh%20in%20the%20Hundred%20Acre%20Wood%20%28USA%29%2FCover-Winnie_the_Pooh_in_the_Hundred_Acre_Wood.jpg">ActivateWindow(10025,&quot;plugin://plugin.program.iarl/Emulator/C64_ZachMorris/Game/Winnie+the+Pooh+in+the+Hundred+Acre+Wood+%28USA%29?sf_options=desc%3D%26_options_sf&quot;,return)</favourite>
    <favourite name="Winnie The Pooh Rumbly Tumbly Adventures" thumb="http://thegamesdb.net/banners/boxart/original/front/20925-1.jpg">ActivateWindow(10025,&quot;plugin://plugin.program.iarl/Emulator/Nintendo_Gamecube_N3RDFLIX/Game/Winnie+The+Pooh+Rumbly+Tumbly+Adventures?sf_options=desc%3D%26_options_sf&quot;,return)</favourite>
</favourites>