<favourites>
	<favourite name="Smurfs, The" thumb="http://thegamesdb.net/banners/boxart/original/front/3071-2.jpg">ActivateWindow(10025,&quot;plugin://plugin.program.iarl/Emulator/Master_System_ZachMorris/Game/Smurfs%2C+The+%28Europe%29+%28En%2CFr%2CDe%2CEs%29?sf_options=desc%3D%26_options_sf&quot;,return)</favourite>
	<favourite name="Adventures of the Smurfs, The" thumb="http://thegamesdb.net/banners/boxart/original/front/24352-1.jpg">ActivateWindow(10025,&quot;plugin://plugin.program.iarl/Emulator/GBC_ZachMorris/Game/Adventures+of+the+Smurfs%2C+The+%28Europe%29+%28En%2CFr%2CDe%2CEs%2CIt%2CNl%29?sf_options=desc%3D%26_options_sf&quot;,return)</favourite>
	<favourite name="Smurfs, The" thumb="http://static.giantbomb.com/uploads/scale_large/0/3413/236951-smurfs.jpg">ActivateWindow(10025,&quot;plugin://plugin.program.iarl/Emulator/Game_Gear_ZachMorris/Game/Smurfs%2C+The+%28Europe%29+%28En%2CFr%2CDe%2CEs%29?sf_options=desc%3D%26_options_sf&quot;,return)</favourite>
	<favourite name="Smurfs, The" thumb="http://i.imgur.com/IPRBw7e.png">ActivateWindow(10025,&quot;plugin://plugin.program.iarl/Emulator/NES_ZachMorris/Game/Smurfs%2C+The+%28Europe%29+%28En%2CFr%2CDe%2CEs%29?sf_options=desc%3D%26_options_sf&quot;,return)</favourite>
	<favourite name="Smurfs, The" thumb="http://i.imgur.com/M30tRyi.jpg">ActivateWindow(10025,&quot;plugin://plugin.program.iarl/Emulator/SNES_ZachMorris/Game/Smurfs%2C+The+%28Europe%29+%28En%2CFr%2CDe%2CEs%2CIt%29?sf_options=desc%3D%26_options_sf&quot;,return)</favourite>
	<favourite name="Smurfs, The" thumb="http://thegamesdb.net/banners/boxart/original/front/47513-1.jpg">ActivateWindow(10025,&quot;plugin://plugin.program.iarl/Emulator/NINTENDO_DS_N3RDFLIX/Game/Smurfs%2C+The+%28USA%29?sf_options=desc%3D%26_options_sf&quot;,return)</favourite>
	<favourite name="Smurfs, The" thumb="http://thegamesdb.net/banners/boxart/original/front/11678-1.jpg">ActivateWindow(10025,&quot;plugin://plugin.program.iarl/Emulator/PS1_ZachMorris/Game/Smurfs%2C+The+%28USA%29+%28En%2CFr%2CEs%29?sf_options=desc%3D%26_options_sf&quot;,return)</favourite>
	<favourite name="Smurfs, The" thumb="http://static.giantbomb.com/uploads/scale_large/0/3413/236951-smurfs.jpg">ActivateWindow(10025,&quot;plugin://plugin.program.iarl/Emulator/GB_Classic_ZachMorris/Game/Smurfs%2C+The+%28USA%2C+Europe%29+%28En%2CFr%2CDe%29+%28Rev+A%29+%28SGB+Enhanced%29?sf_options=desc%3D%26_options_sf&quot;,return)</favourite>
	<favourite name="Smurfs, The - The Revenge of the Smurfs" thumb="http://thegamesdb.net/banners/boxart/original/front/26175-1.png">ActivateWindow(10025,&quot;plugin://plugin.program.iarl/Emulator/GBA_ZachMorris/Game/Smurfs%2C+The+-+The+Revenge+of+the+Smurfs+%28Europe%29+%28En%2CFr%2CDe%2CEs%2CIt%2CNl%29?sf_options=desc%3D%26_options_sf&quot;,return)</favourite>
	<favourite name="Smurfs Nightmare, The" thumb="http://thegamesdb.net/banners/boxart/original/front/24120-1.png">ActivateWindow(10025,&quot;plugin://plugin.program.iarl/Emulator/GB_Classic_ZachMorris/Game/Smurfs+Nightmare%2C+The+%28Europe%29+%28En%2CFr%2CDe%2CEs%29?sf_options=desc%3D%26_options_sf&quot;,return)</favourite>
	<favourite name="Smurfs Nightmare, The" thumb="http://static.giantbomb.com/uploads/scale_large/12/126726/1775914-giant_bomb_sub_3.jpg">ActivateWindow(10025,&quot;plugin://plugin.program.iarl/Emulator/GBC_ZachMorris/Game/Smurfs+Nightmare%2C+The+%28USA%29?sf_options=desc%3D%26_options_sf&quot;,return)</favourite>
	<favourite name="Smurfs Save the Day" thumb="http://static.giantbomb.com/uploads/scale_large/12/126726/1775783-giant_bomb_sub.jpg">ActivateWindow(10025,&quot;plugin://plugin.program.iarl/Emulator/Atari_2600_ZachMorris/Game/Smurfs+Save+the+Day?sf_options=desc%3D%26_options_sf&quot;,return)</favourite>
	<favourite name="Smurfs Travel the World, The" thumb="http://img.gamefaqs.net/screens/5/9/3/gfs_237458_2_1.jpg">ActivateWindow(10025,&quot;plugin://plugin.program.iarl/Emulator/Game_Gear_ZachMorris/Game/Smurfs+Travel+the+World%2C+The+%28Europe%29+%28En%2CFr%2CDe%2CEs%29?sf_options=desc%3D%26_options_sf&quot;,return)</favourite>
	<favourite name="Smurfs Travel the World, The" thumb="http://thegamesdb.net/banners/boxart/original/front/24121-1.png">ActivateWindow(10025,&quot;plugin://plugin.program.iarl/Emulator/GB_Classic_ZachMorris/Game/Smurfs+Travel+the+World%2C+The+%28Europe%29+%28En%2CFr%2CDe%2CEs%29?sf_options=desc%3D%26_options_sf&quot;,return)</favourite>
	<favourite name="Smurfs Travel the World, The" thumb="http://i.imgur.com/FubkmzP.jpg">ActivateWindow(10025,&quot;plugin://plugin.program.iarl/Emulator/SNES_ZachMorris/Game/Smurfs+Travel+the+World%2C+The+%28Europe%29+%28En%2CFr%2CDe%2CEs%29?sf_options=desc%3D%26_options_sf&quot;,return)</favourite>
	<favourite name="Smurfs Travel the World, The" thumb="http://thegamesdb.net/banners/boxart/original/front/20536-1.jpg">ActivateWindow(10025,&quot;plugin://plugin.program.iarl/Emulator/Genesis_ZachMorris/Game/Smurfs+Travel+the+World%2C+The+%28Europe%29+%28En%2CFr%2CDe%2CEs%29?sf_options=desc%3D%26_options_sf&quot;,return)</favourite>
	<favourite name="The Smurfs" thumb="http://www.mobygames.com/images/covers/l/211329-the-smurfs-dos-front-cover.jpg">ActivateWindow(10025,&quot;plugin://plugin.program.iarl/Emulator/IA_MSDOS_ZachMorris/Game/The+Smurfs?sf_options=desc%3D%26_options_sf&quot;,return)</favourite>
	<favourite name="The Smurfs 2" thumb="http://thegamesdb.net/banners/boxart/original/front/18114-1.png">ActivateWindow(10025,&quot;plugin://plugin.program.iarl/Emulator/NINTENDO_DS_N3RDFLIX/Game/The+Smurfs+2+%28USA%29?sf_options=desc%3D%26_options_sf&quot;,return)</favourite>
    <favourite name="Smurfs, The" thumb="http://thegamesdb.net/banners/boxart/original/front/47513-1.jpg">ActivateWindow(10025,&quot;plugin://plugin.program.iarl/Emulator/NINTENDO_DS_N3RDFLIX/Game/Smurfs%2C+The+%28USA%29?sf_options=desc%3D%26_options_sf&quot;,return)</favourite>
	<favourite name="The Smurfs 2" thumb="http://thegamesdb.net/banners/boxart/original/front/18114-1.png">ActivateWindow(10025,&quot;plugin://plugin.program.iarl/Emulator/NINTENDO_DS_N3RDFLIX/Game/The+Smurfs+2+%28USA%29?sf_options=desc%3D%26_options_sf&quot;,return)</favourite>
</favourites>