<favourites>
	<favourite name="9.  Mike Tyson" thumb="http://i.imgur.com/8jB27q3.jpg">ActivateWindow(10025,&quot;plugin://plugin.program.iarl/Emulator/NES_Bestof_ZachMorris/Game/9.++Mike+Tyson%27s+Punch-Out%21%21?sf_options=desc%3D%26_options_sf&quot;,return)</favourite>
	<favourite name="15.  Super Punch-Out!!" thumb="http://thegamesdb.net/banners/boxart/original/front/1307-1.jpg">ActivateWindow(10025,&quot;plugin://plugin.program.iarl/Emulator/SNES_Bestof_ZachMorris/Game/15.++Super+Punch-Out%21%21?sf_options=desc%3D%26_options_sf&quot;,return)</favourite>
	<favourite name="3D World Boxing" thumb="http://www.mobygames.com/images/covers/l/68568-3d-world-boxing-dos-front-cover.jpg">ActivateWindow(10025,&quot;plugin://plugin.program.iarl/Emulator/IA_MSDOS_ZachMorris/Game/3D+World+Boxing?sf_options=desc%3D%26_options_sf&quot;,return)</favourite>
	<favourite name="9.  Mike Tyson" thumb="http://i.imgur.com/8jB27q3.jpg">ActivateWindow(10025,&quot;plugin://plugin.program.iarl/Emulator/Favorite_Games/Game/9.++Mike+Tyson%27s+Punch-Out%21%21?sf_options=desc%3D%26_options_sf&quot;,return)</favourite>
	<favourite name="ABC Wide World of Sports Boxing" thumb="http://www.mobygames.com/images/covers/l/38921-abc-wide-world-of-sports-boxing-dos-front-cover.jpg">ActivateWindow(10025,&quot;plugin://plugin.program.iarl/Emulator/IA_MSDOS_ZachMorris/Game/ABC+Wide+World+of+Sports+Boxing?sf_options=desc%3D%26_options_sf&quot;,return)</favourite>
	<favourite name="Adventures of Rocky and Bullwinkle and Friends, The" thumb="http://thegamesdb.net/banners/boxart/original/front/18275-1.jpg">ActivateWindow(10025,&quot;plugin://plugin.program.iarl/Emulator/GB_Classic_ZachMorris/Game/Adventures+of+Rocky+and+Bullwinkle+and+Friends%2C+The+%28USA%29?sf_options=desc%3D%26_options_sf&quot;,return)</favourite>
	<favourite name="Adventures of Rocky and Bullwinkle and Friends, The" thumb="http://i.imgur.com/ILrxBxS.jpg">ActivateWindow(10025,&quot;plugin://plugin.program.iarl/Emulator/NES_ZachMorris/Game/Adventures+of+Rocky+and+Bullwinkle+and+Friends%2C+The+%28USA%29?sf_options=desc%3D%26_options_sf&quot;,return)</favourite>
	<favourite name="Adventures of Rocky and Bullwinkle and Friends, The" thumb="http://i.imgur.com/oTF8WBF.jpg">ActivateWindow(10025,&quot;plugin://plugin.program.iarl/Emulator/SNES_ZachMorris/Game/Adventures+of+Rocky+and+Bullwinkle+and+Friends%2C+The+%28USA%29?sf_options=desc%3D%26_options_sf&quot;,return)</favourite>
	<favourite name="Adventures of Rocky and Bullwinkle and Friends, The" thumb="http://thegamesdb.net/banners/boxart/original/front/4234-1.jpg">ActivateWindow(10025,&quot;plugin://plugin.program.iarl/Emulator/Genesis_ZachMorris/Game/Adventures+of+Rocky+and+Bullwinkle+and+Friends%2C+The+%28USA%29?sf_options=desc%3D%26_options_sf&quot;,return)</favourite>
	<favourite name="Andre" thumb="http://thegamesdb.net/banners/boxart/original/front/8187-1.jpg">ActivateWindow(10025,&quot;plugin://plugin.program.iarl/Emulator/TG16_ZachMorris/Game/Andre%27+Panza+Kick+Boxing+%28USA%29?sf_options=desc%3D%26_options_sf&quot;,return)</favourite>
	<favourite name="Animal Boxing" thumb="http://thegamesdb.net/banners/boxart/original/front/46882-1.jpg">ActivateWindow(10025,&quot;plugin://plugin.program.iarl/Emulator/NINTENDO_DS_N3RDFLIX/Game/Animal+Boxing+%28USA%29?sf_options=desc%3D%26_options_sf&quot;,return)</favourite>
	<favourite name="Ashita no Joe" thumb="http://thegamesdb.net/banners/boxart/original/front/26924-1.jpg">ActivateWindow(10025,&quot;plugin://plugin.program.iarl/Emulator/MAME_2014_ZachMorris/Game/Ashita+no+Joe+%28Japan%29?sf_options=desc%3D%26_options_sf&quot;,return)</favourite>
	<favourite name="Ashita no Joe" thumb="http://i.imgur.com/O5Qr7HG.jpg">ActivateWindow(10025,&quot;plugin://plugin.program.iarl/Emulator/SNES_ZachMorris/Game/Ashita+no+Joe+%28Japan%29?sf_options=desc%3D%26_options_sf&quot;,return)</favourite>
	<favourite name="Ashita no Joe - Makka ni Moeagare!" thumb="http://img.gamefaqs.net/box/0/2/9/57029_front.jpg">ActivateWindow(10025,&quot;plugin://plugin.program.iarl/Emulator/GBA_ZachMorris/Game/Ashita+no+Joe+-+Makka+ni+Moeagare%21+%28Japan%29?sf_options=desc%3D%26_options_sf&quot;,return)</favourite>
	<favourite name="Backyard Sports - Sandlot Sluggers" thumb="http://thegamesdb.net/banners/boxart/original/front/46922-1.jpg">ActivateWindow(10025,&quot;plugin://plugin.program.iarl/Emulator/NINTENDO_DS_N3RDFLIX/Game/Backyard+Sports+-+Sandlot+Sluggers+%28USA%29?sf_options=desc%3D%26_options_sf&quot;,return)</favourite>
	<favourite name="Bangkok Knights" thumb="https://archive.org/download/C64Games_201705/C64_Artwork.zip/Commodore%2064%20Artwork%2FBangkok%20Knights%20%28Europe%29%2F%5B1.Front%5D%20Front1.jpg">ActivateWindow(10025,&quot;plugin://plugin.program.iarl/Emulator/C64_ZachMorris/Game/Bangkok+Knights+%28Europe%29?sf_options=desc%3D%26_options_sf&quot;,return)</favourite>
	<favourite name="Best Bout Boxing" thumb="http://thegamesdb.net/banners/boxart/original/front/12118-1.png">ActivateWindow(10025,&quot;plugin://plugin.program.iarl/Emulator/MAME_2014_ZachMorris/Game/Best+Bout+Boxing?sf_options=desc%3D%26_options_sf&quot;,return)</favourite>
	<favourite name="Best Bout Boxing" thumb="http://thegamesdb.net/banners/boxart/original/front/12118-1.png">ActivateWindow(10025,&quot;plugin://plugin.program.iarl/Emulator/MAME_ZachMorris/Game/Best+Bout+Boxing?sf_options=desc%3D%26_options_sf&quot;,return)</favourite>
	<favourite name="Big KO, The" thumb="https://archive.org/download/C64Games_201705/C64_Artwork.zip/Commodore%2064%20Artwork%2FBig%20KO%2C%20The%20%28Europe%29%2FAdvert-TyneSoft1.jpg">ActivateWindow(10025,&quot;plugin://plugin.program.iarl/Emulator/C64_ZachMorris/Game/Big+KO%2C+The+%28Europe%29?sf_options=desc%3D%26_options_sf&quot;,return)</favourite>
	<favourite name="Big League Slugger Baseball" thumb="http://thegamesdb.net/banners/boxart/original/front/32958-1.jpg">ActivateWindow(10025,&quot;plugin://plugin.program.iarl/Emulator/PS1_ZachMorris/Game/Big+League+Slugger+Baseball+%28USA%29?sf_options=desc%3D%26_options_sf&quot;,return)</favourite>
	<favourite name="Boxer, The" thumb="https://archive.org/download/C64Games_201705/C64_Artwork.zip/Commodore%2064%20Artwork%2FBoxer%2C%20The%20%28Europe%29%2FCover-Boxer_The.jpg">ActivateWindow(10025,&quot;plugin://plugin.program.iarl/Emulator/C64_ZachMorris/Game/Boxer%2C+The+%28Europe%29?sf_options=desc%3D%26_options_sf&quot;,return)</favourite>
	<favourite name="Boxer" thumb="http://archive.org/download/Mame172arcdcmplt/snap.zip/boxer.png">ActivateWindow(10025,&quot;plugin://plugin.program.iarl/Emulator/MAME_2014_ZachMorris/Game/Boxer+%28prototype%29?sf_options=desc%3D%26_options_sf&quot;,return)</favourite>
	<favourite name="Boxer" thumb="http://archive.org/download/Mame172arcdcmplt/snap.zip/boxer.png">ActivateWindow(10025,&quot;plugin://plugin.program.iarl/Emulator/MAME_ZachMorris/Game/Boxer+%28prototype%29?sf_options=desc%3D%26_options_sf&quot;,return)</favourite>
	<favourite name="Boxer Rebellion" thumb="http://www.mobygames.com/images/shots/l/114867-boxer-rebellion-dos-screenshot-title-screen.jpg">ActivateWindow(10025,&quot;plugin://plugin.program.iarl/Emulator/IA_MSDOS_ZachMorris/Game/Boxer+Rebellion?sf_options=desc%3D%26_options_sf&quot;,return)</favourite>
	<favourite name="Boxing" thumb="http://thegamesdb.net/banners/boxart/original/front/4059-1.jpg">ActivateWindow(10025,&quot;plugin://plugin.program.iarl/Emulator/Intellivision_ZachMorris/Game/Boxing?sf_options=desc%3D%26_options_sf&quot;,return)</favourite>
	<favourite name="Boxing" thumb="http://thegamesdb.net/banners/boxart/original/front/20466-1.jpg">ActivateWindow(10025,&quot;plugin://plugin.program.iarl/Emulator/GB_Classic_ZachMorris/Game/Boxing+%28Japan%29?sf_options=desc%3D%26_options_sf&quot;,return)</favourite>
	<favourite name="Boxing" thumb="http://thegamesdb.net/banners/boxart/original/front/32993-1.jpg">ActivateWindow(10025,&quot;plugin://plugin.program.iarl/Emulator/PS1_ZachMorris/Game/Boxing+%28USA%29?sf_options=desc%3D%26_options_sf&quot;,return)</favourite>
	<favourite name="Boxing - Box-Champion" thumb="http://static.giantbomb.com/uploads/scale_large/1/15568/543826-b_boxing_original_front.jpg">ActivateWindow(10025,&quot;plugin://plugin.program.iarl/Emulator/Atari_2600_ZachMorris/Game/Boxing+-+Box-Champion+%28PAL%29?sf_options=desc%3D%26_options_sf&quot;,return)</favourite>
	<favourite name="Boxing - La Boxe" thumb="http://thegamesdb.net/banners/boxart/original/front/7945-1.jpg">ActivateWindow(10025,&quot;plugin://plugin.program.iarl/Emulator/Atari_2600_ZachMorris/Game/Boxing+-+La+Boxe?sf_options=desc%3D%26_options_sf&quot;,return)</favourite>
	<favourite name="Boxing Bugs" thumb="http://thegamesdb.net/banners/boxart/original/front/14942-1.jpg">ActivateWindow(10025,&quot;plugin://plugin.program.iarl/Emulator/MAME_ZachMorris/Game/Boxing+Bugs?sf_options=desc%3D%26_options_sf&quot;,return)</favourite>
	<favourite name="Boxing Bugs" thumb="http://thegamesdb.net/banners/boxart/original/front/14942-1.jpg">ActivateWindow(10025,&quot;plugin://plugin.program.iarl/Emulator/MAME_2014_ZachMorris/Game/Boxing+Bugs?sf_options=desc%3D%26_options_sf&quot;,return)</favourite>
	<favourite name="Boxing Champions" thumb="http://thegamesdb.net/banners/boxart/original/front/34017-1.jpg">ActivateWindow(10025,&quot;plugin://plugin.program.iarl/Emulator/Sony_Playstation_2_N3RDFLIX/Game/Boxing+Champions+%28Europe%29?sf_options=desc%3D%26_options_sf&quot;,return)</favourite>
	<favourite name="Boxing Fever" thumb="http://thegamesdb.net/banners/boxart/original/front/3340-1.jpg">ActivateWindow(10025,&quot;plugin://plugin.program.iarl/Emulator/GBA_ZachMorris/Game/Boxing+Fever+%28USA%2C+Europe%29?sf_options=desc%3D%26_options_sf&quot;,return)</favourite>
	<favourite name="Boxing Legends of the Ring" thumb="http://i.imgur.com/ePoDdYS.jpg">ActivateWindow(10025,&quot;plugin://plugin.program.iarl/Emulator/SNES_ZachMorris/Game/Boxing+Legends+of+the+Ring+%28USA%29?sf_options=desc%3D%26_options_sf&quot;,return)</favourite>
	<favourite name="Boxing Legends of the Ring" thumb="http://thegamesdb.net/banners/boxart/original/front/4293-1.jpg">ActivateWindow(10025,&quot;plugin://plugin.program.iarl/Emulator/Genesis_ZachMorris/Game/Boxing+Legends+of+the+Ring+%28USA%29?sf_options=desc%3D%26_options_sf&quot;,return)</favourite>
	<favourite name="Champ, The" thumb="https://archive.org/download/C64Games_201705/C64_Artwork.zip/Commodore%2064%20Artwork%2FChamp%2C%20The%20%28Switzerland%29%2FAdvert-Linel_Champ_The.jpg">ActivateWindow(10025,&quot;plugin://plugin.program.iarl/Emulator/C64_ZachMorris/Game/Champ%2C+The+%28Switzerland%29?sf_options=desc%3D%26_options_sf&quot;,return)</favourite>
	<favourite name="Champion Boxing" thumb="http://archive.org/download/Mame172arcdcmplt/flyers.zip/chboxing.png">ActivateWindow(10025,&quot;plugin://plugin.program.iarl/Emulator/MAME_ZachMorris/Game/Champion+Boxing?sf_options=desc%3D%26_options_sf&quot;,return)</favourite>
	<favourite name="Champion Boxing" thumb="http://archive.org/download/Mame172arcdcmplt/flyers.zip/chboxing.png">ActivateWindow(10025,&quot;plugin://plugin.program.iarl/Emulator/MAME_2014_ZachMorris/Game/Champion+Boxing?sf_options=desc%3D%26_options_sf&quot;,return)</favourite>
	<favourite name="Champions Forever Boxing" thumb="http://thegamesdb.net/banners/boxart/original/front/8196-1.jpg">ActivateWindow(10025,&quot;plugin://plugin.program.iarl/Emulator/TG16_ZachMorris/Game/Champions+Forever+Boxing+%28USA%29?sf_options=desc%3D%26_options_sf&quot;,return)</favourite>
	<favourite name="Championship Boxing" thumb="https://archive.org/download/C64Games_201705/C64_Artwork.zip/Commodore%2064%20Artwork%2FChampionship%20Boxing%20%28USA%29%2FCover-Championship_Boxing_%28Sierra%29.jpg">ActivateWindow(10025,&quot;plugin://plugin.program.iarl/Emulator/C64_ZachMorris/Game/Championship+Boxing+%28USA%29?sf_options=desc%3D%26_options_sf&quot;,return)</favourite>
	<favourite name="Chavez II" thumb="http://thegamesdb.net/banners/boxart/original/front/4312-1.png">ActivateWindow(10025,&quot;plugin://plugin.program.iarl/Emulator/Genesis_ZachMorris/Game/Chavez+II+%28USA%29?sf_options=desc%3D%26_options_sf&quot;,return)</favourite>
	<favourite name="Chavez II" thumb="http://i.imgur.com/C13S4vM.jpg">ActivateWindow(10025,&quot;plugin://plugin.program.iarl/Emulator/SNES_ZachMorris/Game/Chavez+II+%28USA%29+%28Es%29?sf_options=desc%3D%26_options_sf&quot;,return)</favourite>
	<favourite name="Contender" thumb="http://static.giantbomb.com/uploads/scale_large/8/87790/2291726-box_contender.png">ActivateWindow(10025,&quot;plugin://plugin.program.iarl/Emulator/PS1_ZachMorris/Game/Contender+%28USA%29?sf_options=desc%3D%26_options_sf&quot;,return)</favourite>
	<favourite name="Contender 2" thumb="http://thegamesdb.net/banners/boxart/original/front/12229-1.jpg">ActivateWindow(10025,&quot;plugin://plugin.program.iarl/Emulator/PS1_ZachMorris/Game/Contender+2+%28USA%29?sf_options=desc%3D%26_options_sf&quot;,return)</favourite>
	<favourite name="Cutie Suzuki no Ringside Angel" thumb="http://thegamesdb.net/banners/boxart/original/front/20312-1.jpg">ActivateWindow(10025,&quot;plugin://plugin.program.iarl/Emulator/Genesis_ZachMorris/Game/Cutie+Suzuki+no+Ringside+Angel+%28Japan%29?sf_options=desc%3D%26_options_sf&quot;,return)</favourite>
	<favourite name="Devastating Blow" thumb="https://archive.org/download/C64Games_201705/C64_Artwork.zip/Commodore%2064%20Artwork%2FDevastating%20Blow%20%28Europe%29%2FCover-Devastating_Blow.jpg">ActivateWindow(10025,&quot;plugin://plugin.program.iarl/Emulator/C64_ZachMorris/Game/Devastating+Blow+%28Europe%29?sf_options=desc%3D%26_options_sf&quot;,return)</favourite>
	<favourite name="Don King Boxing" thumb="http://thegamesdb.net/banners/boxart/original/front/42547-1.jpg">ActivateWindow(10025,&quot;plugin://plugin.program.iarl/Emulator/NINTENDO_DS_N3RDFLIX/Game/Don+King+Boxing+%28USA%29?sf_options=desc%3D%26_options_sf&quot;,return)</favourite>
	<favourite name="Dynamite Slugger" thumb="http://thegamesdb.net/banners/boxart/original/front/18491-1.jpg">ActivateWindow(10025,&quot;plugin://plugin.program.iarl/Emulator/NGPC_ZachMorris/Game/Dynamite+Slugger+%28Japan%2C+Europe%29+%28En%2CJa%29?sf_options=desc%3D%26_options_sf&quot;,return)</favourite>
	<favourite name="Evander Holyfield" thumb="http://thegamesdb.net/banners/boxart/original/front/24159-1.jpg">ActivateWindow(10025,&quot;plugin://plugin.program.iarl/Emulator/Game_Gear_ZachMorris/Game/Evander+Holyfield%27s+%27Real+Deal%27+Boxing+%28USA%2C+Europe%29?sf_options=desc%3D%26_options_sf&quot;,return)</favourite>
	<favourite name="Evander Holyfield" thumb="http://thegamesdb.net/banners/boxart/original/front/4362-1.jpg">ActivateWindow(10025,&quot;plugin://plugin.program.iarl/Emulator/Genesis_ZachMorris/Game/Evander+Holyfield%27s+%27Real+Deal%27+Boxing+%28World%29?sf_options=desc%3D%26_options_sf&quot;,return)</favourite>
	<favourite name="Exciting Boxing" thumb="http://i.imgur.com/Gr12OpQ.jpg">ActivateWindow(10025,&quot;plugin://plugin.program.iarl/Emulator/NES_ZachMorris/Game/Exciting+Boxing+%28Japan%29?sf_options=desc%3D%26_options_sf&quot;,return)</favourite>
	<favourite name="Family Boxing" thumb="http://i.imgur.com/kFF5xSq.png">ActivateWindow(10025,&quot;plugin://plugin.program.iarl/Emulator/NES_ZachMorris/Game/Family+Boxing+%28Japan%29?sf_options=desc%3D%26_options_sf&quot;,return)</favourite>
	<favourite name="Fight Night" thumb="https://archive.org/download/C64Games_201705/C64_Artwork.zip/Commodore%2064%20Artwork%2FFight%20Night%20%28Europe%29%2F%5B1.Front%5D%20Front1.jpg">ActivateWindow(10025,&quot;plugin://plugin.program.iarl/Emulator/C64_ZachMorris/Game/Fight+Night+%28Europe%29?sf_options=desc%3D%26_options_sf&quot;,return)</favourite>
	<favourite name="Fight Night 2004" thumb="http://thegamesdb.net/banners/boxart/original/front/7258-1.jpg">ActivateWindow(10025,&quot;plugin://plugin.program.iarl/Emulator/Sony_Playstation_2_N3RDFLIX/Game/Fight+Night+2004+%28USA%29?sf_options=desc%3D%26_options_sf&quot;,return)</favourite>
	<favourite name="Fight Night Round 2" thumb="http://thegamesdb.net/banners/boxart/original/front/6977-1.jpg">ActivateWindow(10025,&quot;plugin://plugin.program.iarl/Emulator/Nintendo_Gamecube_N3RDFLIX/Game/Fight+Night+Round+2+%28Europe%29?sf_options=desc%3D%26_options_sf&quot;,return)</favourite>
	<favourite name="Fight Night Round 2" thumb="http://thegamesdb.net/banners/boxart/original/front/7259-1.jpg">ActivateWindow(10025,&quot;plugin://plugin.program.iarl/Emulator/Sony_Playstation_2_N3RDFLIX/Game/Fight+Night+Round+2+%28USA%29?sf_options=desc%3D%26_options_sf&quot;,return)</favourite>
	<favourite name="Fight Night 2004" thumb="http://thegamesdb.net/banners/boxart/original/front/7258-1.jpg">ActivateWindow(10025,&quot;plugin://plugin.program.iarl/Emulator/Sony_Playstation_2_N3RDFLIX/Game/Fight+Night+2004+%28USA%29?sf_options=desc%3D%26_options_sf&quot;,return)</favourite>
	<favourite name="Fight Night Round 2" thumb="http://thegamesdb.net/banners/boxart/original/front/6977-1.jpg">ActivateWindow(10025,&quot;plugin://plugin.program.iarl/Emulator/Nintendo_Gamecube_N3RDFLIX/Game/Fight+Night+Round+2+%28Europe%29?sf_options=desc%3D%26_options_sf&quot;,return)</favourite>
	<favourite name="Fight Night Round 2" thumb="http://thegamesdb.net/banners/boxart/original/front/7259-1.jpg">ActivateWindow(10025,&quot;plugin://plugin.program.iarl/Emulator/Sony_Playstation_2_N3RDFLIX/Game/Fight+Night+Round+2+%28USA%29?sf_options=desc%3D%26_options_sf&quot;,return)</favourite>
	<favourite name="Fight Night Round 3" thumb="http://thegamesdb.net/banners/boxart/original/front/3936-2.jpg">ActivateWindow(10025,&quot;plugin://plugin.program.iarl/Emulator/Sony_Playstation_2_N3RDFLIX/Game/Fight+Night+Round+3+%28USA%29?sf_options=desc%3D%26_options_sf&quot;,return)</favourite>
	<favourite name="Fight Night Round 3" thumb="http://thegamesdb.net/banners/boxart/original/front/15564-1.jpg">ActivateWindow(10025,&quot;plugin://plugin.program.iarl/Emulator/PSP_N3RDFLIX/Game/Fight+Night+Round+3+%28USA%29?sf_options=desc%3D%26_options_sf&quot;,return)</favourite>
	<favourite name="Fight Night Round 3" thumb="http://thegamesdb.net/banners/boxart/original/front/3936-2.jpg">ActivateWindow(10025,&quot;plugin://plugin.program.iarl/Emulator/Sony_Playstation_2_N3RDFLIX/Game/Fight+Night+Round+3+%28USA%29?sf_options=desc%3D%26_options_sf&quot;,return)</favourite>
	<favourite name="Fight Night Round 3" thumb="http://thegamesdb.net/banners/boxart/original/front/15564-1.jpg">ActivateWindow(10025,&quot;plugin://plugin.program.iarl/Emulator/PSP_N3RDFLIX/Game/Fight+Night+Round+3+%28USA%29?sf_options=desc%3D%26_options_sf&quot;,return)</favourite>
	<favourite name="Final Blow" thumb="http://thegamesdb.net/banners/boxart/original/front/4460-1.jpg">ActivateWindow(10025,&quot;plugin://plugin.program.iarl/Emulator/Genesis_ZachMorris/Game/Final+Blow+%28Japan%29?sf_options=desc%3D%26_options_sf&quot;,return)</favourite>
	<favourite name="Final Blow" thumb="https://archive.org/download/C64Games_201705/C64_Artwork.zip/Commodore%2064%20Artwork%2FFinal%20Blow%20%28USA%29%2FAdvert-Storm_Final_Blow.jpg">ActivateWindow(10025,&quot;plugin://plugin.program.iarl/Emulator/C64_ZachMorris/Game/Final+Blow+%28USA%29?sf_options=desc%3D%26_options_sf&quot;,return)</favourite>
	<favourite name="Final Blow" thumb="http://images.launchbox-app.com/3bc256a3-2c19-477c-9fc3-b2e434f030df.png">ActivateWindow(10025,&quot;plugin://plugin.program.iarl/Emulator/FBA_ZachMorris/Game/Final+Blow+%28World%29?sf_options=desc%3D%26_options_sf&quot;,return)</favourite>
	<favourite name="Final Blow" thumb="http://thegamesdb.net/banners/boxart/original/front/24200-1.png">ActivateWindow(10025,&quot;plugin://plugin.program.iarl/Emulator/MAME_ZachMorris/Game/Final+Blow+%28World%29?sf_options=desc%3D%26_options_sf&quot;,return)</favourite>
	<favourite name="Final Blow" thumb="http://thegamesdb.net/banners/boxart/original/front/24200-1.png">ActivateWindow(10025,&quot;plugin://plugin.program.iarl/Emulator/MAME_2014_ZachMorris/Game/Final+Blow+%28World%29?sf_options=desc%3D%26_options_sf&quot;,return)</favourite>
	<favourite name="Final Knockout" thumb="http://i.imgur.com/Nu9mncI.jpg">ActivateWindow(10025,&quot;plugin://plugin.program.iarl/Emulator/SNES_ZachMorris/Game/Final+Knockout+%28Japan%29?sf_options=desc%3D%26_options_sf&quot;,return)</favourite>
	<favourite name="Foes of Ali" thumb="http://thegamesdb.net/banners/boxart/original/front/4839-1.jpg">ActivateWindow(10025,&quot;plugin://plugin.program.iarl/Emulator/3DO_ZachMorris/Game/Foes+of+Ali+%28Europe%29?sf_options=desc%3D%26_options_sf&quot;,return)</favourite>
	<favourite name="Foreman for Real" thumb="http://i.imgur.com/ZwmEcod.png">ActivateWindow(10025,&quot;plugin://plugin.program.iarl/Emulator/SNES_ZachMorris/Game/Foreman+for+Real+%28USA%29?sf_options=desc%3D%26_options_sf&quot;,return)</favourite>
	<favourite name="Foreman for Real" thumb="http://thegamesdb.net/banners/boxart/original/front/21640-1.jpg">ActivateWindow(10025,&quot;plugin://plugin.program.iarl/Emulator/GB_Classic_ZachMorris/Game/Foreman+for+Real+%28USA%2C+Europe%29?sf_options=desc%3D%26_options_sf&quot;,return)</favourite>
	<favourite name="Foreman for Real" thumb="http://thegamesdb.net/banners/boxart/original/front/21762-1.jpg">ActivateWindow(10025,&quot;plugin://plugin.program.iarl/Emulator/Game_Gear_ZachMorris/Game/Foreman+for+Real+%28World%29?sf_options=desc%3D%26_options_sf&quot;,return)</favourite>
	<favourite name="Foreman for Real" thumb="http://thegamesdb.net/banners/boxart/original/front/4380-1.jpg">ActivateWindow(10025,&quot;plugin://plugin.program.iarl/Emulator/Genesis_ZachMorris/Game/Foreman+for+Real+%28World%29?sf_options=desc%3D%26_options_sf&quot;,return)</favourite>
	<favourite name="Frank Bruno" thumb="https://archive.org/download/C64Games_201705/C64_Artwork.zip/Commodore%2064%20Artwork%2FFrank%20Bruno%27s%20Boxing%20%28Europe%29%2FAdvert-Elite_Frank_Bruno_Boxing1.jpg">ActivateWindow(10025,&quot;plugin://plugin.program.iarl/Emulator/C64_ZachMorris/Game/Frank+Bruno%27s+Boxing+%28Europe%29?sf_options=desc%3D%26_options_sf&quot;,return)</favourite>
	<favourite name="Funky Head Boxers" thumb="http://archive.org/download/Mame172arcdcmplt/flyers.zip/fhboxers.png">ActivateWindow(10025,&quot;plugin://plugin.program.iarl/Emulator/MAME_2014_ZachMorris/Game/Funky+Head+Boxers+%28JUETBKAL+951218+V1.000%29?sf_options=desc%3D%26_options_sf&quot;,return)</favourite>
	<favourite name="Funky Head Boxers" thumb="http://archive.org/download/Mame172arcdcmplt/flyers.zip/fhboxers.png">ActivateWindow(10025,&quot;plugin://plugin.program.iarl/Emulator/MAME_ZachMorris/Game/Funky+Head+Boxers+%28JUETBKAL+951218+V1.000%29?sf_options=desc%3D%26_options_sf&quot;,return)</favourite>
	<favourite name="Funky Head Boxers" thumb="">ActivateWindow(10025,&quot;plugin://plugin.program.iarl/Emulator/Sega_Saturn_ZachMorris/Game/Funky+Head+Boxers+%28Japan%29?sf_options=desc%3D%26_options_sf&quot;,return)</favourite>
	<favourite name="Funky Head Boxers Plus" thumb="">ActivateWindow(10025,&quot;plugin://plugin.program.iarl/Emulator/Sega_Saturn_ZachMorris/Game/Funky+Head+Boxers+Plus+%28Japan%29?sf_options=desc%3D%26_options_sf&quot;,return)</favourite>
	<favourite name="George Foreman" thumb="http://thegamesdb.net/banners/boxart/original/front/1838-2.jpg">ActivateWindow(10025,&quot;plugin://plugin.program.iarl/Emulator/Master_System_ZachMorris/Game/George+Foreman%27s+KO+Boxing+%28Europe%29?sf_options=desc%3D%26_options_sf&quot;,return)</favourite>
	<favourite name="George Foreman" thumb="http://i.imgur.com/KC8ZoV4.png">ActivateWindow(10025,&quot;plugin://plugin.program.iarl/Emulator/NES_ZachMorris/Game/George+Foreman%27s+KO+Boxing+%28USA%29?sf_options=desc%3D%26_options_sf&quot;,return)</favourite>
	<favourite name="George Foreman" thumb="http://thegamesdb.net/banners/boxart/original/front/4394-1.jpg">ActivateWindow(10025,&quot;plugin://plugin.program.iarl/Emulator/Genesis_ZachMorris/Game/George+Foreman%27s+KO+Boxing+%28USA%29?sf_options=desc%3D%26_options_sf&quot;,return)</favourite>
	<favourite name="George Foreman" thumb="http://i.imgur.com/nGXKEPN.jpg">ActivateWindow(10025,&quot;plugin://plugin.program.iarl/Emulator/SNES_ZachMorris/Game/George+Foreman%27s+KO+Boxing+%28USA%29+%28Rev+1%29?sf_options=desc%3D%26_options_sf&quot;,return)</favourite>
	<favourite name="George Foreman" thumb="http://thegamesdb.net/banners/boxart/original/front/14095-1.jpg">ActivateWindow(10025,&quot;plugin://plugin.program.iarl/Emulator/Game_Gear_ZachMorris/Game/George+Foreman%27s+KO+Boxing+%28USA%2C+Europe%29?sf_options=desc%3D%26_options_sf&quot;,return)</favourite>
	<favourite name="George Foreman" thumb="http://thegamesdb.net/banners/boxart/original/front/21642-1.jpg">ActivateWindow(10025,&quot;plugin://plugin.program.iarl/Emulator/GB_Classic_ZachMorris/Game/George+Foreman%27s+KO+Boxing+%28USA%2C+Europe%29?sf_options=desc%3D%26_options_sf&quot;,return)</favourite>
	<favourite name="Great Boxing - Rush Up" thumb="http://i.imgur.com/qNDwf94.png">ActivateWindow(10025,&quot;plugin://plugin.program.iarl/Emulator/NES_ZachMorris/Game/Great+Boxing+-+Rush+Up+%28Japan%29?sf_options=desc%3D%26_options_sf&quot;,return)</favourite>
	<favourite name="Great Sluggers " thumb="http://archive.org/download/Mame172arcdcmplt/flyers.zip/gslgr94u.png">ActivateWindow(10025,&quot;plugin://plugin.program.iarl/Emulator/MAME_2014_ZachMorris/Game/Great+Sluggers+%2794?sf_options=desc%3D%26_options_sf&quot;,return)</favourite>
	<favourite name="Great Sluggers " thumb="http://archive.org/download/Mame172arcdcmplt/flyers.zip/gslgr94u.png">ActivateWindow(10025,&quot;plugin://plugin.program.iarl/Emulator/MAME_ZachMorris/Game/Great+Sluggers+%2794?sf_options=desc%3D%26_options_sf&quot;,return)</favourite>
	<favourite name="Great Sluggers" thumb="http://archive.org/download/Mame172arcdcmplt/cabinets.zip/gslugrsj.png">ActivateWindow(10025,&quot;plugin://plugin.program.iarl/Emulator/MAME_ZachMorris/Game/Great+Sluggers+%28Japan%29?sf_options=desc%3D%26_options_sf&quot;,return)</favourite>
	<favourite name="HBO Boxing" thumb="http://thegamesdb.net/banners/boxart/original/front/13241-1.jpg">ActivateWindow(10025,&quot;plugin://plugin.program.iarl/Emulator/PS1_ZachMorris/Game/HBO+Boxing+%28USA%29?sf_options=desc%3D%26_options_sf&quot;,return)</favourite>
	<favourite name="Heavyweight Champ" thumb="http://images.launchbox-app.com/hwchamp.png">ActivateWindow(10025,&quot;plugin://plugin.program.iarl/Emulator/FBA_ZachMorris/Game/Heavyweight+Champ?sf_options=desc%3D%26_options_sf&quot;,return)</favourite>
	<favourite name="Heavyweight Champ" thumb="http://thegamesdb.net/banners/boxart/original/front/29472-1.jpg">ActivateWindow(10025,&quot;plugin://plugin.program.iarl/Emulator/MAME_ZachMorris/Game/Heavyweight+Champ?sf_options=desc%3D%26_options_sf&quot;,return)</favourite>
	<favourite name="Heavyweight Champ" thumb="http://thegamesdb.net/banners/boxart/original/front/29472-1.jpg">ActivateWindow(10025,&quot;plugin://plugin.program.iarl/Emulator/MAME_2014_ZachMorris/Game/Heavyweight+Champ?sf_options=desc%3D%26_options_sf&quot;,return)</favourite>
	<favourite name="Heavyweight Champ" thumb="http://thegamesdb.net/banners/boxart/original/front/2822-1.jpg">ActivateWindow(10025,&quot;plugin://plugin.program.iarl/Emulator/Master_System_ZachMorris/Game/Heavyweight+Champ+%28Europe%29?sf_options=desc%3D%26_options_sf&quot;,return)</favourite>
	<favourite name="Heavyweight Championship Boxing" thumb="http://thegamesdb.net/banners/boxart/original/front/20466-1.jpg">ActivateWindow(10025,&quot;plugin://plugin.program.iarl/Emulator/GB_Classic_ZachMorris/Game/Heavyweight+Championship+Boxing+%28USA%29?sf_options=desc%3D%26_options_sf&quot;,return)</favourite>
	<favourite name="It" thumb="https://archive.org/download/C64Games_201705/C64_Artwork.zip/Commodore%2064%20Artwork%2FIt%27s%20a%20Knockout%20%28Europe%29%2FAdvert-Ocean57.jpg">ActivateWindow(10025,&quot;plugin://plugin.program.iarl/Emulator/C64_ZachMorris/Game/It%27s+a+Knockout+%28Europe%29?sf_options=desc%3D%26_options_sf&quot;,return)</favourite>
	<favourite name="James " thumb="http://thegamesdb.net/banners/boxart/original/front/20682-1.jpg">ActivateWindow(10025,&quot;plugin://plugin.program.iarl/Emulator/Master_System_ZachMorris/Game/James+%27Buster%27+Douglas+Knockout+Boxing+%28USA%29?sf_options=desc%3D%26_options_sf&quot;,return)</favourite>
	<favourite name="James " thumb="http://thegamesdb.net/banners/boxart/original/front/4460-1.jpg">ActivateWindow(10025,&quot;plugin://plugin.program.iarl/Emulator/Genesis_ZachMorris/Game/James+%27Buster%27+Douglas+Knockout+Boxing+%28USA%2C+Europe%29?sf_options=desc%3D%26_options_sf&quot;,return)</favourite>
	<favourite name="K-1 Grand Prix" thumb="http://static.giantbomb.com/uploads/scale_large/2/28122/1301478-14_2.jpg">ActivateWindow(10025,&quot;plugin://plugin.program.iarl/Emulator/PS1_ZachMorris/Game/K-1+Grand+Prix+%28USA%29?sf_options=desc%3D%26_options_sf&quot;,return)</favourite>
	<favourite name="K-1 Grand Prix - Fighting Illusion Shou" thumb="">ActivateWindow(10025,&quot;plugin://plugin.program.iarl/Emulator/Sega_Saturn_ZachMorris/Game/K-1+Grand+Prix+-+Fighting+Illusion+Shou+%28Japan%29?sf_options=desc%3D%26_options_sf&quot;,return)</favourite>
	<favourite name="K.O. - The Pro Boxing" thumb="http://img.gamefaqs.net/box/2/2/4/40224_front.jpg">ActivateWindow(10025,&quot;plugin://plugin.program.iarl/Emulator/GBC_ZachMorris/Game/K.O.+-+The+Pro+Boxing+%28Japan%29?sf_options=desc%3D%26_options_sf&quot;,return)</favourite>
	<favourite name="Kick Boxing, The" thumb="http://thegamesdb.net/banners/boxart/original/front/18304-1.jpg">ActivateWindow(10025,&quot;plugin://plugin.program.iarl/Emulator/GB_Classic_ZachMorris/Game/Kick+Boxing%2C+The+%28Japan%29?sf_options=desc%3D%26_options_sf&quot;,return)</favourite>
	<favourite name="King of Boxer" thumb="http://thegamesdb.net/banners/boxart/original/front/37035-1.jpg">ActivateWindow(10025,&quot;plugin://plugin.program.iarl/Emulator/MAME_AKNF_Full/Game/King+of+Boxer+%28English%29?sf_options=desc%3D%26_options_sf&quot;,return)</favourite>
	<favourite name="King of Boxer" thumb="http://thegamesdb.net/banners/boxart/original/front/37035-1.jpg">ActivateWindow(10025,&quot;plugin://plugin.program.iarl/Emulator/MAME_ZachMorris/Game/King+of+Boxer+%28English%29?sf_options=desc%3D%26_options_sf&quot;,return)</favourite>
	<favourite name="King of Boxer" thumb="http://thegamesdb.net/banners/boxart/original/front/37035-1.jpg">ActivateWindow(10025,&quot;plugin://plugin.program.iarl/Emulator/MAME_2014_ZachMorris/Game/King+of+Boxer+%28English%29?sf_options=desc%3D%26_options_sf&quot;,return)</favourite>
	<favourite name="King of Boxing, The" thumb="">ActivateWindow(10025,&quot;plugin://plugin.program.iarl/Emulator/Sega_Saturn_ZachMorris/Game/King+of+Boxing%2C+The+%28Japan%29?sf_options=desc%3D%26_options_sf&quot;,return)</favourite>
	<favourite name="Knockout" thumb="https://archive.org/download/C64Games_201705/C64_Artwork.zip/Commodore%2064%20Artwork%2FKnockout%20%28Europe%29%2F%5B1.Front%5D%20Front1.jpg">ActivateWindow(10025,&quot;plugin://plugin.program.iarl/Emulator/C64_ZachMorris/Game/Knockout+%28Europe%29?sf_options=desc%3D%26_options_sf&quot;,return)</favourite>
	<favourite name="Knockout Kings" thumb="http://static.giantbomb.com/uploads/scale_large/8/87790/2291754-box_kk.png">ActivateWindow(10025,&quot;plugin://plugin.program.iarl/Emulator/PS1_ZachMorris/Game/Knockout+Kings+%28USA%29?sf_options=desc%3D%26_options_sf&quot;,return)</favourite>
	<favourite name="Knockout Kings" thumb="http://thegamesdb.net/banners/boxart/original/front/22012-1.jpg">ActivateWindow(10025,&quot;plugin://plugin.program.iarl/Emulator/GBC_ZachMorris/Game/Knockout+Kings+%28USA%2C+Europe%29?sf_options=desc%3D%26_options_sf&quot;,return)</favourite>
	<favourite name="Knockout Kings 2000" thumb="http://thegamesdb.net/banners/boxart/original/front/264-1.jpg">ActivateWindow(10025,&quot;plugin://plugin.program.iarl/Emulator/N64_ZachMorris/Game/Knockout+Kings+2000+%28USA%29?sf_options=desc%3D%26_options_sf&quot;,return)</favourite>
	<favourite name="Knockout Kings 2000" thumb="http://thegamesdb.net/banners/boxart/original/front/30725-1.jpg">ActivateWindow(10025,&quot;plugin://plugin.program.iarl/Emulator/PS1_ZachMorris/Game/Knockout+Kings+2000+%28USA%29?sf_options=desc%3D%26_options_sf&quot;,return)</favourite>
	<favourite name="Knockout Kings 2001" thumb="http://thegamesdb.net/banners/boxart/original/front/31149-1.jpg">ActivateWindow(10025,&quot;plugin://plugin.program.iarl/Emulator/PS1_ZachMorris/Game/Knockout+Kings+2001+%28USA%29?sf_options=desc%3D%26_options_sf&quot;,return)</favourite>
	<favourite name="Knockout Kings 2002" thumb="http://thegamesdb.net/banners/boxart/original/front/8716-1.jpg">ActivateWindow(10025,&quot;plugin://plugin.program.iarl/Emulator/Sony_Playstation_2_N3RDFLIX/Game/Knockout+Kings+2002+%28USA%29?sf_options=desc%3D%26_options_sf&quot;,return)</favourite>
	<favourite name="Knockout Kings 2003" thumb="http://thegamesdb.net/banners/boxart/original/front/30691-1.jpg">ActivateWindow(10025,&quot;plugin://plugin.program.iarl/Emulator/Nintendo_Gamecube_N3RDFLIX/Game/Knockout+Kings+2003+%28Europe%29?sf_options=desc%3D%26_options_sf&quot;,return)</favourite>
	<favourite name="Legend of Success Joe / Ashita no Joe Densetsu" thumb="http://archive.org/download/Mame172arcdcmplt/flyers.zip/legendos.png">ActivateWindow(10025,&quot;plugin://plugin.program.iarl/Emulator/MAME_2014_ZachMorris/Game/Legend+of+Success+Joe+%2F+Ashita+no+Joe+Densetsu?sf_options=desc%3D%26_options_sf&quot;,return)</favourite>
	<favourite name="Legend of Success Joe / Ashita no Joe Densetsu" thumb="http://archive.org/download/Mame172arcdcmplt/flyers.zip/legendos.png">ActivateWindow(10025,&quot;plugin://plugin.program.iarl/Emulator/MAME_ZachMorris/Game/Legend+of+Success+Joe+%2F+Ashita+no+Joe+Densetsu?sf_options=desc%3D%26_options_sf&quot;,return)</favourite>
	<favourite name="Legend of Success Joe / Ashita no Joe Densetsu" thumb="http://images.launchbox-app.com/legendos.png">ActivateWindow(10025,&quot;plugin://plugin.program.iarl/Emulator/FBA_ZachMorris/Game/Legend+of+Success+Joe+%2F+Ashita+no+Joe+Densetsu?sf_options=desc%3D%26_options_sf&quot;,return)</favourite>
	<favourite name="Mike Tyson" thumb="http://i.imgur.com/8jB27q3.jpg">ActivateWindow(10025,&quot;plugin://plugin.program.iarl/Emulator/NES_ZachMorris/Game/Mike+Tyson%27s+Punch-Out%21%21+%28Japan%2C+USA%29+%28Rev+A%29?sf_options=desc%3D%26_options_sf&quot;,return)</favourite>
	<favourite name="Mike Tyson" thumb="http://archive.org/download/Mame172arcdcmplt/cabinets.zip/pc_miket.png">ActivateWindow(10025,&quot;plugin://plugin.program.iarl/Emulator/MAME_2014_ZachMorris/Game/Mike+Tyson%27s+Punch-Out%21%21+%28PlayChoice-10%29?sf_options=desc%3D%26_options_sf&quot;,return)</favourite>
	<favourite name="Mike Tyson" thumb="http://archive.org/download/Mame172arcdcmplt/cabinets.zip/pc_miket.png">ActivateWindow(10025,&quot;plugin://plugin.program.iarl/Emulator/MAME_ZachMorris/Game/Mike+Tyson%27s+Punch-Out%21%21+%28PlayChoice-10%29?sf_options=desc%3D%26_options_sf&quot;,return)</favourite>
	<favourite name="Mike Tyson Boxing" thumb="http://thegamesdb.net/banners/boxart/original/front/26041-1.jpg">ActivateWindow(10025,&quot;plugin://plugin.program.iarl/Emulator/GBA_ZachMorris/Game/Mike+Tyson+Boxing+%28USA%29+%28En%2CFr%2CDe%2CEs%2CIt%29?sf_options=desc%3D%26_options_sf&quot;,return)</favourite>
	<favourite name="Mike Tyson Boxing" thumb="http://static.giantbomb.com/uploads/scale_large/8/87790/2291766-box_mtb.png">ActivateWindow(10025,&quot;plugin://plugin.program.iarl/Emulator/PS1_ZachMorris/Game/Mike+Tyson+Boxing+%28USA%29+%28En%2CFr%2CEs%29?sf_options=desc%3D%26_options_sf&quot;,return)</favourite>
	<favourite name="Mike Tyson Heavyweight Boxing" thumb="http://thegamesdb.net/banners/boxart/original/front/9729-1.jpg">ActivateWindow(10025,&quot;plugin://plugin.program.iarl/Emulator/Sony_Playstation_2_N3RDFLIX/Game/Mike+Tyson+Heavyweight+Boxing+%28USA%29?sf_options=desc%3D%26_options_sf&quot;,return)</favourite>
	<favourite name="Muhammad Ali Heavyweight Boxing" thumb="http://i.imgur.com/D9aTeDq.png">ActivateWindow(10025,&quot;plugin://plugin.program.iarl/Emulator/SNES_ZachMorris/Game/Muhammad+Ali+Heavyweight+Boxing+%28USA%29+%28Proto%29?sf_options=desc%3D%26_options_sf&quot;,return)</favourite>
	<favourite name="Muhammad Ali Heavyweight Boxing" thumb="http://thegamesdb.net/banners/boxart/original/front/21681-1.jpg">ActivateWindow(10025,&quot;plugin://plugin.program.iarl/Emulator/GB_Classic_ZachMorris/Game/Muhammad+Ali+Heavyweight+Boxing+%28USA%2C+Europe%29?sf_options=desc%3D%26_options_sf&quot;,return)</favourite>
	<favourite name="Onizuka Katsuya Super Virtual Boxing - Shin Kentou Ou Densetsu" thumb="http://i.imgur.com/hj7G6Jp.jpg">ActivateWindow(10025,&quot;plugin://plugin.program.iarl/Emulator/SNES_ZachMorris/Game/Onizuka+Katsuya+Super+Virtual+Boxing+-+Shin+Kentou+Ou+Densetsu+%28Japan%29?sf_options=desc%3D%26_options_sf&quot;,return)</favourite>
	<favourite name="Pocky &amp; Rocky" thumb="http://i.imgur.com/OWSQoz8.jpg">ActivateWindow(10025,&quot;plugin://plugin.program.iarl/Emulator/SNES_ZachMorris/Game/Pocky+%26+Rocky+%28USA%29?sf_options=desc%3D%26_options_sf&quot;,return)</favourite>
	<favourite name="Pocky &amp; Rocky 2" thumb="http://i.imgur.com/aPaVooc.jpg">ActivateWindow(10025,&quot;plugin://plugin.program.iarl/Emulator/SNES_ZachMorris/Game/Pocky+%26+Rocky+2+%28USA%29?sf_options=desc%3D%26_options_sf&quot;,return)</favourite>
	<favourite name="Pocky &amp; Rocky with Becky" thumb="http://thegamesdb.net/banners/boxart/original/front/21354-1.jpg">ActivateWindow(10025,&quot;plugin://plugin.program.iarl/Emulator/GBA_ZachMorris/Game/Pocky+%26+Rocky+with+Becky+%28USA%29?sf_options=desc%3D%26_options_sf&quot;,return)</favourite>
	<favourite name="Pound for Pound" thumb="http://archive.org/download/Mame172arcdcmplt/cabinets.zip/poundfor.png">ActivateWindow(10025,&quot;plugin://plugin.program.iarl/Emulator/MAME_ZachMorris/Game/Pound+for+Pound+%28World%29?sf_options=desc%3D%26_options_sf&quot;,return)</favourite>
	<favourite name="Pound for Pound" thumb="http://archive.org/download/Mame172arcdcmplt/cabinets.zip/poundfor.png">ActivateWindow(10025,&quot;plugin://plugin.program.iarl/Emulator/MAME_2014_ZachMorris/Game/Pound+for+Pound+%28World%29?sf_options=desc%3D%26_options_sf&quot;,return)</favourite>
	<favourite name="Power Punch II" thumb="http://i.imgur.com/TK599Z0.jpg">ActivateWindow(10025,&quot;plugin://plugin.program.iarl/Emulator/NES_ZachMorris/Game/Power+Punch+II+%28USA%29?sf_options=desc%3D%26_options_sf&quot;,return)</favourite>
	<favourite name="Prince Naseem Boxing" thumb="http://thegamesdb.net/banners/boxart/original/front/33089-1.jpg">ActivateWindow(10025,&quot;plugin://plugin.program.iarl/Emulator/GBC_ZachMorris/Game/Prince+Naseem+Boxing+%28Europe%29+%28En%2CFr%2CDe%29?sf_options=desc%3D%26_options_sf&quot;,return)</favourite>
	<favourite name="Pro Boxing" thumb="https://archive.org/download/C64Games_201705/C64_Artwork.zip/Commodore%2064%20Artwork%2FPro%20Boxing%20%28USA%29%2FCover-Pro_Boxing.jpg">ActivateWindow(10025,&quot;plugin://plugin.program.iarl/Emulator/C64_ZachMorris/Game/Pro+Boxing+%28USA%29?sf_options=desc%3D%26_options_sf&quot;,return)</favourite>
	<favourite name="Pro Boxing Simulator" thumb="https://archive.org/download/C64Games_201705/C64_Artwork.zip/Commodore%2064%20Artwork%2FPro%20Boxing%20Simulator%20%28Europe%29%2F%5B1.Front%5D%20Front1.jpg">ActivateWindow(10025,&quot;plugin://plugin.program.iarl/Emulator/C64_ZachMorris/Game/Pro+Boxing+Simulator+%28Europe%29?sf_options=desc%3D%26_options_sf&quot;,return)</favourite>
	<favourite name="Punch King - Arcade Boxing" thumb="http://static.giantbomb.com/uploads/scale_large/17/171939/2619143-punch_king.jpg">ActivateWindow(10025,&quot;plugin://plugin.program.iarl/Emulator/GBA_ZachMorris/Game/Punch+King+-+Arcade+Boxing+%28USA%29?sf_options=desc%3D%26_options_sf&quot;,return)</favourite>
	<favourite name="Punch-Out!!" thumb="http://images.launchbox-app.com/664858ce-66c3-4fde-87e8-108a705e0c4b.jpg">ActivateWindow(10025,&quot;plugin://plugin.program.iarl/Emulator/FBA_ZachMorris/Game/Punch-Out%21%21+%28Rev+B%29?sf_options=desc%3D%26_options_sf&quot;,return)</favourite>
	<favourite name="Punch-Out!!" thumb="http://archive.org/download/Mame172arcdcmplt/artpreview.zip/punchout.png">ActivateWindow(10025,&quot;plugin://plugin.program.iarl/Emulator/MAME_AKNF_Full/Game/Punch-Out%21%21+%28Rev+B%29?sf_options=desc%3D%26_options_sf&quot;,return)</favourite>
	<favourite name="Punch-Out!!" thumb="http://archive.org/download/Mame172arcdcmplt/artpreview.zip/punchout.png">ActivateWindow(10025,&quot;plugin://plugin.program.iarl/Emulator/MAME_ZachMorris/Game/Punch-Out%21%21+%28Rev+B%29?sf_options=desc%3D%26_options_sf&quot;,return)</favourite>
	<favourite name="Punch-Out!!" thumb="http://archive.org/download/Mame172arcdcmplt/artpreview.zip/punchout.png">ActivateWindow(10025,&quot;plugin://plugin.program.iarl/Emulator/MAME_2014_ZachMorris/Game/Punch-Out%21%21+%28Rev+B%29?sf_options=desc%3D%26_options_sf&quot;,return)</favourite>
	<favourite name="Punch-Out!!" thumb="http://i.imgur.com/8mUP9JF.png">ActivateWindow(10025,&quot;plugin://plugin.program.iarl/Emulator/NES_ZachMorris/Game/Punch-Out%21%21+%28USA%29?sf_options=desc%3D%26_options_sf&quot;,return)</favourite>
	<favourite name="Ready 2 Rumble Boxing" thumb="http://thegamesdb.net/banners/boxart/original/front/396-1.jpg">ActivateWindow(10025,&quot;plugin://plugin.program.iarl/Emulator/N64_ZachMorris/Game/Ready+2+Rumble+Boxing+%28USA%29?sf_options=desc%3D%26_options_sf&quot;,return)</favourite>
	<favourite name="Ready 2 Rumble Boxing" thumb="http://thegamesdb.net/banners/boxart/original/front/9860-1.jpg">ActivateWindow(10025,&quot;plugin://plugin.program.iarl/Emulator/PS1_ZachMorris/Game/Ready+2+Rumble+Boxing+%28USA%29?sf_options=desc%3D%26_options_sf&quot;,return)</favourite>
	<favourite name="Ready 2 Rumble Boxing" thumb="http://thegamesdb.net/banners/boxart/original/front/11102-1.jpg">ActivateWindow(10025,&quot;plugin://plugin.program.iarl/Emulator/Sega_Dreamcast_ZachMorris/Game/Ready+2+Rumble+Boxing+%28USA%29+%28RE%29?sf_options=desc%3D%26_options_sf&quot;,return)</favourite>
	<favourite name="Ready 2 Rumble Boxing" thumb="http://thegamesdb.net/banners/boxart/original/front/22062-1.jpg">ActivateWindow(10025,&quot;plugin://plugin.program.iarl/Emulator/GBC_ZachMorris/Game/Ready+2+Rumble+Boxing+%28USA%29+%28Rumble+Version%29?sf_options=desc%3D%26_options_sf&quot;,return)</favourite>
	<favourite name="Ready 2 Rumble Boxing - Round 2" thumb="http://thegamesdb.net/banners/boxart/original/front/13204-1.jpg">ActivateWindow(10025,&quot;plugin://plugin.program.iarl/Emulator/Sega_Dreamcast_ZachMorris/Game/Ready+2+Rumble+Boxing+-+Round+2+%28Europe%29+%28En%2CFr%2CDe%29?sf_options=desc%3D%26_options_sf&quot;,return)</favourite>
	<favourite name="Ready 2 Rumble Boxing - Round 2" thumb="http://thegamesdb.net/banners/boxart/original/front/22242-1.jpg">ActivateWindow(10025,&quot;plugin://plugin.program.iarl/Emulator/GBA_ZachMorris/Game/Ready+2+Rumble+Boxing+-+Round+2+%28USA%29?sf_options=desc%3D%26_options_sf&quot;,return)</favourite>
	<favourite name="Ready 2 Rumble Boxing - Round 2" thumb="http://thegamesdb.net/banners/boxart/original/front/11457-1.jpg">ActivateWindow(10025,&quot;plugin://plugin.program.iarl/Emulator/PS1_ZachMorris/Game/Ready+2+Rumble+Boxing+-+Round+2+%28USA%29?sf_options=desc%3D%26_options_sf&quot;,return)</favourite>
	<favourite name="Ready 2 Rumble Boxing - Round 2" thumb="http://thegamesdb.net/banners/boxart/original/front/1190-1.jpg">ActivateWindow(10025,&quot;plugin://plugin.program.iarl/Emulator/N64_ZachMorris/Game/Ready+2+Rumble+Boxing+-+Round+2+%28USA%29?sf_options=desc%3D%26_options_sf&quot;,return)</favourite>
	<favourite name="Ready 2 Rumble Boxing - Uchikome Warai no Megaton Punch!!" thumb="http://static.giantbomb.com/uploads/scale_large/8/87790/2291769-box_r2rb.png">ActivateWindow(10025,&quot;plugin://plugin.program.iarl/Emulator/Sega_Dreamcast_ZachMorris/Game/Ready+2+Rumble+Boxing+-+Uchikome+Warai+no+Megaton+Punch%21%21+%28Japan%29+%28En%2CJa%2CFr%2CDe%29?sf_options=desc%3D%26_options_sf&quot;,return)</favourite>
	<favourite name="RealSports Boxing" thumb="http://thegamesdb.net/banners/boxart/original/front/17531-1.jpg">ActivateWindow(10025,&quot;plugin://plugin.program.iarl/Emulator/Atari_2600_ZachMorris/Game/RealSports+Boxing?sf_options=desc%3D%26_options_sf&quot;,return)</favourite>
	<favourite name="Riddick Bowe Boxing" thumb="http://static.giantbomb.com/uploads/scale_large/0/6247/347413-588613_92065_front.jpg">ActivateWindow(10025,&quot;plugin://plugin.program.iarl/Emulator/Game_Gear_ZachMorris/Game/Riddick+Bowe+Boxing+%28USA%29?sf_options=desc%3D%26_options_sf&quot;,return)</favourite>
	<favourite name="Riddick Bowe Boxing" thumb="http://i.imgur.com/aOQ7q65.jpg">ActivateWindow(10025,&quot;plugin://plugin.program.iarl/Emulator/SNES_ZachMorris/Game/Riddick+Bowe+Boxing+%28USA%29?sf_options=desc%3D%26_options_sf&quot;,return)</favourite>
	<favourite name="Riddick Bowe Boxing" thumb="http://static.giantbomb.com/uploads/scale_large/0/6247/347413-588613_92065_front.jpg">ActivateWindow(10025,&quot;plugin://plugin.program.iarl/Emulator/GB_Classic_ZachMorris/Game/Riddick+Bowe+Boxing+%28USA%29?sf_options=desc%3D%26_options_sf&quot;,return)</favourite>
	<favourite name="Ring King" thumb="http://archive.org/download/Mame172arcdcmplt/cabinets.zip/ringking.png">ActivateWindow(10025,&quot;plugin://plugin.program.iarl/Emulator/MAME_AKNF_Full/Game/Ring+King+%28US+set+1%29?sf_options=desc%3D%26_options_sf&quot;,return)</favourite>
	<favourite name="Ring King" thumb="http://i.imgur.com/kFF5xSq.png">ActivateWindow(10025,&quot;plugin://plugin.program.iarl/Emulator/NES_ZachMorris/Game/Ring+King+%28USA%29?sf_options=desc%3D%26_options_sf&quot;,return)</favourite>
	<favourite name="Ring ni Kakero" thumb="http://i.imgur.com/aajJ8ZF.jpg">ActivateWindow(10025,&quot;plugin://plugin.program.iarl/Emulator/SNES_ZachMorris/Game/Ring+ni+Kakero+%28Japan%29+%28NP%29?sf_options=desc%3D%26_options_sf&quot;,return)</favourite>
	<favourite name="Ringside Seat" thumb="https://archive.org/download/C64Games_201705/C64_Artwork.zip/Commodore%2064%20Artwork%2FRingside%20Seat%20%28USA%29%2FCover-Ringside_Seat.jpg">ActivateWindow(10025,&quot;plugin://plugin.program.iarl/Emulator/C64_ZachMorris/Game/Ringside+Seat+%28USA%29?sf_options=desc%3D%26_options_sf&quot;,return)</favourite>
	<favourite name="Rocky: Super Action Boxing" thumb="http://thegamesdb.net/banners/boxart/original/front/10418-1.jpg">ActivateWindow(10025,&quot;plugin://plugin.program.iarl/Emulator/Colecovision_ZachMorris/Game/Rocky%3A+Super+Action+Boxing?sf_options=desc%3D%26_options_sf&quot;,return)</favourite>
	<favourite name="Rocky &amp; Bullwinkle" thumb="">ActivateWindow(10025,&quot;plugin://plugin.program.iarl/Emulator/Atari_2600_ZachMorris/Game/Rocky+%26+Bullwinkle+%28Prototype+19830420%29?sf_options=desc%3D%26_options_sf&quot;,return)</favourite>
	<favourite name="Rocky" thumb="https://archive.org/download/C64Games_201705/C64_Artwork.zip/Commodore%2064%20Artwork%2FRocky%20%28Europe%29%2FCover%20%5BThe%20Big%20100%5D-Big_100_The.jpg">ActivateWindow(10025,&quot;plugin://plugin.program.iarl/Emulator/C64_ZachMorris/Game/Rocky+%28Europe%29?sf_options=desc%3D%26_options_sf&quot;,return)</favourite>
	<favourite name="Rocky" thumb="http://static.giantbomb.com/uploads/scale_large/8/87790/2285687-box_rocky.png">ActivateWindow(10025,&quot;plugin://plugin.program.iarl/Emulator/GBA_ZachMorris/Game/Rocky+%28USA%29+%28En%2CFr%2CDe%2CEs%2CIt%29?sf_options=desc%3D%26_options_sf&quot;,return)</favourite>
	<favourite name="Rocky" thumb="http://thegamesdb.net/banners/boxart/original/front/2995-1.jpg">ActivateWindow(10025,&quot;plugin://plugin.program.iarl/Emulator/Master_System_ZachMorris/Game/Rocky+%28World%29?sf_options=desc%3D%26_options_sf&quot;,return)</favourite>
	<favourite name="Rocky Balboa" thumb="http://thegamesdb.net/banners/boxart/original/front/19395-1.jpg">ActivateWindow(10025,&quot;plugin://plugin.program.iarl/Emulator/PSP_N3RDFLIX/Game/Rocky+Balboa+%28USA%29?sf_options=desc%3D%26_options_sf&quot;,return)</favourite>
	<favourite name="Showtime Championship Boxing" thumb="http://thegamesdb.net/banners/boxart/original/front/47461-1.jpg">ActivateWindow(10025,&quot;plugin://plugin.program.iarl/Emulator/NINTENDO_DS_N3RDFLIX/Game/Showtime+Championship+Boxing+%28USA%29?sf_options=desc%3D%26_options_sf&quot;,return)</favourite>
	<favourite name="Sierra Championship Boxing" thumb="http://www.mobygames.com/images/shots/l/120504-world-championship-boxing-manager-dos-screenshot-your-secretary.jpg">ActivateWindow(10025,&quot;plugin://plugin.program.iarl/Emulator/IA_MSDOS_ZachMorris/Game/Sierra+Championship+Boxing?sf_options=desc%3D%26_options_sf&quot;,return)</favourite>
	<favourite name="Sports:  21.  King of Boxer" thumb="http://thegamesdb.net/banners/boxart/original/front/37035-1.jpg">ActivateWindow(10025,&quot;plugin://plugin.program.iarl/Emulator/MAME_Bestof_ZachMorris/Game/Sports%3A++21.++King+of+Boxer?sf_options=desc%3D%26_options_sf&quot;,return)</favourite>
	<favourite name="Sports:  3.  Super Punch-Out!!" thumb="http://archive.org/download/Mame172arcdcmplt/flyers.zip/spnchout.png">ActivateWindow(10025,&quot;plugin://plugin.program.iarl/Emulator/MAME_Bestof_ZachMorris/Game/Sports%3A++3.++Super+Punch-Out%21%21?sf_options=desc%3D%26_options_sf&quot;,return)</favourite>
	<favourite name="Star Rank Boxing" thumb="https://archive.org/download/C64Games_201705/C64_Artwork.zip/Commodore%2064%20Artwork%2FStar%20Rank%20Boxing%20%28USA%29%2F%5B1.Front%5D%20Front1.jpg">ActivateWindow(10025,&quot;plugin://plugin.program.iarl/Emulator/C64_ZachMorris/Game/Star+Rank+Boxing+%28USA%29?sf_options=desc%3D%26_options_sf&quot;,return)</favourite>
	<favourite name="Star Rank Boxing II" thumb="http://www.mobygames.com/images/covers/l/244238-star-rank-boxing-ii-dos-front-cover.jpg">ActivateWindow(10025,&quot;plugin://plugin.program.iarl/Emulator/IA_MSDOS_ZachMorris/Game/Star+Rank+Boxing+II?sf_options=desc%3D%26_options_sf&quot;,return)</favourite>
	<favourite name="Star Rank Boxing II" thumb="https://archive.org/download/C64Games_201705/C64_Artwork.zip/Commodore%2064%20Artwork%2FStar%20Rank%20Boxing%20II%20%28USA%29%2F%5B1.Front%5D%20Front1.jpg">ActivateWindow(10025,&quot;plugin://plugin.program.iarl/Emulator/C64_ZachMorris/Game/Star+Rank+Boxing+II+%28USA%29?sf_options=desc%3D%26_options_sf&quot;,return)</favourite>
	<favourite name="Street Cred Boxing" thumb="https://archive.org/download/C64Games_201705/C64_Artwork.zip/Commodore%2064%20Artwork%2FStreet%20Cred%20Boxing%20%28Europe%29%2F%5B1.Front%5D%20Front1.jpg">ActivateWindow(10025,&quot;plugin://plugin.program.iarl/Emulator/C64_ZachMorris/Game/Street+Cred+Boxing+%28Europe%29?sf_options=desc%3D%26_options_sf&quot;,return)</favourite>
	<favourite name="Success Joe" thumb="http://thegamesdb.net/banners/boxart/original/front/36221-1.jpg">ActivateWindow(10025,&quot;plugin://plugin.program.iarl/Emulator/MAME_ZachMorris/Game/Success+Joe+%28World%29?sf_options=desc%3D%26_options_sf&quot;,return)</favourite>
	<favourite name="Success Joe" thumb="http://thegamesdb.net/banners/boxart/original/front/36221-1.jpg">ActivateWindow(10025,&quot;plugin://plugin.program.iarl/Emulator/FBA_ZachMorris/Game/Success+Joe+%28World%29?sf_options=desc%3D%26_options_sf&quot;,return)</favourite>
	<favourite name="Super Punch-Out!!" thumb="http://archive.org/download/Mame172arcdcmplt/flyers.zip/spnchout.png">ActivateWindow(10025,&quot;plugin://plugin.program.iarl/Emulator/MAME_ZachMorris/Game/Super+Punch-Out%21%21+%28Rev+B%29?sf_options=desc%3D%26_options_sf&quot;,return)</favourite>
	<favourite name="Super Punch-Out!!" thumb="http://archive.org/download/Mame172arcdcmplt/flyers.zip/spnchout.png">ActivateWindow(10025,&quot;plugin://plugin.program.iarl/Emulator/MAME_2014_ZachMorris/Game/Super+Punch-Out%21%21+%28Rev+B%29?sf_options=desc%3D%26_options_sf&quot;,return)</favourite>
	<favourite name="Super Punch-Out!!" thumb="http://images.launchbox-app.com/spnchout.png">ActivateWindow(10025,&quot;plugin://plugin.program.iarl/Emulator/FBA_ZachMorris/Game/Super+Punch-Out%21%21+%28Rev+B%29?sf_options=desc%3D%26_options_sf&quot;,return)</favourite>
	<favourite name="Super Punch-Out!!" thumb="http://i.imgur.com/9Q6jSQa.jpg">ActivateWindow(10025,&quot;plugin://plugin.program.iarl/Emulator/SNES_ZachMorris/Game/Super+Punch-Out%21%21+%28USA%29?sf_options=desc%3D%26_options_sf&quot;,return)</favourite>
	<favourite name="TKO" thumb="http://www.mobygames.com/images/shots/l/10166-tko-dos-screenshot-title-screen.jpg">ActivateWindow(10025,&quot;plugin://plugin.program.iarl/Emulator/IA_MSDOS_ZachMorris/Game/TKO?sf_options=desc%3D%26_options_sf&quot;,return)</favourite>
	<favourite name="TKO" thumb="https://archive.org/download/C64Games_201705/C64_Artwork.zip/Commodore%2064%20Artwork%2FTKO%20%28USA%29%2FAdvert-Accolade3.jpg">ActivateWindow(10025,&quot;plugin://plugin.program.iarl/Emulator/C64_ZachMorris/Game/TKO+%28USA%29?sf_options=desc%3D%26_options_sf&quot;,return)</favourite>
	<favourite name="TKO Super Championship Boxing" thumb="http://i.imgur.com/TkYSfVe.jpg">ActivateWindow(10025,&quot;plugin://plugin.program.iarl/Emulator/SNES_ZachMorris/Game/TKO+Super+Championship+Boxing+%28USA%29?sf_options=desc%3D%26_options_sf&quot;,return)</favourite>
	<favourite name="Thai Boxing" thumb="https://archive.org/download/C64Games_201705/C64_Artwork.zip/Commodore%2064%20Artwork%2FThai%20Boxing%20%28Europe%29%20%28Side%20A%29%2FAdvert-Anco_Thai_Boxing1.jpg">ActivateWindow(10025,&quot;plugin://plugin.program.iarl/Emulator/C64_ZachMorris/Game/Thai+Boxing+%28Europe%29?sf_options=desc%3D%26_options_sf&quot;,return)</favourite>
	<favourite name="The Final Round" thumb="http://images.launchbox-app.com/fround.png">ActivateWindow(10025,&quot;plugin://plugin.program.iarl/Emulator/FBA_ZachMorris/Game/The+Final+Round+%28version+M%29?sf_options=desc%3D%26_options_sf&quot;,return)</favourite>
	<favourite name="The Final Round" thumb="http://thegamesdb.net/banners/boxart/original/front/29453-1.png">ActivateWindow(10025,&quot;plugin://plugin.program.iarl/Emulator/MAME_ZachMorris/Game/The+Final+Round+%28version+M%29?sf_options=desc%3D%26_options_sf&quot;,return)</favourite>
	<favourite name="The Final Round" thumb="http://thegamesdb.net/banners/boxart/original/front/29453-1.png">ActivateWindow(10025,&quot;plugin://plugin.program.iarl/Emulator/MAME_2014_ZachMorris/Game/The+Final+Round+%28version+M%29?sf_options=desc%3D%26_options_sf&quot;,return)</favourite>
	<favourite name="Title Fight" thumb="http://archive.org/download/Mame172arcdcmplt/flyers.zip/titlef.png">ActivateWindow(10025,&quot;plugin://plugin.program.iarl/Emulator/MAME_ZachMorris/Game/Title+Fight+%28World%29?sf_options=desc%3D%26_options_sf&quot;,return)</favourite>
	<favourite name="Title Fight" thumb="http://archive.org/download/Mame172arcdcmplt/flyers.zip/titlef.png">ActivateWindow(10025,&quot;plugin://plugin.program.iarl/Emulator/MAME_2014_ZachMorris/Game/Title+Fight+%28World%29?sf_options=desc%3D%26_options_sf&quot;,return)</favourite>
	<favourite name="Top Ranking Stars" thumb="http://archive.org/download/Mame172arcdcmplt/flyers.zip/trstar.png">ActivateWindow(10025,&quot;plugin://plugin.program.iarl/Emulator/MAME_ZachMorris/Game/Top+Ranking+Stars+%28Ver+2.1O+1993%2F05%2F21%29+%28New+Version%29?sf_options=desc%3D%26_options_sf&quot;,return)</favourite>
	<favourite name="Top Ranking Stars" thumb="http://archive.org/download/Mame172arcdcmplt/flyers.zip/trstar.png">ActivateWindow(10025,&quot;plugin://plugin.program.iarl/Emulator/MAME_2014_ZachMorris/Game/Top+Ranking+Stars+%28Ver+2.1O+1993%2F05%2F21%29+%28New+Version%29?sf_options=desc%3D%26_options_sf&quot;,return)</favourite>
	<favourite name="Toughman Contest" thumb="http://thegamesdb.net/banners/boxart/original/front/9082-1.jpg">ActivateWindow(10025,&quot;plugin://plugin.program.iarl/Emulator/32X_ZachMorris/Game/Toughman+Contest+%28USA%2C+Europe%29?sf_options=desc%3D%26_options_sf&quot;,return)</favourite>
	<favourite name="Toughman Contest" thumb="http://thegamesdb.net/banners/boxart/original/front/4691-1.jpg">ActivateWindow(10025,&quot;plugin://plugin.program.iarl/Emulator/Genesis_ZachMorris/Game/Toughman+Contest+%28USA%2C+Europe%29?sf_options=desc%3D%26_options_sf&quot;,return)</favourite>
	<favourite name="VS Gong Fight" thumb="http://archive.org/download/Mame172arcdcmplt/snap.zip/vsgongf.png">ActivateWindow(10025,&quot;plugin://plugin.program.iarl/Emulator/MAME_ZachMorris/Game/VS+Gong+Fight?sf_options=desc%3D%26_options_sf&quot;,return)</favourite>
	<favourite name="VS Gong Fight" thumb="http://archive.org/download/Mame172arcdcmplt/snap.zip/vsgongf.png">ActivateWindow(10025,&quot;plugin://plugin.program.iarl/Emulator/MAME_2014_ZachMorris/Game/VS+Gong+Fight?sf_options=desc%3D%26_options_sf&quot;,return)</favourite>
	<favourite name="VS Gong Fight" thumb="http://archive.org/download/Mame172arcdcmplt/snap.zip/vsgongf.png">ActivateWindow(10025,&quot;plugin://plugin.program.iarl/Emulator/FBA_ZachMorris/Game/VS+Gong+Fight?sf_options=desc%3D%26_options_sf&quot;,return)</favourite>
	<favourite name="Victorious Boxers - Ippo" thumb="http://thegamesdb.net/banners/boxart/original/front/24072-1.jpg">ActivateWindow(10025,&quot;plugin://plugin.program.iarl/Emulator/Sony_Playstation_2_N3RDFLIX/Game/Victorious+Boxers+-+Ippo%27s+Road+to+Glory+%28USA%29?sf_options=desc%3D%26_options_sf&quot;,return)</favourite>
	<favourite name="Victorious Boxers 2 - Fighting Spirit" thumb="http://thegamesdb.net/banners/boxart/original/front/37394-1.jpg">ActivateWindow(10025,&quot;plugin://plugin.program.iarl/Emulator/Sony_Playstation_2_N3RDFLIX/Game/Victorious+Boxers+2+-+Fighting+Spirit+%28USA%29?sf_options=desc%3D%26_options_sf&quot;,return)</favourite>
	<favourite name="Vs. T.K.O. Boxing" thumb="http://archive.org/download/Mame172arcdcmplt/flyers.zip/tkoboxng.png">ActivateWindow(10025,&quot;plugin://plugin.program.iarl/Emulator/MAME_ZachMorris/Game/Vs.+T.K.O.+Boxing?sf_options=desc%3D%26_options_sf&quot;,return)</favourite>
	<favourite name="Vs. T.K.O. Boxing" thumb="http://archive.org/download/Mame172arcdcmplt/flyers.zip/tkoboxng.png">ActivateWindow(10025,&quot;plugin://plugin.program.iarl/Emulator/MAME_2014_ZachMorris/Game/Vs.+T.K.O.+Boxing?sf_options=desc%3D%26_options_sf&quot;,return)</favourite>
	<favourite name="World Boxing" thumb="http://i.imgur.com/Fr13Vu7.jpg">ActivateWindow(10025,&quot;plugin://plugin.program.iarl/Emulator/NES_ZachMorris/Game/World+Boxing+%28Japan%29?sf_options=desc%3D%26_options_sf&quot;,return)</favourite>
	<favourite name="World Boxing Champ" thumb="https://archive.org/download/C64Games_201705/C64_Artwork.zip/Commodore%2064%20Artwork%2FWorld%20Boxing%20Champ%20%28Europe%29%20%28Unl%29%2FMagazine%20Cover%20%28Commodore%20Zone%29-CZ16.jpg">ActivateWindow(10025,&quot;plugin://plugin.program.iarl/Emulator/C64_ZachMorris/Game/World+Boxing+Champ?sf_options=desc%3D%26_options_sf&quot;,return)</favourite>
	<favourite name="World Champ - Super Boxing Great Fight" thumb="http://i.imgur.com/qNDwf94.png">ActivateWindow(10025,&quot;plugin://plugin.program.iarl/Emulator/NES_ZachMorris/Game/World+Champ+-+Super+Boxing+Great+Fight+%28USA%29?sf_options=desc%3D%26_options_sf&quot;,return)</favourite>
	<favourite name="World Championship Boxing Manager" thumb="https://archive.org/download/C64Games_201705/C64_Artwork.zip/Commodore%2064%20Artwork%2FWorld%20Championship%20Boxing%20Manager%20%28Europe%29%2FCover%20%5BChampions%5D-Champions.jpg">ActivateWindow(10025,&quot;plugin://plugin.program.iarl/Emulator/C64_ZachMorris/Game/World+Championship+Boxing+Manager?sf_options=desc%3D%26_options_sf&quot;,return)</favourite>
	<favourite name="World Championship Boxing Manager" thumb="https://archive.org/download/C64Games_201705/C64_Artwork.zip/Commodore%2064%20Artwork%2FWorld%20Championship%20Boxing%20Manager%20%28Europe%29%2FCover%20%5BChampions%5D-Champions.jpg">ActivateWindow(10025,&quot;plugin://plugin.program.iarl/Emulator/C64_ZachMorris/Game/World+Championship+Boxing+Manager+%28Europe%29?sf_options=desc%3D%26_options_sf&quot;,return)</favourite>
</favourites>