<favourites>
	<favourite name="como jogar com o controle no emulador desmume" thumb="special://home/addons\plugin.video.youtube\resources\media\search.png">ActivateWindow(10025,&quot;plugin://plugin.video.youtube/kodion/search/query/?q=como%20jogar%20com%20o%20controle%20no%20emulador%20desmume&amp;sf_options=fanart%3Dspecial%3A%2F%2Fhome%2Faddons%5Cplugin.video.youtube%5Cresources%5Cmedia%5Cfanart.jpg%26meta%3Dlabel%253Dcomo%252Bjogar%252Bcom%252Bo%252Bcontrole%252Bno%252Bemulador%252Bdesmume%26_options_sf&quot;,return)</favourite>
	<favourite name="Como configurar o emulador de Nintendo DS (DESMUME) parte 1" thumb="special://home/addons\plugin.video.youtube\resources\media\search.png">ActivateWindow(10025,&quot;plugin://plugin.video.youtube/kodion/search/query/?q=Como%20configurar%20o%20emulador%20de%20Nintendo%20DS%20(DESMUME)%20parte%201&amp;sf_options=fanart%3Dspecial%3A%2F%2Fhome%2Faddons%5Cplugin.video.youtube%5Cresources%5Cmedia%5Cfanart.jpg%26meta%3Dlabel%253DComo%252Bconfigurar%252Bo%252Bemulador%252Bde%252BNintendo%252BDS%252B%252528DESMUME%252529%252Bparte%252B1%26_options_sf&quot;,return)</favourite>
	<favourite name="Como configurar o DeSmuME [2015]" thumb="special://home/addons\plugin.video.youtube\resources\media\search.png">ActivateWindow(10025,&quot;plugin://plugin.video.youtube/kodion/search/query/?q=Como%20configurar%20o%20DeSmuME%20%5b2015%5d&amp;sf_options=fanart%3Dspecial%3A%2F%2Fhome%2Faddons%5Cplugin.video.youtube%5Cresources%5Cmedia%5Cfanart.jpg%26meta%3Dlabel%253DComo%252Bconfigurar%252Bo%252BDeSmuME%252B%25255B2015%25255D%26_options_sf&quot;,return)</favourite>
	<favourite name="Como Acelerar o Emulador Desmume" thumb="special://home/addons\plugin.video.youtube\resources\media\search.png">ActivateWindow(10025,&quot;plugin://plugin.video.youtube/kodion/search/query/?q=Como%20Acelerar%20o%20Emulador%20Desmume&amp;sf_options=fanart%3Dspecial%3A%2F%2Fhome%2Faddons%5Cplugin.video.youtube%5Cresources%5Cmedia%5Cfanart.jpg%26meta%3Dlabel%253DComo%252BAcelerar%252Bo%252BEmulador%252BDesmume%26_options_sf&quot;,return)</favourite>
</favourites>