<favourites>
	<favourite name="Hyper Street Fighter II: The Anniversary Edition" thumb="http://images.launchbox-app.com/a73c0179-3084-40ad-9094-1e82f185a8c6.png">ActivateWindow(10025,&quot;plugin://plugin.program.iarl/Emulator/FBA_ZachMorris/Game/Hyper+Street+Fighter+II%3A+The+Anniversary+Edition+%28USA+040202%29?sf_options=fanart%3Dhttp%3A%2F%2Fimages.launchbox-app.com%2Fc0fbb394-7af1-4e35-bfc7-da75a5a6a805.jpg%26desc%3DHyper+Street+Fighter+II+-+The+Anniversary+Edition+%28c%29+2004+Capcom+USA%2C+Incorporated.%5BCR%5DNorth+American+release.+Game+developed+in+Japan.+For+more+information+about+the+game+itself%2C+please+see+the+original+Japanese+release+entry%3B+%22Hyper+Street+Fighter+II+-+The+Anniversary+Edition+%5BGreen+Board%5D%22.%5BCR%5D%5BB%5DTechnical%5B%2FB%5D%5BCR%5DRuns+on+the+%22CP+System+II%22+hardware.%5BCR%5DBlue+Board+%5BUSA%5D%5BCR%5D%5BB%5DGame+Ports%5B%2FB%5D%5BCR%5DHere+is+a+list+of+ports+released+in+North+America%2C+Europe%2C+and+Australia.%5BCR%5D%2A+Consoles+%3A+%5BCR%5DMicrosoft+XBOX+%5BAU%5D+%282004%29+%22Street+Fighter+Anniversary+Collection%22+%5BCR%5DSony+PlayStation+2+%5BEU%5D+%28May+28%2C+2004%29+%22Hyper+Street+Fighter+II+-+The+Anniversary+Edition+%5BModel+SLES-52444%5D%22+%5BCR%5DSony+PlayStation+2+%5BUS%5D+%28August+31%2C+2004%29+%22Street+Fighter+Anniversary+Collection+%5BModel+SLUS-20949%5D%22+%5BCR%5DMicrosoft+XBOX+%5BEU%5D+%28October+29%2C+2004%29+%22Street+Fighter+Anniversary+Collection%22+%5BCR%5DSony+PlayStation+2+%5BEU%5D+%28October+30%2C+2004%29+%22Street+Fighter+Anniversary+Collection%22+%5BCR%5DMicrosoft+XBOX+%5BUS%5D+%28February+22%2C+2005%29+%22Street+Fighter+Anniversary+Collection%22%5BCR%5D%26_options_sf&quot;,return)</favourite>
	<favourite name="Street Fighter: The Movie" thumb="http://thegamesdb.net/banners/boxart/original/front/26792-1.png">ActivateWindow(10025,&quot;plugin://plugin.program.iarl/Emulator/MAME_2014_ZachMorris/Game/Street+Fighter%3A+The+Movie+%28v1.12%29?sf_options=desc%3D%26_options_sf&quot;,return)</favourite>
	<favourite name="Street Fighter: The Movie" thumb="http://thegamesdb.net/banners/boxart/original/front/26792-1.png">ActivateWindow(10025,&quot;plugin://plugin.program.iarl/Emulator/MAME_ZachMorris/Game/Street+Fighter%3A+The+Movie+%28v1.12%29?sf_options=desc%3D%26_options_sf&quot;,return)</favourite>
	<favourite name="Super Gem Fighter Mini Mix" thumb="http://images.launchbox-app.com/0dac5bc9-f0c1-47a9-8945-d833f0c67877.png">ActivateWindow(10025,&quot;plugin://plugin.program.iarl/Emulator/FBA_ZachMorris/Game/Super+Gem+Fighter+Mini+Mix+%28USA+970904%29?sf_options=fanart%3Dhttp%3A%2F%2Fthegamesdb.net%2Fbanners%2Ffanart%2Foriginal%2F8273-1.jpg%26desc%3DSuper+Gem+Fighter+-+Mini+Mix+%28c%29+1997+Capcom.%5BCR%5DNorth+American+%26+European+release.+Game+developed+in+Japan.+For+more+information+about+the+game+itself%2C+please+see+the+original+Japanese+release+entry%3B+%22Pocket+Fighter+%5BGreen+Board%5D%22.%5BCR%5D%5BB%5DTechnical%5B%2FB%5D%5BCR%5DRuns+on+the+%22CP+System+II%22+hardware.%5BCR%5DBlue+Board+%5BUSA+%26+Europe%5D%5BCR%5D%5BB%5DGame+Ports%5B%2FB%5D%5BCR%5D%2A+Consoles+%3A+%5BCR%5DSony+PlayStation+%5BEU%5D+%281998%29+%5BModel+SLES-01378%5D+%5BCR%5DSony+PlayStation+%5BUS%5D+%281998%29+%5BModel+SLUS-00653%5D+%5BCR%5DSony+PlayStation+2+%5BAU%5D+%282006%29+%22Street+Fighter+Alpha+Anthology%22+%5BCR%5DSony+PlayStation+2+%5BUS%5D+%28June+13%2C+2006%29+%22Street+Fighter+Alpha+Anthology+%5BModel+SLUS-21317%5D%22+%5BCR%5DSony+PlayStation+2+%5BEU%5D+%28July+7%2C+2006%29+%22Street+Fighter+Alpha+Anthology+%5BModel+SLES-54085%5D%22+%5BCR%5DSony+PlayStation+%5BPSOne+Classics%5D+%5BUS%5D+%28February+8%2C+2011%29+%5BCR%5D%2A+Others+%3A+%5BCR%5DApple+iPhone%2FiPod+%5BUS%5D+%28July+7%2C+2012%29+released+under+the+Japanese+title+of+%22Pocket+Fighter%22+%5BModel+472112905%5D%5BCR%5D%26_options_sf&quot;,return)</favourite>
	<favourite name="Super Gem Fighter Mini Mix" thumb="http://thegamesdb.net/banners/boxart/original/front/8273-1.jpg">ActivateWindow(10025,&quot;plugin://plugin.program.iarl/Emulator/MAME_AKNF_Full/Game/Super+Gem+Fighter+Mini+Mix+%28USA+970904%29?sf_options=fanart%3Dhttp%3A%2F%2Fthegamesdb.net%2Fbanners%2Ffanart%2Foriginal%2F8273-1.jpg%26desc%3DSuper+Gem+Fighter+-+Mini+Mix+%28c%29+1997+Capcom.%5BCR%5DNorth+American+%26+European+release.+Game+developed+in+Japan.+For+more+information+about+the+game+itself%2C+please+see+the+original+Japanese+release+entry%3B+%22Pocket+Fighter+%5BGreen+Board%5D%22.%5BCR%5D%5BB%5DTechnical%5B%2FB%5D%5BCR%5DRuns+on+the+%22CP+System+II%22+hardware.%5BCR%5DBlue+Board+%5BUSA+%26+Europe%5D%5BCR%5D%5BB%5DGame+Ports%5B%2FB%5D%5BCR%5D%2A+Consoles+%3A+%5BCR%5DSony+PlayStation+%5BEU%5D+%281998%29+%5BModel+SLES-01378%5D+%5BCR%5DSony+PlayStation+%5BUS%5D+%281998%29+%5BModel+SLUS-00653%5D+%5BCR%5DSony+PlayStation+2+%5BAU%5D+%282006%29+%22Street+Fighter+Alpha+Anthology%22+%5BCR%5DSony+PlayStation+2+%5BUS%5D+%28June+13%2C+2006%29+%22Street+Fighter+Alpha+Anthology+%5BModel+SLUS-21317%5D%22+%5BCR%5DSony+PlayStation+2+%5BEU%5D+%28July+7%2C+2006%29+%22Street+Fighter+Alpha+Anthology+%5BModel+SLES-54085%5D%22+%5BCR%5DSony+PlayStation+%5BPSOne+Classics%5D+%5BUS%5D+%28February+8%2C+2011%29+%5BCR%5D%2A+Others+%3A+%5BCR%5DApple+iPhone%2FiPod+%5BUS%5D+%28July+7%2C+2012%29+released+under+the+Japanese+title+of+%22Pocket+Fighter%22+%5BModel+472112905%5D%5BCR%5D%26_options_sf&quot;,return)</favourite>
	<favourite name="Super Gem Fighter Mini Mix" thumb="http://thegamesdb.net/banners/boxart/original/front/8273-1.jpg">ActivateWindow(10025,&quot;plugin://plugin.program.iarl/Emulator/MAME_ZachMorris/Game/Super+Gem+Fighter+Mini+Mix+%28USA+970904%29?sf_options=fanart%3Dhttp%3A%2F%2Fthegamesdb.net%2Fbanners%2Ffanart%2Foriginal%2F8273-1.jpg%26desc%3DSuper+Gem+Fighter+-+Mini+Mix+%28c%29+1997+Capcom.%5BCR%5DNorth+American+%26+European+release.+Game+developed+in+Japan.+For+more+information+about+the+game+itself%2C+please+see+the+original+Japanese+release+entry%3B+%22Pocket+Fighter+%5BGreen+Board%5D%22.%5BCR%5D%5BB%5DTechnical%5B%2FB%5D%5BCR%5DRuns+on+the+%22CP+System+II%22+hardware.%5BCR%5DBlue+Board+%5BUSA+%26+Europe%5D%5BCR%5D%5BB%5DGame+Ports%5B%2FB%5D%5BCR%5D%2A+Consoles+%3A+%5BCR%5DSony+PlayStation+%5BEU%5D+%281998%29+%5BModel+SLES-01378%5D+%5BCR%5DSony+PlayStation+%5BUS%5D+%281998%29+%5BModel+SLUS-00653%5D+%5BCR%5DSony+PlayStation+2+%5BAU%5D+%282006%29+%22Street+Fighter+Alpha+Anthology%22+%5BCR%5DSony+PlayStation+2+%5BUS%5D+%28June+13%2C+2006%29+%22Street+Fighter+Alpha+Anthology+%5BModel+SLUS-21317%5D%22+%5BCR%5DSony+PlayStation+2+%5BEU%5D+%28July+7%2C+2006%29+%22Street+Fighter+Alpha+Anthology+%5BModel+SLES-54085%5D%22+%5BCR%5DSony+PlayStation+%5BPSOne+Classics%5D+%5BUS%5D+%28February+8%2C+2011%29+%5BCR%5D%2A+Others+%3A+%5BCR%5DApple+iPhone%2FiPod+%5BUS%5D+%28July+7%2C+2012%29+released+under+the+Japanese+title+of+%22Pocket+Fighter%22+%5BModel+472112905%5D%5BCR%5D%26_options_sf&quot;,return)</favourite>
    <favourite name="Street Fighter" thumb="http://www.mobygames.com/images/covers/l/80051-street-fighter-amiga-media.jpg">ActivateWindow(10025,&quot;plugin://plugin.program.iarl/Emulator/IA_MSDOS_ZachMorris/Game/Street+Fighter?sf_options=desc%3D%26_options_sf&quot;,return)</favourite>
	<favourite name="Street Fighter" thumb="https://archive.org/download/C64Games_201705/C64_Artwork.zip/Commodore%2064%20Artwork%2FStreet%20Fighter%20%28USA%29%2F%5B1.Front%5D%20Front1.jpg">ActivateWindow(10025,&quot;plugin://plugin.program.iarl/Emulator/C64_ZachMorris/Game/Street+Fighter?sf_options=desc%3D%26_options_sf&quot;,return)</favourite>
	<favourite name="Street Fighter" thumb="http://images.launchbox-app.com/10109e66-ed93-49c3-82c8-156797b58d19.jpg">ActivateWindow(10025,&quot;plugin://plugin.program.iarl/Emulator/FBA_ZachMorris/Game/Street+Fighter+%28US%2C+set+1%29?sf_options=desc%3D%26_options_sf&quot;,return)</favourite>
	<favourite name="Street Fighter" thumb="http://thegamesdb.net/banners/boxart/original/front/7872-1.jpg">ActivateWindow(10025,&quot;plugin://plugin.program.iarl/Emulator/MAME_ZachMorris/Game/Street+Fighter+%28US%2C+set+1%29?sf_options=desc%3D%26_options_sf&quot;,return)</favourite>
	<favourite name="Street Fighter" thumb="https://archive.org/download/C64Games_201705/C64_Artwork.zip/Commodore%2064%20Artwork%2FStreet%20Fighter%20%28USA%29%2F%5B1.Front%5D%20Front1.jpg">ActivateWindow(10025,&quot;plugin://plugin.program.iarl/Emulator/C64_ZachMorris/Game/Street+Fighter+%28USA%29?sf_options=desc%3D%26_options_sf&quot;,return)</favourite>
	<favourite name="Street Fighter - Real Battle on Film" thumb="">ActivateWindow(10025,&quot;plugin://plugin.program.iarl/Emulator/Sega_Saturn_ZachMorris/Game/Street+Fighter+-+Real+Battle+on+Film+%28Japan%29+%284M%29?sf_options=desc%3D%26_options_sf&quot;,return)</favourite>
	<favourite name="Street Fighter - The Movie" thumb="http://thegamesdb.net/banners/boxart/original/front/11851-1.jpg">ActivateWindow(10025,&quot;plugin://plugin.program.iarl/Emulator/PS1_ZachMorris/Game/Street+Fighter+-+The+Movie+%28USA%29?sf_options=desc%3D%26_options_sf&quot;,return)</favourite>
	<favourite name="Street Fighter - The Movie" thumb="http://thegamesdb.net/banners/boxart/original/front/11354-1.jpg">ActivateWindow(10025,&quot;plugin://plugin.program.iarl/Emulator/Sega_Saturn_ZachMorris/Game/Street+Fighter+-+The+Movie+%28USA%29+%288S%29?sf_options=desc%3D%26_options_sf&quot;,return)</favourite>
	<favourite name="Street Fighter Alpha: Warriors' Dreams" thumb="http://thegamesdb.net/banners/boxart/original/front/11401-1.jpg">ActivateWindow(10025,&quot;plugin://plugin.program.iarl/Emulator/MAME_2014_ZachMorris/Game/Street+Fighter+Alpha%3A+Warriors%27+Dreams+%28Euro+950727%29?sf_options=desc%3D%26_options_sf&quot;,return)</favourite>
	<favourite name="Street Fighter Alpha: Warriors' Dreams" thumb="http://thegamesdb.net/banners/boxart/original/front/11401-1.jpg">ActivateWindow(10025,&quot;plugin://plugin.program.iarl/Emulator/FBA_ZachMorris/Game/Street+Fighter+Alpha%3A+Warriors%27+Dreams+%28Euro+950727%29?sf_options=desc%3D%26_options_sf&quot;,return)</favourite>
	<favourite name="Street Fighter Alpha: Warriors' Dreams" thumb="http://thegamesdb.net/banners/boxart/original/front/11401-1.jpg">ActivateWindow(10025,&quot;plugin://plugin.program.iarl/Emulator/MAME_ZachMorris/Game/Street+Fighter+Alpha%3A+Warriors%27+Dreams+%28Euro+950727%29?sf_options=desc%3D%26_options_sf&quot;,return)</favourite>
	<favourite name="Street Fighter Alpha - Warriors' Dreams" thumb="http://thegamesdb.net/banners/boxart/original/front/11402-1.jpg">ActivateWindow(10025,&quot;plugin://plugin.program.iarl/Emulator/PS1_ZachMorris/Game/Street+Fighter+Alpha+-+Warriors%27+Dreams+%28USA%29?sf_options=desc%3D%26_options_sf&quot;,return)</favourite>
	<favourite name="Street Fighter Alpha 2" thumb="http://thegamesdb.net/banners/boxart/original/front/2532-1.jpg">ActivateWindow(10025,&quot;plugin://plugin.program.iarl/Emulator/FBA_ZachMorris/Game/Street+Fighter+Alpha+2+%28Euro+960229%29?sf_options=desc%3D%26_options_sf&quot;,return)</favourite>
	<favourite name="Street Fighter Alpha 2" thumb="http://thegamesdb.net/banners/boxart/original/front/2532-1.jpg">ActivateWindow(10025,&quot;plugin://plugin.program.iarl/Emulator/MAME_AKNF_Full/Game/Street+Fighter+Alpha+2+%28Euro+960229%29?sf_options=desc%3D%26_options_sf&quot;,return)</favourite>
	<favourite name="Street Fighter Alpha 2" thumb="http://thegamesdb.net/banners/boxart/original/front/2532-1.jpg">ActivateWindow(10025,&quot;plugin://plugin.program.iarl/Emulator/MAME_ZachMorris/Game/Street+Fighter+Alpha+2+%28Euro+960229%29?sf_options=desc%3D%26_options_sf&quot;,return)</favourite>
	<favourite name="Street Fighter Alpha 2" thumb="http://thegamesdb.net/banners/boxart/original/front/2532-1.jpg">ActivateWindow(10025,&quot;plugin://plugin.program.iarl/Emulator/MAME_2014_ZachMorris/Game/Street+Fighter+Alpha+2+%28Euro+960229%29?sf_options=desc%3D%26_options_sf&quot;,return)</favourite>
	<favourite name="Street Fighter Alpha 2" thumb="http://thegamesdb.net/banners/boxart/original/front/6830-1.jpg">ActivateWindow(10025,&quot;plugin://plugin.program.iarl/Emulator/Sega_Saturn_ZachMorris/Game/Street+Fighter+Alpha+2+%28USA%29?sf_options=desc%3D%26_options_sf&quot;,return)</favourite>
	<favourite name="Street Fighter Alpha 2" thumb="http://thegamesdb.net/banners/boxart/original/front/11403-1.jpg">ActivateWindow(10025,&quot;plugin://plugin.program.iarl/Emulator/PS1_ZachMorris/Game/Street+Fighter+Alpha+2+%28USA%29?sf_options=desc%3D%26_options_sf&quot;,return)</favourite>
	<favourite name="Street Fighter Alpha 2" thumb="http://i.imgur.com/D8eEBsj.png">ActivateWindow(10025,&quot;plugin://plugin.program.iarl/Emulator/SNES_ZachMorris/Game/Street+Fighter+Alpha+2+%28USA%29?sf_options=desc%3D%26_options_sf&quot;,return)</favourite>
	<favourite name="Street Fighter Alpha 3" thumb="http://thegamesdb.net/banners/boxart/original/front/7877-1.jpg">ActivateWindow(10025,&quot;plugin://plugin.program.iarl/Emulator/FBA_ZachMorris/Game/Street+Fighter+Alpha+3+%28Euro+980904%29?sf_options=desc%3D%26_options_sf&quot;,return)</favourite>
	<favourite name="Street Fighter Alpha 3" thumb="http://thegamesdb.net/banners/boxart/original/front/7877-1.jpg">ActivateWindow(10025,&quot;plugin://plugin.program.iarl/Emulator/MAME_2014_ZachMorris/Game/Street+Fighter+Alpha+3+%28Euro+980904%29?sf_options=desc%3D%26_options_sf&quot;,return)</favourite>
	<favourite name="Street Fighter Alpha 3" thumb="http://thegamesdb.net/banners/boxart/original/front/7877-1.jpg">ActivateWindow(10025,&quot;plugin://plugin.program.iarl/Emulator/MAME_AKNF_Full/Game/Street+Fighter+Alpha+3+%28Euro+980904%29?sf_options=desc%3D%26_options_sf&quot;,return)</favourite>
	<favourite name="Street Fighter Alpha 3" thumb="http://thegamesdb.net/banners/boxart/original/front/7877-1.jpg">ActivateWindow(10025,&quot;plugin://plugin.program.iarl/Emulator/MAME_ZachMorris/Game/Street+Fighter+Alpha+3+%28Euro+980904%29?sf_options=desc%3D%26_options_sf&quot;,return)</favourite>
	<favourite name="Street Fighter Alpha 3" thumb="http://thegamesdb.net/banners/boxart/original/front/8362-2.jpg">ActivateWindow(10025,&quot;plugin://plugin.program.iarl/Emulator/PS1_ZachMorris/Game/Street+Fighter+Alpha+3+%28USA%29?sf_options=desc%3D%26_options_sf&quot;,return)</favourite>
	<favourite name="Street Fighter Alpha 3" thumb="http://static.giantbomb.com/uploads/scale_large/8/87790/1791304-box_sfa3.png">ActivateWindow(10025,&quot;plugin://plugin.program.iarl/Emulator/GBA_ZachMorris/Game/Street+Fighter+Alpha+3+%28USA%29?sf_options=desc%3D%26_options_sf&quot;,return)</favourite>
	<favourite name="Street Fighter Alpha 3" thumb="http://thegamesdb.net/banners/boxart/original/front/434-1.jpg">ActivateWindow(10025,&quot;plugin://plugin.program.iarl/Emulator/Sega_Dreamcast_ZachMorris/Game/Street+Fighter+Alpha+3+%28USA%29?sf_options=desc%3D%26_options_sf&quot;,return)</favourite>
	<favourite name="Street Fighter Alpha 3 MAX" thumb="http://thegamesdb.net/banners/boxart/original/front/7119-1.jpg">ActivateWindow(10025,&quot;plugin://plugin.program.iarl/Emulator/PSP_N3RDFLIX/Game/Street+Fighter+Alpha+3+MAX+%28USA%29?sf_options=desc%3D%26_options_sf&quot;,return)</favourite>
	<favourite name="Street Fighter Alpha Anthology" thumb="http://thegamesdb.net/banners/boxart/original/front/5361-1.jpg">ActivateWindow(10025,&quot;plugin://plugin.program.iarl/Emulator/Sony_Playstation_2_N3RDFLIX/Game/Street+Fighter+Alpha+Anthology+%28USA%29?sf_options=desc%3D%26_options_sf&quot;,return)</favourite>
	<favourite name="Street Fighter Anniversary Collection" thumb="http://thegamesdb.net/banners/boxart/original/front/4904-1.jpg">ActivateWindow(10025,&quot;plugin://plugin.program.iarl/Emulator/Sony_Playstation_2_N3RDFLIX/Game/Street+Fighter+Anniversary+Collection+%28USA%29?sf_options=desc%3D%26_options_sf&quot;,return)</favourite>
	<favourite name="Street Fighter Collection" thumb="http://thegamesdb.net/banners/boxart/original/front/6430-1.jpg">ActivateWindow(10025,&quot;plugin://plugin.program.iarl/Emulator/Sega_Saturn_ZachMorris/Game/Street+Fighter+Collection+%28USA%29?sf_options=desc%3D%26_options_sf&quot;,return)</favourite>
	<favourite name="Street Fighter Collection" thumb="http://thegamesdb.net/banners/boxart/original/front/614-1.jpg">ActivateWindow(10025,&quot;plugin://plugin.program.iarl/Emulator/PS1_ZachMorris/Game/Street+Fighter+Collection+%28USA%29+%28v1.1%29?sf_options=desc%3D%26_options_sf&quot;,return)</favourite>
	<favourite name="Street Fighter Collection 2" thumb="http://thegamesdb.net/banners/boxart/original/front/13572-1.jpg">ActivateWindow(10025,&quot;plugin://plugin.program.iarl/Emulator/PS1_ZachMorris/Game/Street+Fighter+Collection+2+%28USA%29?sf_options=desc%3D%26_options_sf&quot;,return)</favourite>
	<favourite name="Street Fighter EX" thumb="http://thegamesdb.net/banners/boxart/original/front/8000-1.jpg">ActivateWindow(10025,&quot;plugin://plugin.program.iarl/Emulator/MAME_AKNF_Full/Game/Street+Fighter+EX+%28Asia+961219%29?sf_options=desc%3D%26_options_sf&quot;,return)</favourite>
	<favourite name="Street Fighter EX" thumb="http://thegamesdb.net/banners/boxart/original/front/8000-1.jpg">ActivateWindow(10025,&quot;plugin://plugin.program.iarl/Emulator/MAME_2014_ZachMorris/Game/Street+Fighter+EX+%28Euro+961219%29?sf_options=desc%3D%26_options_sf&quot;,return)</favourite>
	<favourite name="Street Fighter EX" thumb="http://thegamesdb.net/banners/boxart/original/front/8000-1.jpg">ActivateWindow(10025,&quot;plugin://plugin.program.iarl/Emulator/MAME_ZachMorris/Game/Street+Fighter+EX+%28Euro+961219%29?sf_options=desc%3D%26_options_sf&quot;,return)</favourite>
	<favourite name="Street Fighter EX" thumb="http://i.imgur.com/14uOSMF.jpg">ActivateWindow(10025,&quot;plugin://plugin.program.iarl/Emulator/SNES_ZachMorris/Game/Street+Fighter+EX+%28World%29+%28Unl%29+%28Pirate%29?sf_options=desc%3D%26_options_sf&quot;,return)</favourite>
	<favourite name="Street Fighter EX Plus" thumb="http://thegamesdb.net/banners/boxart/original/front/12696-1.jpg">ActivateWindow(10025,&quot;plugin://plugin.program.iarl/Emulator/MAME_2014_ZachMorris/Game/Street+Fighter+EX+Plus+%28USA+970407%29?sf_options=desc%3D%26_options_sf&quot;,return)</favourite>
	<favourite name="Street Fighter EX Plus" thumb="http://thegamesdb.net/banners/boxart/original/front/12696-1.jpg">ActivateWindow(10025,&quot;plugin://plugin.program.iarl/Emulator/MAME_ZachMorris/Game/Street+Fighter+EX+Plus+%28USA+970407%29?sf_options=desc%3D%26_options_sf&quot;,return)</favourite>
	<favourite name="Street Fighter EX Plus Alpha" thumb="http://thegamesdb.net/banners/boxart/original/front/11852-1.jpg">ActivateWindow(10025,&quot;plugin://plugin.program.iarl/Emulator/PS1_ZachMorris/Game/Street+Fighter+EX+Plus+Alpha+%28USA%29?sf_options=desc%3D%26_options_sf&quot;,return)</favourite>
	<favourite name="Street Fighter EX2" thumb="http://archive.org/download/Mame172arcdcmplt/flyers.zip/sfex2.png">ActivateWindow(10025,&quot;plugin://plugin.program.iarl/Emulator/MAME_2014_ZachMorris/Game/Street+Fighter+EX2+%28USA+980526%29?sf_options=desc%3D%26_options_sf&quot;,return)</favourite>
	<favourite name="Street Fighter EX2" thumb="http://archive.org/download/Mame172arcdcmplt/flyers.zip/sfex2.png">ActivateWindow(10025,&quot;plugin://plugin.program.iarl/Emulator/MAME_ZachMorris/Game/Street+Fighter+EX2+%28USA+980526%29?sf_options=desc%3D%26_options_sf&quot;,return)</favourite>
	<favourite name="Street Fighter EX2 Plus" thumb="http://thegamesdb.net/banners/boxart/original/front/11853-1.jpg">ActivateWindow(10025,&quot;plugin://plugin.program.iarl/Emulator/PS1_ZachMorris/Game/Street+Fighter+EX2+Plus+%28USA%29?sf_options=desc%3D%26_options_sf&quot;,return)</favourite>
	<favourite name="Street Fighter EX2 Plus" thumb="http://thegamesdb.net/banners/boxart/original/front/28026-1.jpg">ActivateWindow(10025,&quot;plugin://plugin.program.iarl/Emulator/MAME_AKNF_Full/Game/Street+Fighter+EX2+Plus+%28USA+990611%29?sf_options=desc%3D%26_options_sf&quot;,return)</favourite>
	<favourite name="Street Fighter EX2 Plus" thumb="http://thegamesdb.net/banners/boxart/original/front/28026-1.jpg">ActivateWindow(10025,&quot;plugin://plugin.program.iarl/Emulator/MAME_ZachMorris/Game/Street+Fighter+EX2+Plus+%28USA+990611%29?sf_options=desc%3D%26_options_sf&quot;,return)</favourite>
	<favourite name="Street Fighter EX3" thumb="http://thegamesdb.net/banners/boxart/original/front/17304-1.png">ActivateWindow(10025,&quot;plugin://plugin.program.iarl/Emulator/Sony_Playstation_2_N3RDFLIX/Game/Street+Fighter+EX3+%28USA%29?sf_options=desc%3D%26_options_sf&quot;,return)</favourite>
	<favourite name="Street Fighter II': Champion Edition" thumb="http://archive.org/download/Mame172arcdcmplt/cabinets.zip/sf2ce.png">ActivateWindow(10025,&quot;plugin://plugin.program.iarl/Emulator/MAME_2014_ZachMorris/Game/Street+Fighter+II%27%3A+Champion+Edition+%28World+920513%29?sf_options=desc%3D%26_options_sf&quot;,return)</favourite>
	<favourite name="Street Fighter II': Champion Edition" thumb="http://images.launchbox-app.com/2a53edde-09b8-4770-bd24-58e9126eab92.jpg">ActivateWindow(10025,&quot;plugin://plugin.program.iarl/Emulator/FBA_ZachMorris/Game/Street+Fighter+II%27%3A+Champion+Edition+%28World+920513%29?sf_options=desc%3D%26_options_sf&quot;,return)</favourite>
	<favourite name="Street Fighter II': Champion Edition" thumb="http://archive.org/download/Mame172arcdcmplt/cabinets.zip/sf2ce.png">ActivateWindow(10025,&quot;plugin://plugin.program.iarl/Emulator/MAME_AKNF_Full/Game/Street+Fighter+II%27%3A+Champion+Edition+%28World+920513%29?sf_options=desc%3D%26_options_sf&quot;,return)</favourite>
	<favourite name="Street Fighter II': Champion Edition" thumb="http://archive.org/download/Mame172arcdcmplt/cabinets.zip/sf2ce.png">ActivateWindow(10025,&quot;plugin://plugin.program.iarl/Emulator/MAME_ZachMorris/Game/Street+Fighter+II%27%3A+Champion+Edition+%28World+920513%29?sf_options=desc%3D%26_options_sf&quot;,return)</favourite>
	<favourite name="Street Fighter II': Hyper Fighting" thumb="http://archive.org/download/Mame172arcdcmplt/snap.zip/sf2hf.png">ActivateWindow(10025,&quot;plugin://plugin.program.iarl/Emulator/MAME_ZachMorris/Game/Street+Fighter+II%27%3A+Hyper+Fighting+%28World+921209%29?sf_options=desc%3D%26_options_sf&quot;,return)</favourite>
	<favourite name="Street Fighter II': Hyper Fighting" thumb="http://images.launchbox-app.com/4d75e142-6de9-4343-b08d-654159d0945b.png">ActivateWindow(10025,&quot;plugin://plugin.program.iarl/Emulator/FBA_ZachMorris/Game/Street+Fighter+II%27%3A+Hyper+Fighting+%28World+921209%29?sf_options=desc%3D%26_options_sf&quot;,return)</favourite>
	<favourite name="Street Fighter II' - Champion Edition" thumb="http://thegamesdb.net/banners/boxart/original/front/18873-1.jpg">ActivateWindow(10025,&quot;plugin://plugin.program.iarl/Emulator/TG16_ZachMorris/Game/Street+Fighter+II%27+-+Champion+Edition+%28Japan%29?sf_options=desc%3D%26_options_sf&quot;,return)</favourite>
	<favourite name="Street Fighter II' - Special Champion Edition" thumb="http://thegamesdb.net/banners/boxart/original/front/5543-1.jpg">ActivateWindow(10025,&quot;plugin://plugin.program.iarl/Emulator/Genesis_ZachMorris/Game/Street+Fighter+II%27+-+Special+Champion+Edition+%28USA%29?sf_options=desc%3D%26_options_sf&quot;,return)</favourite>
	<favourite name="Street Fighter II' Plus - Champion Edition" thumb="http://static.giantbomb.com/uploads/scale_large/0/26/2767921-sf2ce.jpg">ActivateWindow(10025,&quot;plugin://plugin.program.iarl/Emulator/Genesis_ZachMorris/Game/Street+Fighter+II%27+Plus+-+Champion+Edition+%28Asia%29?sf_options=desc%3D%26_options_sf&quot;,return)</favourite>
	<favourite name="Street Fighter II: The World Warrior" thumb="http://images.launchbox-app.com/70285478-f271-4a4d-bc23-f7be1577bc3f.jpg">ActivateWindow(10025,&quot;plugin://plugin.program.iarl/Emulator/FBA_ZachMorris/Game/Street+Fighter+II%3A+The+World+Warrior+%28World+910522%29?sf_options=desc%3D%26_options_sf&quot;,return)</favourite>
	<favourite name="Street Fighter II: The World Warrior" thumb="http://thegamesdb.net/banners/boxart/original/front/5548-1.jpg">ActivateWindow(10025,&quot;plugin://plugin.program.iarl/Emulator/MAME_ZachMorris/Game/Street+Fighter+II%3A+The+World+Warrior+%28World+910522%29?sf_options=desc%3D%26_options_sf&quot;,return)</favourite>
	<favourite name="Street Fighter II: The World Warrior" thumb="http://thegamesdb.net/banners/boxart/original/front/5548-1.jpg">ActivateWindow(10025,&quot;plugin://plugin.program.iarl/Emulator/MAME_2014_ZachMorris/Game/Street+Fighter+II%3A+The+World+Warrior+%28World+910522%29?sf_options=desc%3D%26_options_sf&quot;,return)</favourite>
	<favourite name="Street Fighter II" thumb="http://www.mobygames.com/images/covers/l/185378-street-fighter-ii-dos-front-cover.jpg">ActivateWindow(10025,&quot;plugin://plugin.program.iarl/Emulator/IA_MSDOS_ZachMorris/Game/Street+Fighter+II?sf_options=desc%3D%26_options_sf&quot;,return)</favourite>
	<favourite name="Street Fighter II" thumb="http://thegamesdb.net/banners/boxart/original/front/3031-1.jpg">ActivateWindow(10025,&quot;plugin://plugin.program.iarl/Emulator/Master_System_ZachMorris/Game/Street+Fighter+II+%28Brazil%29?sf_options=desc%3D%26_options_sf&quot;,return)</favourite>
	<favourite name="Street Fighter II" thumb="https://archive.org/download/C64Games_201705/C64_Artwork.zip/Commodore%2064%20Artwork%2FStreet%20Fighter%20II%20%28Europe%29%2F%5B1.Front%5D%20Front1.jpg">ActivateWindow(10025,&quot;plugin://plugin.program.iarl/Emulator/C64_ZachMorris/Game/Street+Fighter+II+%28Europe%29?sf_options=desc%3D%26_options_sf&quot;,return)</favourite>
	<favourite name="Street Fighter II" thumb="http://i.imgur.com/oMIasO6.png">ActivateWindow(10025,&quot;plugin://plugin.program.iarl/Emulator/SNES_ZachMorris/Game/Street+Fighter+II+%28USA%29?sf_options=desc%3D%26_options_sf&quot;,return)</favourite>
	<favourite name="Street Fighter II" thumb="http://thegamesdb.net/banners/boxart/original/front/13116-1.jpg">ActivateWindow(10025,&quot;plugin://plugin.program.iarl/Emulator/GB_Classic_ZachMorris/Game/Street+Fighter+II+%28USA%29+%28SGB+Enhanced%29?sf_options=desc%3D%26_options_sf&quot;,return)</favourite>
	<favourite name="Street Fighter II" thumb="http://thegamesdb.net/banners/boxart/original/front/13116-1.jpg">ActivateWindow(10025,&quot;plugin://plugin.program.iarl/Emulator/GB_Classic_ZachMorris/Game/Street+Fighter+II+%28USA%2C+Europe%29+%28Rev+A%29+%28SGB+Enhanced%29?sf_options=desc%3D%26_options_sf&quot;,return)</favourite>
	<favourite name="Street Fighter II Turbo" thumb="http://i.imgur.com/H0piNeq.jpg">ActivateWindow(10025,&quot;plugin://plugin.program.iarl/Emulator/SNES_ZachMorris/Game/Street+Fighter+II+Turbo+%28USA%29+%28Rev+1%29?sf_options=desc%3D%26_options_sf&quot;,return)</favourite>
	<favourite name="Street Fighter III: New Generation" thumb="http://thegamesdb.net/banners/boxart/original/front/12697-1.jpg">ActivateWindow(10025,&quot;plugin://plugin.program.iarl/Emulator/MAME_CHD_ZachMorris/Game/Street+Fighter+III%3A+New+Generation+%28Asia+970204%29?sf_options=desc%3D%26_options_sf&quot;,return)</favourite>
	<favourite name="Street Fighter III: New Generation" thumb="http://archive.org/download/Mame172arcdcmplt/flyers.zip/sfiiij.png">ActivateWindow(10025,&quot;plugin://plugin.program.iarl/Emulator/MAME_CHD_ZachMorris/Game/Street+Fighter+III%3A+New+Generation+%28Asia+970204%2C+NO+CD%2C+bios+set+1%29?sf_options=desc%3D%26_options_sf&quot;,return)</favourite>
	<favourite name="Street Fighter III: New Generation" thumb="http://archive.org/download/Mame172arcdcmplt/flyers.zip/sfiiij.png">ActivateWindow(10025,&quot;plugin://plugin.program.iarl/Emulator/MAME_CHD_ZachMorris/Game/Street+Fighter+III%3A+New+Generation+%28Asia+970204%2C+NO+CD%2C+bios+set+2%29?sf_options=desc%3D%26_options_sf&quot;,return)</favourite>
	<favourite name="Street Fighter III: New Generation" thumb="http://thegamesdb.net/banners/boxart/original/front/12697-1.jpg">ActivateWindow(10025,&quot;plugin://plugin.program.iarl/Emulator/MAME_CHD_ZachMorris/Game/Street+Fighter+III%3A+New+Generation+%28Euro+970204%29?sf_options=desc%3D%26_options_sf&quot;,return)</favourite>
	<favourite name="Street Fighter III: New Generation" thumb="http://thegamesdb.net/banners/boxart/original/front/12697-1.jpg">ActivateWindow(10025,&quot;plugin://plugin.program.iarl/Emulator/FBA_ZachMorris/Game/Street+Fighter+III%3A+New+Generation+%28Euro+970204%29?sf_options=desc%3D%26_options_sf&quot;,return)</favourite>
	<favourite name="Street Fighter III: New Generation" thumb="http://thegamesdb.net/banners/boxart/original/front/12697-1.jpg">ActivateWindow(10025,&quot;plugin://plugin.program.iarl/Emulator/MAME_CHD_ZachMorris/Game/Street+Fighter+III%3A+New+Generation+%28Hispanic+970204%29?sf_options=desc%3D%26_options_sf&quot;,return)</favourite>
	<favourite name="Street Fighter III: New Generation" thumb="http://archive.org/download/Mame172arcdcmplt/flyers.zip/sfiiij.png">ActivateWindow(10025,&quot;plugin://plugin.program.iarl/Emulator/MAME_CHD_ZachMorris/Game/Street+Fighter+III%3A+New+Generation+%28Japan+970204%29?sf_options=desc%3D%26_options_sf&quot;,return)</favourite>
	<favourite name="Street Fighter III: New Generation" thumb="http://archive.org/download/Mame172arcdcmplt/cabinets.zip/sfiiiu.png">ActivateWindow(10025,&quot;plugin://plugin.program.iarl/Emulator/MAME_CHD_ZachMorris/Game/Street+Fighter+III%3A+New+Generation+%28USA+970204%29?sf_options=desc%3D%26_options_sf&quot;,return)</favourite>
	<favourite name="Street Fighter III - 3rd Strike" thumb="http://thegamesdb.net/banners/boxart/original/front/9971-1.jpg">ActivateWindow(10025,&quot;plugin://plugin.program.iarl/Emulator/Sega_Dreamcast_ZachMorris/Game/Street+Fighter+III+-+3rd+Strike+%28USA%29?sf_options=desc%3D%26_options_sf&quot;,return)</favourite>
	<favourite name="Street Fighter III - Double Impact" thumb="http://thegamesdb.net/banners/boxart/original/front/9972-1.jpg">ActivateWindow(10025,&quot;plugin://plugin.program.iarl/Emulator/Sega_Dreamcast_ZachMorris/Game/Street+Fighter+III+-+Double+Impact+%28USA%29?sf_options=desc%3D%26_options_sf&quot;,return)</favourite>
	<favourite name="Street Fighter III 2nd Impact: Giant Attack" thumb="http://archive.org/download/Mame172arcdcmplt/cabinets.zip/sfiii2.png">ActivateWindow(10025,&quot;plugin://plugin.program.iarl/Emulator/MAME_CHD_ZachMorris/Game/Street+Fighter+III+2nd+Impact%3A+Giant+Attack+%28Asia+970930%2C+NO+CD%29?sf_options=desc%3D%26_options_sf&quot;,return)</favourite>
	<favourite name="Street Fighter III 2nd Impact: Giant Attack" thumb="http://archive.org/download/Mame172arcdcmplt/flyers.zip/sfiii2j.png">ActivateWindow(10025,&quot;plugin://plugin.program.iarl/Emulator/MAME_CHD_ZachMorris/Game/Street+Fighter+III+2nd+Impact%3A+Giant+Attack+%28Japan+970930%29?sf_options=desc%3D%26_options_sf&quot;,return)</favourite>
	<favourite name="Street Fighter III 2nd Impact: Giant Attack" thumb="http://archive.org/download/Mame172arcdcmplt/cabinets.zip/sfiii2.png">ActivateWindow(10025,&quot;plugin://plugin.program.iarl/Emulator/MAME_CHD_ZachMorris/Game/Street+Fighter+III+2nd+Impact%3A+Giant+Attack+%28USA+970930%29?sf_options=desc%3D%26_options_sf&quot;,return)</favourite>
	<favourite name="Street Fighter III 2nd Impact: Giant Attack" thumb="http://archive.org/download/Mame172arcdcmplt/cabinets.zip/sfiii2.png">ActivateWindow(10025,&quot;plugin://plugin.program.iarl/Emulator/FBA_ZachMorris/Game/Street+Fighter+III+2nd+Impact%3A+Giant+Attack+%28USA+970930%29?sf_options=desc%3D%26_options_sf&quot;,return)</favourite>
	<favourite name="Street Fighter III 3rd Strike: Fight for the Future" thumb="http://archive.org/download/Mame172arcdcmplt/artpreview.zip/sfiii3.png">ActivateWindow(10025,&quot;plugin://plugin.program.iarl/Emulator/FBA_ZachMorris/Game/Street+Fighter+III+3rd+Strike%3A+Fight+for+the+Future+%28Euro+990608%29?sf_options=desc%3D%26_options_sf&quot;,return)</favourite>
	<favourite name="Street Fighter III 3rd Strike: Fight for the Future" thumb="http://archive.org/download/Mame172arcdcmplt/artpreview.zip/sfiii3.png">ActivateWindow(10025,&quot;plugin://plugin.program.iarl/Emulator/MAME_AKNF_Full/Game/Street+Fighter+III+3rd+Strike%3A+Fight+for+the+Future+%28Euro+990608%29?sf_options=desc%3D%26_options_sf&quot;,return)</favourite>
	<favourite name="Street Fighter Zero" thumb="">ActivateWindow(10025,&quot;plugin://plugin.program.iarl/Emulator/Sega_Saturn_ZachMorris/Game/Street+Fighter+Zero+%28Japan%29+%28Rev+A%29+%2810M%29?sf_options=desc%3D%26_options_sf&quot;,return)</favourite>
	<favourite name="Street Fighter Zero 2" thumb="">ActivateWindow(10025,&quot;plugin://plugin.program.iarl/Emulator/Sega_Saturn_ZachMorris/Game/Street+Fighter+Zero+2+%28Japan%29?sf_options=desc%3D%26_options_sf&quot;,return)</favourite>
	<favourite name="Street Fighter Zero 2" thumb="http://i.imgur.com/k1ZyRDA.jpg">ActivateWindow(10025,&quot;plugin://plugin.program.iarl/Emulator/SNES_ZachMorris/Game/Street+Fighter+Zero+2+%28Japan%29?sf_options=desc%3D%26_options_sf&quot;,return)</favourite>
	<favourite name="Street Fighter Zero 2 Alpha" thumb="http://archive.org/download/Mame172arcdcmplt/flyers.zip/sfz2al.png">ActivateWindow(10025,&quot;plugin://plugin.program.iarl/Emulator/MAME_ZachMorris/Game/Street+Fighter+Zero+2+Alpha+%28Asia+960826%29?sf_options=desc%3D%26_options_sf&quot;,return)</favourite>
	<favourite name="Street Fighter Zero 2 Alpha" thumb="http://images.launchbox-app.com/sfz2al.png">ActivateWindow(10025,&quot;plugin://plugin.program.iarl/Emulator/FBA_ZachMorris/Game/Street+Fighter+Zero+2+Alpha+%28Asia+960826%29?sf_options=desc%3D%26_options_sf&quot;,return)</favourite>
	<favourite name="Street Fighter Zero 3" thumb="">ActivateWindow(10025,&quot;plugin://plugin.program.iarl/Emulator/Sega_Saturn_ZachMorris/Game/Street+Fighter+Zero+3+%28Japan%29?sf_options=desc%3D%26_options_sf&quot;,return)</favourite>
	<favourite name="Street Fighter Zero 3 - Saikyo-ryu Dojo" thumb="http://static.giantbomb.com/uploads/scale_large/8/87790/1791304-box_sfa3.png">ActivateWindow(10025,&quot;plugin://plugin.program.iarl/Emulator/Sega_Dreamcast_ZachMorris/Game/Street+Fighter+Zero+3+-+Saikyo-ryu+Dojo+%28Japan%29?sf_options=desc%3D%26_options_sf&quot;,return)</favourite>
	<favourite name="Street Fighter Zero 3 Upper" thumb="http://static.giantbomb.com/uploads/scale_large/8/87790/1791304-box_sfa3.png">ActivateWindow(10025,&quot;plugin://plugin.program.iarl/Emulator/GBA_ZachMorris/Game/Street+Fighter+Zero+3+Upper+%28Japan%29?sf_options=desc%3D%26_options_sf&quot;,return)</favourite>
	<favourite name="Super Street Fighter II: The New Challengers" thumb="http://thegamesdb.net/banners/boxart/original/front/7879-1.jpg">ActivateWindow(10025,&quot;plugin://plugin.program.iarl/Emulator/FBA_ZachMorris/Game/Super+Street+Fighter+II%3A+The+New+Challengers+%28World+931005%29?sf_options=desc%3D%26_options_sf&quot;,return)</favourite>
	<favourite name="Super Street Fighter II: The New Challengers" thumb="http://thegamesdb.net/banners/boxart/original/front/7879-1.jpg">ActivateWindow(10025,&quot;plugin://plugin.program.iarl/Emulator/MAME_ZachMorris/Game/Super+Street+Fighter+II%3A+The+New+Challengers+%28World+931005%29?sf_options=desc%3D%26_options_sf&quot;,return)</favourite>
	<favourite name="Super Street Fighter II: The New Challengers" thumb="http://thegamesdb.net/banners/boxart/original/front/7879-1.jpg">ActivateWindow(10025,&quot;plugin://plugin.program.iarl/Emulator/MAME_2014_ZachMorris/Game/Super+Street+Fighter+II%3A+The+New+Challengers+%28World+931005%29?sf_options=desc%3D%26_options_sf&quot;,return)</favourite>
	<favourite name="Super Street Fighter II" thumb="http://www.mobygames.com/images/covers/l/63305-super-street-fighter-ii-dos-front-cover.jpg">ActivateWindow(10025,&quot;plugin://plugin.program.iarl/Emulator/IA_MSDOS_ZachMorris/Game/Super+Street+Fighter+II?sf_options=desc%3D%26_options_sf&quot;,return)</favourite>
	<favourite name="Super Street Fighter II" thumb="http://i.imgur.com/lbZvJCb.jpg">ActivateWindow(10025,&quot;plugin://plugin.program.iarl/Emulator/SNES_ZachMorris/Game/Super+Street+Fighter+II+%28USA%29?sf_options=desc%3D%26_options_sf&quot;,return)</favourite>
	<favourite name="Super Street Fighter II" thumb="http://static.giantbomb.com/uploads/scale_large/12/121177/1748664-super_street_fighter_ii__flyer_.jpg">ActivateWindow(10025,&quot;plugin://plugin.program.iarl/Emulator/Genesis_ZachMorris/Game/Super+Street+Fighter+II+%28USA%29?sf_options=desc%3D%26_options_sf&quot;,return)</favourite>
	<favourite name="Super Street Fighter II - The New Challengers" thumb="http://i.imgur.com/O9qBqYT.png">ActivateWindow(10025,&quot;plugin://plugin.program.iarl/Emulator/SNES_ZachMorris/Game/Super+Street+Fighter+II+-+The+New+Challengers+%28Japan%29?sf_options=desc%3D%26_options_sf&quot;,return)</favourite>
	<favourite name="Super Street Fighter II - The New Challengers" thumb="http://static.giantbomb.com/uploads/scale_large/12/121177/1748664-super_street_fighter_ii__flyer_.jpg">ActivateWindow(10025,&quot;plugin://plugin.program.iarl/Emulator/Genesis_ZachMorris/Game/Super+Street+Fighter+II+-+The+New+Challengers+%28Japan%29?sf_options=desc%3D%26_options_sf&quot;,return)</favourite>
	<favourite name="Super Street Fighter II - The New Challengers" thumb="http://archive.org/download/Mame172arcdcmplt/artpreview.zip/ssf2.png">ActivateWindow(10025,&quot;plugin://plugin.program.iarl/Emulator/MAME_ZachMorris/Game/Super+Street+Fighter+II+-+The+New+Challengers+%28bootleg+of+Japanese+MegaDrive+version%29?sf_options=desc%3D%26_options_sf&quot;,return)</favourite>
	<favourite name="Super Street Fighter II Turbo" thumb="http://www.mobygames.com/images/covers/l/160-jungle-hunt-pc-booter-front-cover.jpg">ActivateWindow(10025,&quot;plugin://plugin.program.iarl/Emulator/IA_MSDOS_ZachMorris/Game/Super+Street+Fighter+II+Turbo?sf_options=desc%3D%26_options_sf&quot;,return)</favourite>
	<favourite name="Super Street Fighter II Turbo" thumb="http://thegamesdb.net/banners/boxart/original/front/4875-1.png">ActivateWindow(10025,&quot;plugin://plugin.program.iarl/Emulator/3DO_ZachMorris/Game/Super+Street+Fighter+II+Turbo+%28Europe%29?sf_options=desc%3D%26_options_sf&quot;,return)</favourite>
	<favourite name="Super Street Fighter II Turbo" thumb="http://thegamesdb.net/banners/boxart/original/front/4875-1.png">ActivateWindow(10025,&quot;plugin://plugin.program.iarl/Emulator/3DO_ZachMorris/Game/Super+Street+Fighter+II+Turbo+%28Europe%29+%284+Character+Demo+Disc%29?sf_options=desc%3D%26_options_sf&quot;,return)</favourite>
	<favourite name="Super Street Fighter II Turbo" thumb="http://thegamesdb.net/banners/boxart/original/front/4875-1.png">ActivateWindow(10025,&quot;plugin://plugin.program.iarl/Emulator/3DO_ZachMorris/Game/Super+Street+Fighter+II+Turbo+%28USA%29?sf_options=desc%3D%26_options_sf&quot;,return)</favourite>
	<favourite name="Super Street Fighter II Turbo" thumb="http://thegamesdb.net/banners/boxart/original/front/8274-1.jpg">ActivateWindow(10025,&quot;plugin://plugin.program.iarl/Emulator/FBA_ZachMorris/Game/Super+Street+Fighter+II+Turbo+%28World+940223%29?sf_options=desc%3D%26_options_sf&quot;,return)</favourite>
	<favourite name="Super Street Fighter II Turbo" thumb="http://thegamesdb.net/banners/boxart/original/front/8274-1.jpg">ActivateWindow(10025,&quot;plugin://plugin.program.iarl/Emulator/MAME_AKNF_Full/Game/Super+Street+Fighter+II+Turbo+%28World+940223%29?sf_options=desc%3D%26_options_sf&quot;,return)</favourite>
	<favourite name="Super Street Fighter II Turbo" thumb="http://thegamesdb.net/banners/boxart/original/front/8274-1.jpg">ActivateWindow(10025,&quot;plugin://plugin.program.iarl/Emulator/MAME_ZachMorris/Game/Super+Street+Fighter+II+Turbo+%28World+940223%29?sf_options=desc%3D%26_options_sf&quot;,return)</favourite>
	<favourite name="Super Street Fighter II Turbo - Revival" thumb="http://thegamesdb.net/banners/boxart/original/front/3729-1.jpg">ActivateWindow(10025,&quot;plugin://plugin.program.iarl/Emulator/GBA_ZachMorris/Game/Super+Street+Fighter+II+Turbo+-+Revival+%28USA%29?sf_options=desc%3D%26_options_sf&quot;,return)</favourite>
	<favourite name="Super Street Fighter II X - Grand Master Challenge" thumb="http://thegamesdb.net/banners/boxart/original/front/4875-1.png">ActivateWindow(10025,&quot;plugin://plugin.program.iarl/Emulator/3DO_ZachMorris/Game/Super+Street+Fighter+II+X+-+Grand+Master+Challenge+%28Japan%29?sf_options=desc%3D%26_options_sf&quot;,return)</favourite>
	<favourite name="Super Street Fighter II X - Revival" thumb="http://static.giantbomb.com/uploads/scale_large/8/87790/1791312-box_ssf2tr.png">ActivateWindow(10025,&quot;plugin://plugin.program.iarl/Emulator/GBA_ZachMorris/Game/Super+Street+Fighter+II+X+-+Revival+%28Japan%29?sf_options=desc%3D%26_options_sf&quot;,return)</favourite>
	<favourite name="Hyper Street Fighter 2 - The Anniversary Edition" thumb="http://thegamesdb.net/banners/boxart/original/front/4895-1.jpg">ActivateWindow(10025,&quot;plugin://plugin.program.iarl/Emulator/Sony_Playstation_2_N3RDFLIX/Game/Hyper+Street+Fighter+2+-+The+Anniversary+Edition+%28Europe%29?sf_options=desc%3D%26_options_sf&quot;,return)</favourite>
	<favourite name="Hyper Street Fighter II: The Anniversary Edition" thumb="http://images.launchbox-app.com/a73c0179-3084-40ad-9094-1e82f185a8c6.png">ActivateWindow(10025,&quot;plugin://plugin.program.iarl/Emulator/FBA_ZachMorris/Game/Hyper+Street+Fighter+II%3A+The+Anniversary+Edition+%28USA+040202%29?sf_options=desc%3D%26_options_sf&quot;,return)</favourite>
	<favourite name="Hyper Street Fighter II: The Anniversary Edition" thumb="http://thegamesdb.net/banners/boxart/original/front/26044-1.png">ActivateWindow(10025,&quot;plugin://plugin.program.iarl/Emulator/MAME_ZachMorris/Game/Hyper+Street+Fighter+II%3A+The+Anniversary+Edition+%28USA+040202%29?sf_options=desc%3D%26_options_sf&quot;,return)</favourite>
	<favourite name="Ken Sei Mogura: Street Fighter II" thumb="http://archive.org/download/Mame172arcdcmplt/artpreview.zip/kenseim.png">ActivateWindow(10025,&quot;plugin://plugin.program.iarl/Emulator/MAME_ZachMorris/Game/Ken+Sei+Mogura%3A+Street+Fighter+II+%28Japan+940418%2C+Ver+1.00%29?sf_options=desc%3D%26_options_sf&quot;,return)</favourite>
	<favourite name="Marvel Super Heroes Vs. Street Fighter" thumb="http://thegamesdb.net/banners/boxart/original/front/10685-1.jpg">ActivateWindow(10025,&quot;plugin://plugin.program.iarl/Emulator/FBA_ZachMorris/Game/Marvel+Super+Heroes+Vs.+Street+Fighter+%28Euro+970625%29?sf_options=desc%3D%26_options_sf&quot;,return)</favourite>
	<favourite name="Marvel Super Heroes Vs. Street Fighter" thumb="http://thegamesdb.net/banners/boxart/original/front/10685-1.jpg">ActivateWindow(10025,&quot;plugin://plugin.program.iarl/Emulator/MAME_AKNF_Full/Game/Marvel+Super+Heroes+Vs.+Street+Fighter+%28Euro+970625%29?sf_options=desc%3D%26_options_sf&quot;,return)</favourite>
	<favourite name="Marvel Super Heroes Vs. Street Fighter" thumb="http://thegamesdb.net/banners/boxart/original/front/10685-1.jpg">ActivateWindow(10025,&quot;plugin://plugin.program.iarl/Emulator/MAME_ZachMorris/Game/Marvel+Super+Heroes+Vs.+Street+Fighter+%28Euro+970625%29?sf_options=desc%3D%26_options_sf&quot;,return)</favourite>
	<favourite name="Marvel Super Heroes Vs. Street Fighter" thumb="http://thegamesdb.net/banners/boxart/original/front/10685-1.jpg">ActivateWindow(10025,&quot;plugin://plugin.program.iarl/Emulator/MAME_2014_ZachMorris/Game/Marvel+Super+Heroes+Vs.+Street+Fighter+%28Euro+970625%29?sf_options=desc%3D%26_options_sf&quot;,return)</favourite>
	<favourite name="Marvel Super Heroes vs. Street Fighter" thumb="http://thegamesdb.net/banners/boxart/original/front/11588-1.jpg">ActivateWindow(10025,&quot;plugin://plugin.program.iarl/Emulator/PS1_ZachMorris/Game/Marvel+Super+Heroes+vs.+Street+Fighter+%28USA%29?sf_options=desc%3D%26_options_sf&quot;,return)</favourite>
	<favourite name="X-Men Vs. Street Fighter" thumb="http://thegamesdb.net/banners/boxart/original/front/7867-1.jpg">ActivateWindow(10025,&quot;plugin://plugin.program.iarl/Emulator/FBA_ZachMorris/Game/X-Men+Vs.+Street+Fighter+%28Euro+961004%29?sf_options=desc%3D%26_options_sf&quot;,return)</favourite>
	<favourite name="X-Men Vs. Street Fighter" thumb="http://thegamesdb.net/banners/boxart/original/front/7867-1.jpg">ActivateWindow(10025,&quot;plugin://plugin.program.iarl/Emulator/MAME_2014_ZachMorris/Game/X-Men+Vs.+Street+Fighter+%28Euro+961004%29?sf_options=desc%3D%26_options_sf&quot;,return)</favourite>
	<favourite name="X-Men Vs. Street Fighter" thumb="http://thegamesdb.net/banners/boxart/original/front/7867-1.jpg">ActivateWindow(10025,&quot;plugin://plugin.program.iarl/Emulator/MAME_AKNF_Full/Game/X-Men+Vs.+Street+Fighter+%28Euro+961004%29?sf_options=desc%3D%26_options_sf&quot;,return)</favourite>
	<favourite name="X-Men Vs. Street Fighter" thumb="http://thegamesdb.net/banners/boxart/original/front/7867-1.jpg">ActivateWindow(10025,&quot;plugin://plugin.program.iarl/Emulator/MAME_ZachMorris/Game/X-Men+Vs.+Street+Fighter+%28Euro+961004%29?sf_options=desc%3D%26_options_sf&quot;,return)</favourite>
	<favourite name="X-Men vs. Street Fighter" thumb="http://thegamesdb.net/banners/boxart/original/front/628-1.jpg">ActivateWindow(10025,&quot;plugin://plugin.program.iarl/Emulator/PS1_ZachMorris/Game/X-Men+vs.+Street+Fighter+%28USA%29?sf_options=desc%3D%26_options_sf&quot;,return)</favourite>
	<favourite name="X-Men vs. Street Fighter" thumb="http://i.imgur.com/tHTUVEg.jpg">ActivateWindow(10025,&quot;plugin://plugin.program.iarl/Emulator/SNES_ZachMorris/Game/X-Men+vs.+Street+Fighter+%28World%29+%28Unl%29+%28Pirate%29?sf_options=desc%3D%26_options_sf&quot;,return)</favourite>
    <favourite name="2.  Street Fighter II - Champion Edition" thumb="http://thegamesdb.net/banners/boxart/original/front/18873-1.jpg">ActivateWindow(10025,&quot;plugin://plugin.program.iarl/Emulator/TG16_Bestof_ZachMorris/Game/2.++Street+Fighter+II+-+Champion+Edition?sf_options=desc%3D%26_options_sf&quot;,return)</favourite>
	<favourite name="23.  Street Fighter Alpha 3" thumb="http://thegamesdb.net/banners/boxart/original/front/8362-2.jpg">ActivateWindow(10025,&quot;plugin://plugin.program.iarl/Emulator/PS1_Bestof_ZachMorris/Game/23.++Street+Fighter+Alpha+3?sf_options=desc%3D%26_options_sf&quot;,return)</favourite>
	<favourite name="3.  Super Street Fighter II" thumb="http://static.giantbomb.com/uploads/scale_large/12/121177/1748664-super_street_fighter_ii__flyer_.jpg">ActivateWindow(10025,&quot;plugin://plugin.program.iarl/Emulator/Genesis_Bestof_ZachMorris/Game/3.++Super+Street+Fighter+II?sf_options=desc%3D%26_options_sf&quot;,return)</favourite>
	<favourite name="34.  Street Fighter Alpha 2" thumb="http://static.giantbomb.com/uploads/scale_large/8/87790/1791303-box_sfa2.png">ActivateWindow(10025,&quot;plugin://plugin.program.iarl/Emulator/SNES_Bestof_ZachMorris/Game/34.++Street+Fighter+Alpha+2?sf_options=desc%3D%26_options_sf&quot;,return)</favourite>
	<favourite name="45.  Street Fighter Alpha 3" thumb="http://static.giantbomb.com/uploads/scale_large/8/87790/1791304-box_sfa3.png">ActivateWindow(10025,&quot;plugin://plugin.program.iarl/Emulator/GBA_Bestof_ZachMorris/Game/45.++Street+Fighter+Alpha+3?sf_options=desc%3D%26_options_sf&quot;,return)</favourite>
	<favourite name="5.  Street Fighter II Turbo" thumb="http://thegamesdb.net/banners/boxart/original/front/2538-1.jpg">ActivateWindow(10025,&quot;plugin://plugin.program.iarl/Emulator/SNES_Bestof_ZachMorris/Game/5.++Street+Fighter+II+Turbo?sf_options=desc%3D%26_options_sf&quot;,return)</favourite>
	<favourite name="Fighting:  1.  Street Fighter II: The World Warrior" thumb="http://thegamesdb.net/banners/boxart/original/front/5548-1.jpg">ActivateWindow(10025,&quot;plugin://plugin.program.iarl/Emulator/MAME_Bestof_ZachMorris/Game/Fighting%3A++1.++Street+Fighter+II%3A+The+World+Warrior?sf_options=desc%3D%26_options_sf&quot;,return)</favourite>
	<favourite name="Fighting:  6.  Street Fighter Alpha 3" thumb="http://thegamesdb.net/banners/boxart/original/front/7877-1.jpg">ActivateWindow(10025,&quot;plugin://plugin.program.iarl/Emulator/MAME_Bestof_ZachMorris/Game/Fighting%3A++6.++Street+Fighter+Alpha+3?sf_options=desc%3D%26_options_sf&quot;,return)</favourite>
	<favourite name="Fighting:  8.  X-Men Vs. Street Fighter" thumb="http://thegamesdb.net/banners/boxart/original/front/7867-1.jpg">ActivateWindow(10025,&quot;plugin://plugin.program.iarl/Emulator/MAME_Bestof_ZachMorris/Game/Fighting%3A++8.++X-Men+Vs.+Street+Fighter?sf_options=desc%3D%26_options_sf&quot;,return)</favourite>
    <favourite name="Capcom Fighting Evolution" thumb="http://thegamesdb.net/banners/boxart/original/front/15576-1.jpg">ActivateWindow(10025,&quot;plugin://plugin.program.iarl/Emulator/Sony_Playstation_2_N3RDFLIX/Game/Capcom+Fighting+Evolution+%28USA%29?sf_options=desc%3D%26_options_sf&quot;,return)</favourite>
	<favourite name="Capcom Vs. SNK Millennium Fight 2000" thumb="http://thegamesdb.net/banners/boxart/original/front/28663-1.jpg">ActivateWindow(10025,&quot;plugin://plugin.program.iarl/Emulator/MAME_ZachMorris/Game/Capcom+Vs.+SNK+Millennium+Fight+2000+%28Rev+C%29?sf_options=desc%3D%26_options_sf&quot;,return)</favourite>
	<favourite name="Capcom vs. SNK" thumb="http://thegamesdb.net/banners/boxart/original/front/3657-2.jpg">ActivateWindow(10025,&quot;plugin://plugin.program.iarl/Emulator/Sega_Dreamcast_ZachMorris/Game/Capcom+vs.+SNK+%28USA%29?sf_options=desc%3D%26_options_sf&quot;,return)</favourite>
	<favourite name="Capcom vs. SNK - Millennium Fight 2000" thumb="http://thegamesdb.net/banners/boxart/original/front/14994-1.jpg">ActivateWindow(10025,&quot;plugin://plugin.program.iarl/Emulator/Sega_Dreamcast_ZachMorris/Game/Capcom+vs.+SNK+-+Millennium+Fight+2000+%28Japan%29?sf_options=desc%3D%26_options_sf&quot;,return)</favourite>
	<favourite name="Capcom vs. SNK 2 EO - Millionaire Fighting 2001" thumb="http://thegamesdb.net/banners/boxart/original/front/5648-1.jpg">ActivateWindow(10025,&quot;plugin://plugin.program.iarl/Emulator/Nintendo_Gamecube_N3RDFLIX/Game/Capcom+vs.+SNK+2+EO+-+Millionaire+Fighting+2001+%28Europe%29?sf_options=desc%3D%26_options_sf&quot;,return)</favourite>
	<favourite name="Capcom vs. SNK Pro" thumb="http://thegamesdb.net/banners/boxart/original/front/9351-2.jpg">ActivateWindow(10025,&quot;plugin://plugin.program.iarl/Emulator/PS1_ZachMorris/Game/Capcom+vs.+SNK+Pro+%28USA%29?sf_options=desc%3D%26_options_sf&quot;,return)</favourite>
	<favourite name="Fighting:  7.  Marvel Vs. Capcom: Clash of Super Heroes" thumb="http://thegamesdb.net/banners/boxart/original/front/7876-1.jpg">ActivateWindow(10025,&quot;plugin://plugin.program.iarl/Emulator/MAME_Bestof_ZachMorris/Game/Fighting%3A++7.++Marvel+Vs.+Capcom%3A+Clash+of+Super+Heroes?sf_options=desc%3D%26_options_sf&quot;,return)</favourite>
	<favourite name="Marvel Vs. Capcom: Clash of Super Heroes" thumb="http://thegamesdb.net/banners/boxart/original/front/7876-1.jpg">ActivateWindow(10025,&quot;plugin://plugin.program.iarl/Emulator/MAME_2014_ZachMorris/Game/Marvel+Vs.+Capcom%3A+Clash+of+Super+Heroes+%28Euro+980123%29?sf_options=desc%3D%26_options_sf&quot;,return)</favourite>
	<favourite name="Marvel Vs. Capcom: Clash of Super Heroes" thumb="http://thegamesdb.net/banners/boxart/original/front/7876-1.jpg">ActivateWindow(10025,&quot;plugin://plugin.program.iarl/Emulator/MAME_AKNF_Full/Game/Marvel+Vs.+Capcom%3A+Clash+of+Super+Heroes+%28Euro+980123%29?sf_options=desc%3D%26_options_sf&quot;,return)</favourite>
	<favourite name="Marvel Vs. Capcom: Clash of Super Heroes" thumb="http://thegamesdb.net/banners/boxart/original/front/7876-1.jpg">ActivateWindow(10025,&quot;plugin://plugin.program.iarl/Emulator/MAME_ZachMorris/Game/Marvel+Vs.+Capcom%3A+Clash+of+Super+Heroes+%28Euro+980123%29?sf_options=desc%3D%26_options_sf&quot;,return)</favourite>
	<favourite name="Marvel Vs. Capcom: Clash of Super Heroes" thumb="http://images.launchbox-app.com/10ff1815-5a50-4314-8d96-04c2998c4153.png">ActivateWindow(10025,&quot;plugin://plugin.program.iarl/Emulator/FBA_ZachMorris/Game/Marvel+Vs.+Capcom%3A+Clash+of+Super+Heroes+%28Euro+980123%29?sf_options=desc%3D%26_options_sf&quot;,return)</favourite>
	<favourite name="Marvel Vs. Capcom 2 New Age of Heroes" thumb="http://thegamesdb.net/banners/boxart/original/front/7871-1.jpg">ActivateWindow(10025,&quot;plugin://plugin.program.iarl/Emulator/MAME_ZachMorris/Game/Marvel+Vs.+Capcom+2+New+Age+of+Heroes+%28Export%2C+Korea%2C+Rev+A%29?sf_options=desc%3D%26_options_sf&quot;,return)</favourite>
	<favourite name="Marvel vs. Capcom - Clash of Super Heroes" thumb="http://thegamesdb.net/banners/boxart/original/front/9352-1.jpg">ActivateWindow(10025,&quot;plugin://plugin.program.iarl/Emulator/PS1_ZachMorris/Game/Marvel+vs.+Capcom+-+Clash+of+Super+Heroes+%28USA%29?sf_options=desc%3D%26_options_sf&quot;,return)</favourite>
	<favourite name="Marvel vs. Capcom - Clash of Super Heroes" thumb="http://thegamesdb.net/banners/boxart/original/front/195-1.jpg">ActivateWindow(10025,&quot;plugin://plugin.program.iarl/Emulator/Sega_Dreamcast_ZachMorris/Game/Marvel+vs.+Capcom+-+Clash+of+Super+Heroes+%28USA%29?sf_options=desc%3D%26_options_sf&quot;,return)</favourite>
	<favourite name="Marvel vs. Capcom 2 - New Age of Heroes" thumb="http://thegamesdb.net/banners/boxart/original/front/4821-1.jpg">ActivateWindow(10025,&quot;plugin://plugin.program.iarl/Emulator/Sony_Playstation_2_N3RDFLIX/Game/Marvel+vs.+Capcom+2+-+New+Age+of+Heroes+%28USA%29?sf_options=desc%3D%26_options_sf&quot;,return)</favourite>
	<favourite name="SNK vs. Capcom - Card Fighters' Clash - Capcom Version" thumb="http://static.giantbomb.com/uploads/scale_large/0/28/554104-163266_front_cover_super.jpg">ActivateWindow(10025,&quot;plugin://plugin.program.iarl/Emulator/NGPC_ZachMorris/Game/SNK+vs.+Capcom+-+Card+Fighters%27+Clash+-+Capcom+Version+%28USA%2C+Europe%29?sf_options=desc%3D%26_options_sf&quot;,return)</favourite>
	<favourite name="SNK vs. Capcom - Card Fighters' Clash - SNK Version" thumb="http://img.gamefaqs.net/box/2/7/7/7277_front.jpg">ActivateWindow(10025,&quot;plugin://plugin.program.iarl/Emulator/NGPC_ZachMorris/Game/SNK+vs.+Capcom+-+Card+Fighters%27+Clash+-+SNK+Version+%28USA%2C+Europe%29?sf_options=desc%3D%26_options_sf&quot;,return)</favourite>
	<favourite name="SNK vs. Capcom - Card Fighters 2 - Expand Edition" thumb="http://static.giantbomb.com/uploads/scale_large/0/2840/522642-916658_21360_front.jpg">ActivateWindow(10025,&quot;plugin://plugin.program.iarl/Emulator/NGPC_ZachMorris/Game/SNK+vs.+Capcom+-+Card+Fighters+2+-+Expand+Edition+%28Japan%29?sf_options=desc%3D%26_options_sf&quot;,return)</favourite>
	<favourite name="SNK vs. Capcom - Card Fighters DS" thumb="http://thegamesdb.net/banners/boxart/original/front/27195-1.jpg">ActivateWindow(10025,&quot;plugin://plugin.program.iarl/Emulator/NINTENDO_DS_N3RDFLIX/Game/SNK+vs.+Capcom+-+Card+Fighters+DS+%28USA%29?sf_options=desc%3D%26_options_sf&quot;,return)</favourite>
	<favourite name="SNK vs. Capcom - Gekitotsu Card Fighters - Capcom Supporter Version" thumb="http://img.gamefaqs.net/box/1/3/9/61139_front.jpg">ActivateWindow(10025,&quot;plugin://plugin.program.iarl/Emulator/NGPC_ZachMorris/Game/SNK+vs.+Capcom+-+Gekitotsu+Card+Fighters+-+Capcom+Supporter+Version+%28Japan%29?sf_options=desc%3D%26_options_sf&quot;,return)</favourite>
	<favourite name="SNK vs. Capcom - Gekitotsu Card Fighters - SNK Supporter Version" thumb="http://img.gamefaqs.net/box/2/7/7/7277_front.jpg">ActivateWindow(10025,&quot;plugin://plugin.program.iarl/Emulator/NGPC_ZachMorris/Game/SNK+vs.+Capcom+-+Gekitotsu+Card+Fighters+-+SNK+Supporter+Version+%28Japan%29?sf_options=desc%3D%26_options_sf&quot;,return)</favourite>
	<favourite name="SNK vs. Capcom - SVC Chaos" thumb="http://thegamesdb.net/banners/boxart/original/front/28342-1.jpg">ActivateWindow(10025,&quot;plugin://plugin.program.iarl/Emulator/Sony_Playstation_2_N3RDFLIX/Game/SNK+vs.+Capcom+-+SVC+Chaos+%28Europe%29?sf_options=desc%3D%26_options_sf&quot;,return)</favourite>
	<favourite name="SNK vs. Capcom - SVC Chaos" thumb="http://archive.org/download/Mame172arcdcmplt/cabinets.zip/svcpcb.png">ActivateWindow(10025,&quot;plugin://plugin.program.iarl/Emulator/MAME_ZachMorris/Game/SNK+vs.+Capcom+-+SVC+Chaos+%28JAMMA+PCB%2C+set+1%29?sf_options=desc%3D%26_options_sf&quot;,return)</favourite>
	<favourite name="SNK vs. Capcom - SVC Chaos" thumb="http://images.launchbox-app.com/svc.png">ActivateWindow(10025,&quot;plugin://plugin.program.iarl/Emulator/FBA_ZachMorris/Game/SNK+vs.+Capcom+-+SVC+Chaos+%28JAMMA+PCB%2C+set+1%29?sf_options=desc%3D%26_options_sf&quot;,return)</favourite>
	<favourite name="SNK vs. Capcom - SVC Chaos" thumb="http://thegamesdb.net/banners/boxart/original/front/26420-1.jpg">ActivateWindow(10025,&quot;plugin://plugin.program.iarl/Emulator/MAME_AKNF_Full/Game/SNK+vs.+Capcom+-+SVC+Chaos+%28NGM-2690+%7E+NGH-2690%29?sf_options=desc%3D%26_options_sf&quot;,return)</favourite>
	<favourite name="SNK vs. Capcom - SVC Chaos" thumb="http://thegamesdb.net/banners/boxart/original/front/26420-1.jpg">ActivateWindow(10025,&quot;plugin://plugin.program.iarl/Emulator/MAME_ZachMorris/Game/SNK+vs.+Capcom+-+SVC+Chaos+%28NGM-2690+%7E+NGH-2690%29?sf_options=desc%3D%26_options_sf&quot;,return)</favourite>
	<favourite name="SNK vs. Capcom - SVC Chaos" thumb="http://images.launchbox-app.com/svc.png">ActivateWindow(10025,&quot;plugin://plugin.program.iarl/Emulator/FBA_ZachMorris/Game/SNK+vs.+Capcom+-+SVC+Chaos+%28NGM-2690+%7E+NGH-2690%29?sf_options=desc%3D%26_options_sf&quot;,return)</favourite>
	<favourite name="SNK vs. Capcom - The Match of the Millennium" thumb="http://thegamesdb.net/banners/boxart/original/front/18477-1.jpg">ActivateWindow(10025,&quot;plugin://plugin.program.iarl/Emulator/NGPC_ZachMorris/Game/SNK+vs.+Capcom+-+The+Match+of+the+Millennium+%28World%29+%28En%2CJa%29?sf_options=desc%3D%26_options_sf&quot;,return)</favourite>
	<favourite name="Tatsunoko Vs Capcom : Cross Generation of Heroes" thumb="http://archive.org/download/Mame172arcdcmplt/snap.zip/tvcapcom.png">ActivateWindow(10025,&quot;plugin://plugin.program.iarl/Emulator/MAME_ZachMorris/Game/Tatsunoko+Vs+Capcom+%3A+Cross+Generation+of+Heroes?sf_options=desc%3D%26_options_sf&quot;,return)</favourite>
    <favourite name="Capcom Fighting Evolution" thumb="http://thegamesdb.net/banners/boxart/original/front/15576-1.jpg">ActivateWindow(10025,&quot;plugin://plugin.program.iarl/Emulator/Sony_Playstation_2_N3RDFLIX/Game/Capcom+Fighting+Evolution+%28USA%29?sf_options=desc%3D%26_options_sf&quot;,return)</favourite>
	<favourite name="Capcom vs. SNK 2 - Mark of the Millenium" thumb="http://thegamesdb.net/banners/boxart/original/front/4932-1.jpg">ActivateWindow(10025,&quot;plugin://plugin.program.iarl/Emulator/Sony_Playstation_2_N3RDFLIX/Game/Capcom+vs.+SNK+2+-+Mark+of+the+Millenium?sf_options=desc%3D%26_options_sf&quot;,return)</favourite>
	<favourite name="Capcom vs. SNK 2 EO - Millionaire Fighting 2001" thumb="http://thegamesdb.net/banners/boxart/original/front/5648-1.jpg">ActivateWindow(10025,&quot;plugin://plugin.program.iarl/Emulator/Nintendo_Gamecube_N3RDFLIX/Game/Capcom+vs.+SNK+2+EO+-+Millionaire+Fighting+2001+%28Europe%29?sf_options=desc%3D%26_options_sf&quot;,return)</favourite>
	<favourite name="Hyper Street Fighter 2 - The Anniversary Edition" thumb="http://thegamesdb.net/banners/boxart/original/front/4895-1.jpg">ActivateWindow(10025,&quot;plugin://plugin.program.iarl/Emulator/Sony_Playstation_2_N3RDFLIX/Game/Hyper+Street+Fighter+2+-+The+Anniversary+Edition+%28Europe%29?sf_options=desc%3D%26_options_sf&quot;,return)</favourite>
	<favourite name="Marvel vs. Capcom 2 - New Age of Heroes" thumb="http://thegamesdb.net/banners/boxart/original/front/4821-1.jpg">ActivateWindow(10025,&quot;plugin://plugin.program.iarl/Emulator/Sony_Playstation_2_N3RDFLIX/Game/Marvel+vs.+Capcom+2+-+New+Age+of+Heroes+%28USA%29?sf_options=desc%3D%26_options_sf&quot;,return)</favourite>
	<favourite name="SNK vs. Capcom - Card Fighters DS" thumb="http://thegamesdb.net/banners/boxart/original/front/27195-1.jpg">ActivateWindow(10025,&quot;plugin://plugin.program.iarl/Emulator/NINTENDO_DS_N3RDFLIX/Game/SNK+vs.+Capcom+-+Card+Fighters+DS+%28USA%29?sf_options=desc%3D%26_options_sf&quot;,return)</favourite>
	<favourite name="SNK vs. Capcom - SVC Chaos" thumb="http://thegamesdb.net/banners/boxart/original/front/28342-1.jpg">ActivateWindow(10025,&quot;plugin://plugin.program.iarl/Emulator/Sony_Playstation_2_N3RDFLIX/Game/SNK+vs.+Capcom+-+SVC+Chaos+%28Europe%29?sf_options=desc%3D%26_options_sf&quot;,return)</favourite>
	<favourite name="Street Fighter Alpha 3 MAX" thumb="http://thegamesdb.net/banners/boxart/original/front/7119-1.jpg">ActivateWindow(10025,&quot;plugin://plugin.program.iarl/Emulator/PSP_N3RDFLIX/Game/Street+Fighter+Alpha+3+MAX+%28USA%29?sf_options=desc%3D%26_options_sf&quot;,return)</favourite>
	<favourite name="Street Fighter Alpha Anthology" thumb="http://thegamesdb.net/banners/boxart/original/front/5361-1.jpg">ActivateWindow(10025,&quot;plugin://plugin.program.iarl/Emulator/Sony_Playstation_2_N3RDFLIX/Game/Street+Fighter+Alpha+Anthology+%28USA%29?sf_options=desc%3D%26_options_sf&quot;,return)</favourite>
	<favourite name="Street Fighter Anniversary Collection" thumb="http://thegamesdb.net/banners/boxart/original/front/4904-1.jpg">ActivateWindow(10025,&quot;plugin://plugin.program.iarl/Emulator/Sony_Playstation_2_N3RDFLIX/Game/Street+Fighter+Anniversary+Collection+%28USA%29?sf_options=desc%3D%26_options_sf&quot;,return)</favourite>
	<favourite name="Street Fighter EX3" thumb="http://thegamesdb.net/banners/boxart/original/front/17304-1.png">ActivateWindow(10025,&quot;plugin://plugin.program.iarl/Emulator/Sony_Playstation_2_N3RDFLIX/Game/Street+Fighter+EX3+%28USA%29?sf_options=desc%3D%26_options_sf&quot;,return)</favourite>
</favourites>