<favourites>
    <favourite name="Legend of Spyro, The - Dawn of the Dragon" thumb="http://thegamesdb.net/banners/boxart/original/front/23323-1.jpg">ActivateWindow(10025,&quot;plugin://plugin.program.iarl/Emulator/Sony_Playstation_2_N3RDFLIX/Game/Legend+of+Spyro%2C+The+-+Dawn+of+the+Dragon+%28Europe%29?sf_options=desc%3D%26_options_sf&quot;,return)</favourite>
	<favourite name="Legend of Spyro, The - A New Beginning" thumb="http://thegamesdb.net/banners/boxart/original/front/17585-1.jpg">ActivateWindow(10025,&quot;plugin://plugin.program.iarl/Emulator/Sony_Playstation_2_N3RDFLIX/Game/Legend+of+Spyro%2C+The+-+A+New+Beginning+%28USA%29?sf_options=desc%3D%26_options_sf&quot;,return)</favourite>
	<favourite name="Legend of Spyro, The - A New Beginning" thumb="http://static.giantbomb.com/uploads/scale_large/8/87790/2136554-box_tlosanb.png">ActivateWindow(10025,&quot;plugin://plugin.program.iarl/Emulator/GBA_ZachMorris/Game/Legend+of+Spyro%2C+The+-+A+New+Beginning+%28USA%29?sf_options=desc%3D%26_options_sf&quot;,return)</favourite>
	<favourite name="Legend of Spyro, The - The Eternal Night" thumb="http://thegamesdb.net/banners/boxart/original/front/8542-1.jpg">ActivateWindow(10025,&quot;plugin://plugin.program.iarl/Emulator/Sony_Playstation_2_N3RDFLIX/Game/Legend+of+Spyro%2C+The+-+The+Eternal+Night+%28USA%29?sf_options=desc%3D%26_options_sf&quot;,return)</favourite>
	<favourite name="Legend of Spyro, The - The Eternal Night" thumb="http://thegamesdb.net/banners/boxart/original/front/22308-1.jpg">ActivateWindow(10025,&quot;plugin://plugin.program.iarl/Emulator/GBA_ZachMorris/Game/Legend+of+Spyro%2C+The+-+The+Eternal+Night+%28USA%29+%28En%2CFr%29?sf_options=desc%3D%26_options_sf&quot;,return)</favourite>
	<favourite name="Legend of Spyro - A New Beginning, The" thumb="http://thegamesdb.net/banners/boxart/original/front/43273-1.jpg">ActivateWindow(10025,&quot;plugin://plugin.program.iarl/Emulator/NINTENDO_DS_N3RDFLIX/Game/Legend+of+Spyro+-+A+New+Beginning%2C+The+%28USA%29?sf_options=desc%3D%26_options_sf&quot;,return)</favourite>
	<favourite name="Legend of Spyro - Dawn of the Dragon, The" thumb="http://thegamesdb.net/banners/boxart/original/front/41591-1.jpg">ActivateWindow(10025,&quot;plugin://plugin.program.iarl/Emulator/NINTENDO_DS_N3RDFLIX/Game/Legend+of+Spyro+-+Dawn+of+the+Dragon%2C+The+%28USA%29?sf_options=desc%3D%26_options_sf&quot;,return)</favourite>
	<favourite name="Legend of Spyro - The Eternal Night, The" thumb="http://thegamesdb.net/banners/boxart/original/front/18089-1.jpg">ActivateWindow(10025,&quot;plugin://plugin.program.iarl/Emulator/NINTENDO_DS_N3RDFLIX/Game/Legend+of+Spyro+-+The+Eternal+Night%2C+The+%28USA%29?sf_options=desc%3D%26_options_sf&quot;,return)</favourite>
	<favourite name="Spyro - A Hero's Tail" thumb="http://thegamesdb.net/banners/boxart/original/front/9822-1.jpg">ActivateWindow(10025,&quot;plugin://plugin.program.iarl/Emulator/Sony_Playstation_2_N3RDFLIX/Game/Spyro+-+A+Hero%27s+Tail+%28USA%29?sf_options=desc%3D%26_options_sf&quot;,return)</favourite>
	<favourite name="Spyro - Attack of the Rhynocs" thumb="http://thegamesdb.net/banners/boxart/original/front/3707-1.jpg">ActivateWindow(10025,&quot;plugin://plugin.program.iarl/Emulator/GBA_ZachMorris/Game/Spyro+-+Attack+of+the+Rhynocs+%28USA%29?sf_options=desc%3D%26_options_sf&quot;,return)</favourite>
	<favourite name="Spyro - Enter the Dragonfly" thumb="http://thegamesdb.net/banners/boxart/original/front/9823-1.jpg">ActivateWindow(10025,&quot;plugin://plugin.program.iarl/Emulator/Sony_Playstation_2_N3RDFLIX/Game/Spyro+-+Enter+the+Dragonfly+%28USA%29?sf_options=desc%3D%26_options_sf&quot;,return)</favourite>
	<favourite name="Spyro - Season of Ice" thumb="http://thegamesdb.net/banners/boxart/original/front/3709-1.jpg">ActivateWindow(10025,&quot;plugin://plugin.program.iarl/Emulator/GBA_ZachMorris/Game/Spyro+-+Season+of+Ice+%28USA%29?sf_options=desc%3D%26_options_sf&quot;,return)</favourite>
	<favourite name="Spyro - Shadow Legacy" thumb="http://thegamesdb.net/banners/boxart/original/front/29150-1.jpg">ActivateWindow(10025,&quot;plugin://plugin.program.iarl/Emulator/NINTENDO_DS_N3RDFLIX/Game/Spyro+-+Shadow+Legacy+%28USA%29?sf_options=desc%3D%26_options_sf&quot;,return)</favourite>
	<favourite name="Spyro - Year of the Dragon" thumb="http://thegamesdb.net/banners/boxart/original/front/4986-1.jpg">ActivateWindow(10025,&quot;plugin://plugin.program.iarl/Emulator/PS1_ZachMorris/Game/Spyro+-+Year+of+the+Dragon+%28USA%29+%28v1.1%29?sf_options=desc%3D%26_options_sf&quot;,return)</favourite>
	<favourite name="Spyro 2 - Ripto's Rage!" thumb="http://thegamesdb.net/banners/boxart/original/front/9337-1.jpg">ActivateWindow(10025,&quot;plugin://plugin.program.iarl/Emulator/PS1_ZachMorris/Game/Spyro+2+-+Ripto%27s+Rage%21+%28USA%29?sf_options=desc%3D%26_options_sf&quot;,return)</favourite>
	<favourite name="Spyro 2 - Season of Flame" thumb="http://thegamesdb.net/banners/boxart/original/front/3708-1.jpg">ActivateWindow(10025,&quot;plugin://plugin.program.iarl/Emulator/GBA_ZachMorris/Game/Spyro+2+-+Season+of+Flame+%28USA%29?sf_options=desc%3D%26_options_sf&quot;,return)</favourite>
	<favourite name="Spyro A Heros Tail" thumb="http://thegamesdb.net/banners/boxart/original/front/11468-1.jpg">ActivateWindow(10025,&quot;plugin://plugin.program.iarl/Emulator/Nintendo_Gamecube_N3RDFLIX/Game/Spyro+A+Heros+Tail+%28U%29%28OneUp%29?sf_options=desc%3D%26_options_sf&quot;,return)</favourite>
	<favourite name="Spyro Advance" thumb="http://thegamesdb.net/banners/boxart/original/front/3709-1.jpg">ActivateWindow(10025,&quot;plugin://plugin.program.iarl/Emulator/GBA_ZachMorris/Game/Spyro+Advance+%28Japan%29?sf_options=desc%3D%26_options_sf&quot;,return)</favourite>
	<favourite name="Spyro Advance - Wakuwaku Tomodachi Daisakusen!" thumb="http://thegamesdb.net/banners/boxart/original/front/22309-1.jpg">ActivateWindow(10025,&quot;plugin://plugin.program.iarl/Emulator/GBA_ZachMorris/Game/Spyro+Advance+-+Wakuwaku+Tomodachi+Daisakusen%21+%28Japan%29?sf_options=desc%3D%26_options_sf&quot;,return)</favourite>
	<favourite name="Spyro Adventure" thumb="http://thegamesdb.net/banners/boxart/original/front/3707-1.jpg">ActivateWindow(10025,&quot;plugin://plugin.program.iarl/Emulator/GBA_ZachMorris/Game/Spyro+Adventure+%28Europe%29+%28En%2CFr%2CDe%2CEs%2CIt%2CNl%29?sf_options=desc%3D%26_options_sf&quot;,return)</favourite>
	<favourite name="Spyro Enter The Dragonfly" thumb="http://thegamesdb.net/banners/boxart/original/front/18716-1.jpg">ActivateWindow(10025,&quot;plugin://plugin.program.iarl/Emulator/Nintendo_Gamecube_N3RDFLIX/Game/Spyro+Enter+The+Dragonfly?sf_options=desc%3D%26_options_sf&quot;,return)</favourite>
	<favourite name="Spyro Fusion" thumb="http://thegamesdb.net/banners/boxart/original/front/22309-1.jpg">ActivateWindow(10025,&quot;plugin://plugin.program.iarl/Emulator/GBA_ZachMorris/Game/Spyro+Fusion+%28Europe%29+%28En%2CFr%2CDe%2CEs%2CIt%29?sf_options=desc%3D%26_options_sf&quot;,return)</favourite>
	<favourite name="Spyro Orange - The Cortex Conspiracy" thumb="http://static.giantbomb.com/uploads/scale_large/8/87790/1803672-box_spyrootcc.png">ActivateWindow(10025,&quot;plugin://plugin.program.iarl/Emulator/GBA_ZachMorris/Game/Spyro+Orange+-+The+Cortex+Conspiracy+%28USA%29?sf_options=desc%3D%26_options_sf&quot;,return)</favourite>
	<favourite name="Spyro Superpack" thumb="http://img.gamefaqs.net/box/6/5/9/71659_front.jpg">ActivateWindow(10025,&quot;plugin://plugin.program.iarl/Emulator/GBA_ZachMorris/Game/Spyro+Superpack+%28USA%29?sf_options=desc%3D%26_options_sf&quot;,return)</favourite>
	<favourite name="Spyro the Dragon" thumb="http://thegamesdb.net/banners/boxart/original/front/4984-2.jpg">ActivateWindow(10025,&quot;plugin://plugin.program.iarl/Emulator/PS1_ZachMorris/Game/Spyro+the+Dragon+%28USA%29?sf_options=desc%3D%26_options_sf&quot;,return)</favourite>
    <favourite name="29.  Spyro 2 - Ripto's Rage!" thumb="http://thegamesdb.net/banners/boxart/original/front/9337-1.jpg">ActivateWindow(10025,&quot;plugin://plugin.program.iarl/Emulator/PS1_Bestof_ZachMorris/Game/29.++Spyro+2+-+Ripto%27s+Rage%21?sf_options=desc%3D%26_options_sf&quot;,return)</favourite>
	<favourite name="Crash & Spyro Super Pack Volume 1" thumb="">ActivateWindow(10025,&quot;plugin://plugin.program.iarl/Emulator/GBA_ZachMorris/Game/Crash+%26+Spyro+Super+Pack+Volume+1+%28Europe%29+%28En%2CFr%2CDe%2CEs%2CIt%2CNl%29?sf_options=desc%3D%26_options_sf&quot;,return)</favourite>
	<favourite name="Crash & Spyro Super Pack Volume 2" thumb="">ActivateWindow(10025,&quot;plugin://plugin.program.iarl/Emulator/GBA_ZachMorris/Game/Crash+%26+Spyro+Super+Pack+Volume+2+%28Europe%29+%28En%2CFr%2CDe%2CEs%2CIt%2CNl%29?sf_options=desc%3D%26_options_sf&quot;,return)</favourite>
	<favourite name="Crash & Spyro Super Pack Volume 3" thumb="">ActivateWindow(10025,&quot;plugin://plugin.program.iarl/Emulator/GBA_ZachMorris/Game/Crash+%26+Spyro+Super+Pack+Volume+3+%28Europe%29+%28En%2CFr%2CDe%2CEs%2CIt%29?sf_options=desc%3D%26_options_sf&quot;,return)</favourite>
	<favourite name="Crash & Spyro Superpack - Spyro - Season of Ice + Crash Bandicoot - The Huge Adventure" thumb="http://static.giantbomb.com/uploads/scale_large/12/126726/1789016-930112_70385_front.jpg">ActivateWindow(10025,&quot;plugin://plugin.program.iarl/Emulator/GBA_ZachMorris/Game/Crash+%26+Spyro+Superpack+-+Spyro+-+Season+of+Ice+%2B+Crash+Bandicoot+-+The+Huge+Adventure+%28USA%29?sf_options=desc%3D%26_options_sf&quot;,return)</favourite>
	<favourite name="Crash & Spyro Superpack - Spyro Orange - The Cortex Conspiracy + Crash Bandicoot Purple - Ripto's Rampage" thumb="http://static.giantbomb.com/uploads/scale_large/12/126726/1789016-930112_70385_front.jpg">ActivateWindow(10025,&quot;plugin://plugin.program.iarl/Emulator/GBA_ZachMorris/Game/Crash+%26+Spyro+Superpack+-+Spyro+Orange+-+The+Cortex+Conspiracy+%2B+Crash+Bandicoot+Purple+-+Ripto%27s+Rampage+%28USA%29?sf_options=desc%3D%26_options_sf&quot;,return)</favourite>
	<favourite name="The Legend of Spyro A New Beginning" thumb="http://thegamesdb.net/banners/boxart/original/front/7057-1.jpg">ActivateWindow(10025,&quot;plugin://plugin.program.iarl/Emulator/Nintendo_Gamecube_N3RDFLIX/Game/The+Legend+of+Spyro+A+New+Beginning?sf_options=desc%3D%26_options_sf&quot;,return)</favourite>
</favourites>