<favourites>
	<favourite name="TMNT - Teenage Mutant Ninja Turtles" thumb="http://static.giantbomb.com/uploads/scale_large/8/87790/1797241-box_tmnt.png">ActivateWindow(10025,&quot;plugin://plugin.program.iarl/Emulator/GBA_ZachMorris/Game/TMNT+-+Teenage+Mutant+Ninja+Turtles+%28Europe%29+%28En%2CFr%2CDe%2CEs%2CIt%29?sf_options=fanart%3Dhttp%3A%2F%2Fthegamesdb.net%2Fbanners%2Ffanart%2Foriginal%2F4032-1.jpg%26desc%3DThe+new+NT+video+game+uses+the+same+dark+and+dangerous+environments+and+adventurous+themes+featured+in+the+new+NT+CGI+film+being+developed+by+Imagi+Animation+Studios+and+Mirage+Licensing.+The+NT+movie+takes+place+in+a+New+York+City+plagued+by+secretive+villains+and+strange%2C+otherworldly+creatures.+Faced+with+these+perils%2C+the+Turtles+will+experience+their+most+trying+time+as+heroes+and+as+a+family%2C+as+Raphael%2C+Donatello+and+Michelangelo+lose+their+focus+and+struggle+to+maintain+their+unity+and+ninja+discipline.%26_options_sf&quot;,return)</favourite>
	<favourite name="27.  Teenage Mutant Ninja Turtles IV - Turtles in Time" thumb="http://i.imgur.com/MhZVEiN.jpg">ActivateWindow(10025,&quot;plugin://plugin.program.iarl/Emulator/SNES_Bestof_ZachMorris/Game/27.++Teenage+Mutant+Ninja+Turtles+IV+-+Turtles+in+Time?sf_options=desc%3D%26_options_sf&quot;,return)</favourite>
	<favourite name="35.  Teenage Mutant Ninja Turtles II - The Arcade Game" thumb="http://i.imgur.com/ccj2p4m.jpg">ActivateWindow(10025,&quot;plugin://plugin.program.iarl/Emulator/NES_Bestof_ZachMorris/Game/35.++Teenage+Mutant+Ninja+Turtles+II+-+The+Arcade+Game?sf_options=desc%3D%26_options_sf&quot;,return)</favourite>
	<favourite name="Electric Crayon Deluxe - Teenage Mutant Ninja Turtles - World Tour" thumb="http://www.mobygames.com/images/covers/l/175482-electric-crayon-deluxe-teenage-mutant-ninja-turtles-world-tour-dos-media.jpg">ActivateWindow(10025,&quot;plugin://plugin.program.iarl/Emulator/IA_MSDOS_ZachMorris/Game/Electric+Crayon+Deluxe+-+Teenage+Mutant+Ninja+Turtles+-+World+Tour?sf_options=desc%3D%26_options_sf&quot;,return)</favourite>
	<favourite name="Side Scrolling:  1.  Teenage Mutant Ninja Turtles" thumb="http://thegamesdb.net/banners/boxart/original/front/8670-1.jpg">ActivateWindow(10025,&quot;plugin://plugin.program.iarl/Emulator/MAME_Bestof_ZachMorris/Game/Side+Scrolling%3A++1.++Teenage+Mutant+Ninja+Turtles?sf_options=desc%3D%26_options_sf&quot;,return)</favourite>
	<favourite name="TMNT" thumb="http://thegamesdb.net/banners/boxart/original/front/7061-1.jpg">ActivateWindow(10025,&quot;plugin://plugin.program.iarl/Emulator/Nintendo_Gamecube_N3RDFLIX/Game/TMNT+%28Europe%29?sf_options=desc%3D%26_options_sf&quot;,return)</favourite>
	<favourite name="TMNT" thumb="http://thegamesdb.net/banners/boxart/original/front/23281-1.jpg">ActivateWindow(10025,&quot;plugin://plugin.program.iarl/Emulator/Sony_Playstation_2_N3RDFLIX/Game/TMNT+%28USA%29?sf_options=desc%3D%26_options_sf&quot;,return)</favourite>
	<favourite name="TMNT" thumb="http://thegamesdb.net/banners/boxart/original/front/12487-1.jpg">ActivateWindow(10025,&quot;plugin://plugin.program.iarl/Emulator/PSP_N3RDFLIX/Game/TMNT+%28USA%29?sf_options=desc%3D%26_options_sf&quot;,return)</favourite>
	<favourite name="TMNT" thumb="http://thegamesdb.net/banners/boxart/original/front/12488-1.jpg">ActivateWindow(10025,&quot;plugin://plugin.program.iarl/Emulator/NINTENDO_DS_N3RDFLIX/Game/TMNT+%28USA%29?sf_options=desc%3D%26_options_sf&quot;,return)</favourite>
	<favourite name="TMNT" thumb="http://thegamesdb.net/banners/boxart/original/front/4032-1.jpg">ActivateWindow(10025,&quot;plugin://plugin.program.iarl/Emulator/GBA_ZachMorris/Game/TMNT+%28USA%29+%28En%2CFr%2CEs%29?sf_options=desc%3D%26_options_sf&quot;,return)</favourite>
	<favourite name="TMNT - Teenage Mutant Ninja Turtles" thumb="http://static.giantbomb.com/uploads/scale_large/8/87790/1797241-box_tmnt.png">ActivateWindow(10025,&quot;plugin://plugin.program.iarl/Emulator/GBA_ZachMorris/Game/TMNT+-+Teenage+Mutant+Ninja+Turtles+%28Europe%29+%28En%2CFr%2CDe%2CEs%2CIt%29?sf_options=desc%3D%26_options_sf&quot;,return)</favourite>
	<favourite name="Teenage Mutant Hero Turtles" thumb="http://i.imgur.com/gRYit4y.jpg">ActivateWindow(10025,&quot;plugin://plugin.program.iarl/Emulator/NES_ZachMorris/Game/Teenage+Mutant+Hero+Turtles+%28Europe%29?sf_options=desc%3D%26_options_sf&quot;,return)</favourite>
	<favourite name="Teenage Mutant Hero Turtles - Fall of the Foot Clan" thumb="http://thegamesdb.net/banners/boxart/original/front/6024-1.jpg">ActivateWindow(10025,&quot;plugin://plugin.program.iarl/Emulator/GB_Classic_ZachMorris/Game/Teenage+Mutant+Hero+Turtles+-+Fall+of+the+Foot+Clan+%28Europe%29?sf_options=desc%3D%26_options_sf&quot;,return)</favourite>
	<favourite name="Teenage Mutant Hero Turtles - The Hyperstone Heist" thumb="http://thegamesdb.net/banners/boxart/original/front/1971-1.jpg">ActivateWindow(10025,&quot;plugin://plugin.program.iarl/Emulator/Genesis_ZachMorris/Game/Teenage+Mutant+Hero+Turtles+-+The+Hyperstone+Heist+%28Europe%29?sf_options=desc%3D%26_options_sf&quot;,return)</favourite>
	<favourite name="Teenage Mutant Hero Turtles - Tournament Fighters" thumb="http://i.imgur.com/wJYToq2.jpg">ActivateWindow(10025,&quot;plugin://plugin.program.iarl/Emulator/NES_ZachMorris/Game/Teenage+Mutant+Hero+Turtles+-+Tournament+Fighters+%28Europe%29?sf_options=desc%3D%26_options_sf&quot;,return)</favourite>
	<favourite name="Teenage Mutant Hero Turtles - Tournament Fighters" thumb="http://thegamesdb.net/banners/boxart/original/front/4661-1.jpg">ActivateWindow(10025,&quot;plugin://plugin.program.iarl/Emulator/Genesis_ZachMorris/Game/Teenage+Mutant+Hero+Turtles+-+Tournament+Fighters+%28Europe%29?sf_options=desc%3D%26_options_sf&quot;,return)</favourite>
	<favourite name="Teenage Mutant Hero Turtles - Tournament Fighters" thumb="http://i.imgur.com/Bs2gXIV.jpg">ActivateWindow(10025,&quot;plugin://plugin.program.iarl/Emulator/SNES_ZachMorris/Game/Teenage+Mutant+Hero+Turtles+-+Tournament+Fighters+%28Europe%29?sf_options=desc%3D%26_options_sf&quot;,return)</favourite>
	<favourite name="Teenage Mutant Ninja Turtles" thumb="http://thegamesdb.net/banners/boxart/original/front/20955-1.jpg">ActivateWindow(10025,&quot;plugin://plugin.program.iarl/Emulator/Nintendo_Gamecube_N3RDFLIX/Game/Teenage+Mutant+Ninja+Turtles+%28Europe%29?sf_options=desc%3D%26_options_sf&quot;,return)</favourite>
	<favourite name="Teenage Mutant Ninja Turtles" thumb="http://thegamesdb.net/banners/boxart/original/front/6024-1.jpg">ActivateWindow(10025,&quot;plugin://plugin.program.iarl/Emulator/GB_Classic_ZachMorris/Game/Teenage+Mutant+Ninja+Turtles+%28Japan%29?sf_options=desc%3D%26_options_sf&quot;,return)</favourite>
	<favourite name="Teenage Mutant Ninja Turtles" thumb="http://thegamesdb.net/banners/boxart/original/front/8670-1.jpg">ActivateWindow(10025,&quot;plugin://plugin.program.iarl/Emulator/MAME_AKNF_Full/Game/Teenage+Mutant+Ninja+Turtles+%28Japan+2+Players%2C+version+1%29?sf_options=desc%3D%26_options_sf&quot;,return)</favourite>
	<favourite name="Teenage Mutant Ninja Turtles" thumb="http://thegamesdb.net/banners/boxart/original/front/8670-1.jpg">ActivateWindow(10025,&quot;plugin://plugin.program.iarl/Emulator/MAME_2014_ZachMorris/Game/Teenage+Mutant+Ninja+Turtles+%28PlayChoice-10%29?sf_options=desc%3D%26_options_sf&quot;,return)</favourite>
	<favourite name="Teenage Mutant Ninja Turtles" thumb="http://thegamesdb.net/banners/boxart/original/front/8670-1.jpg">ActivateWindow(10025,&quot;plugin://plugin.program.iarl/Emulator/MAME_ZachMorris/Game/Teenage+Mutant+Ninja+Turtles+%28PlayChoice-10%29?sf_options=desc%3D%26_options_sf&quot;,return)</favourite>
	<favourite name="Teenage Mutant Ninja Turtles" thumb="https://archive.org/download/C64Games_201705/C64_Artwork.zip/Commodore%2064%20Artwork%2FTeenage%20Mutant%20Ninja%20Turtles%20%28USA%29%20%28Disk%201%20Side%20A%29%2FCover-Teenage_Mutant_Ninja_Turtles_%28Ultra%29.jpg">ActivateWindow(10025,&quot;plugin://plugin.program.iarl/Emulator/C64_ZachMorris/Game/Teenage+Mutant+Ninja+Turtles+%28USA%29?sf_options=desc%3D%26_options_sf&quot;,return)</favourite>
	<favourite name="Teenage Mutant Ninja Turtles" thumb="http://i.imgur.com/gRYit4y.jpg">ActivateWindow(10025,&quot;plugin://plugin.program.iarl/Emulator/NES_ZachMorris/Game/Teenage+Mutant+Ninja+Turtles+%28USA%29?sf_options=desc%3D%26_options_sf&quot;,return)</favourite>
	<favourite name="Teenage Mutant Ninja Turtles" thumb="http://thegamesdb.net/banners/boxart/original/front/4041-1.jpg">ActivateWindow(10025,&quot;plugin://plugin.program.iarl/Emulator/GBA_ZachMorris/Game/Teenage+Mutant+Ninja+Turtles+%28USA%29?sf_options=desc%3D%26_options_sf&quot;,return)</favourite>
	<favourite name="Teenage Mutant Ninja Turtles" thumb="http://thegamesdb.net/banners/boxart/original/front/4225-1.jpg">ActivateWindow(10025,&quot;plugin://plugin.program.iarl/Emulator/Sony_Playstation_2_N3RDFLIX/Game/Teenage+Mutant+Ninja+Turtles+%28USA%29?sf_options=desc%3D%26_options_sf&quot;,return)</favourite>
	<favourite name="Teenage Mutant Ninja Turtles" thumb="http://thegamesdb.net/banners/boxart/original/front/8670-1.jpg">ActivateWindow(10025,&quot;plugin://plugin.program.iarl/Emulator/MAME_2014_ZachMorris/Game/Teenage+Mutant+Ninja+Turtles+%28World+4+Players%29?sf_options=desc%3D%26_options_sf&quot;,return)</favourite>
	<favourite name="Teenage Mutant Ninja Turtles" thumb="http://images.launchbox-app.com/7cc279e8-69d3-4088-9001-1c10e94f8746.jpg">ActivateWindow(10025,&quot;plugin://plugin.program.iarl/Emulator/FBA_ZachMorris/Game/Teenage+Mutant+Ninja+Turtles+%28World+4+Players%29?sf_options=desc%3D%26_options_sf&quot;,return)</favourite>
	<favourite name="Teenage Mutant Ninja Turtles" thumb="http://thegamesdb.net/banners/boxart/original/front/8670-1.jpg">ActivateWindow(10025,&quot;plugin://plugin.program.iarl/Emulator/MAME_AKNF_Full/Game/Teenage+Mutant+Ninja+Turtles+%28World+4+Players%2C+version+X%29?sf_options=desc%3D%26_options_sf&quot;,return)</favourite>
	<favourite name="Teenage Mutant Ninja Turtles" thumb="http://thegamesdb.net/banners/boxart/original/front/8670-1.jpg">ActivateWindow(10025,&quot;plugin://plugin.program.iarl/Emulator/MAME_ZachMorris/Game/Teenage+Mutant+Ninja+Turtles+%28World+4+Players%2C+version+X%29?sf_options=desc%3D%26_options_sf&quot;,return)</favourite>
	<favourite name="Teenage Mutant Ninja Turtles - Arcade Attack" thumb="http://thegamesdb.net/banners/boxart/original/front/27197-1.jpg">ActivateWindow(10025,&quot;plugin://plugin.program.iarl/Emulator/NINTENDO_DS_N3RDFLIX/Game/Teenage+Mutant+Ninja+Turtles+-+Arcade+Attack+%28USA%29%28M3%29%28XenoPhobia%29?sf_options=desc%3D%26_options_sf&quot;,return)</favourite>
	<favourite name="Teenage Mutant Ninja Turtles - Fall of the Foot Clan" thumb="http://static.giantbomb.com/uploads/scale_large/0/8169/758641-teenage_mutant_ninja_turtles___fall_of_the_foot_clan_coverart.png">ActivateWindow(10025,&quot;plugin://plugin.program.iarl/Emulator/GB_Classic_ZachMorris/Game/Teenage+Mutant+Ninja+Turtles+-+Fall+of+the+Foot+Clan+%28USA%29?sf_options=desc%3D%26_options_sf&quot;,return)</favourite>
	<favourite name="Teenage Mutant Ninja Turtles - Manhattan Missions" thumb="http://www.mobygames.com/images/covers/l/92484-teenage-mutant-ninja-turtles-manhattan-missions-dos-front-cover.jpg">ActivateWindow(10025,&quot;plugin://plugin.program.iarl/Emulator/IA_MSDOS_ZachMorris/Game/Teenage+Mutant+Ninja+Turtles+-+Manhattan+Missions?sf_options=desc%3D%26_options_sf&quot;,return)</favourite>
	<favourite name="Teenage Mutant Ninja Turtles - Mutant Melee" thumb="http://thegamesdb.net/banners/boxart/original/front/28375-1.jpg">ActivateWindow(10025,&quot;plugin://plugin.program.iarl/Emulator/Sony_Playstation_2_N3RDFLIX/Game/Teenage+Mutant+Ninja+Turtles+-+Mutant+Melee+%28Europe%29?sf_options=desc%3D%26_options_sf&quot;,return)</favourite>
	<favourite name="Teenage Mutant Ninja Turtles - Mutant Warriors" thumb="http://i.imgur.com/Bs2gXIV.jpg">ActivateWindow(10025,&quot;plugin://plugin.program.iarl/Emulator/SNES_ZachMorris/Game/Teenage+Mutant+Ninja+Turtles+-+Mutant+Warriors+%28Japan%29?sf_options=desc%3D%26_options_sf&quot;,return)</favourite>
	<favourite name="Teenage Mutant Ninja Turtles - Return of the Shredder" thumb="http://thegamesdb.net/banners/boxart/original/front/1971-1.jpg">ActivateWindow(10025,&quot;plugin://plugin.program.iarl/Emulator/Genesis_ZachMorris/Game/Teenage+Mutant+Ninja+Turtles+-+Return+of+the+Shredder+%28Japan%29?sf_options=desc%3D%26_options_sf&quot;,return)</favourite>
	<favourite name="Teenage Mutant Ninja Turtles - The Arcade Game" thumb="https://archive.org/download/C64Games_201705/C64_Artwork.zip/Commodore%2064%20Artwork%2FTeenage%20Mutant%20Ninja%20Turtles%20-%20The%20Arcade%20Game%20%28USA%29%20%28Disk%201%20Side%20A%29%2F%5B1.Front%5D%20Front1.jpg">ActivateWindow(10025,&quot;plugin://plugin.program.iarl/Emulator/C64_ZachMorris/Game/Teenage+Mutant+Ninja+Turtles+-+The+Arcade+Game?sf_options=desc%3D%26_options_sf&quot;,return)</favourite>
	<favourite name="Teenage Mutant Ninja Turtles - The Hyperstone Heist" thumb="http://static.giantbomb.com/uploads/scale_large/9/93770/2389531-genesis_tmnthyperstoneheist.jpg">ActivateWindow(10025,&quot;plugin://plugin.program.iarl/Emulator/Genesis_ZachMorris/Game/Teenage+Mutant+Ninja+Turtles+-+The+Hyperstone+Heist+%28USA%29?sf_options=desc%3D%26_options_sf&quot;,return)</favourite>
	<favourite name="Teenage Mutant Ninja Turtles - Tournament Fighters" thumb="http://i.imgur.com/WbjjaFP.jpg">ActivateWindow(10025,&quot;plugin://plugin.program.iarl/Emulator/SNES_ZachMorris/Game/Teenage+Mutant+Ninja+Turtles+-+Tournament+Fighters+%28USA%29?sf_options=desc%3D%26_options_sf&quot;,return)</favourite>
	<favourite name="Teenage Mutant Ninja Turtles - Tournament Fighters" thumb="http://i.imgur.com/wJYToq2.jpg">ActivateWindow(10025,&quot;plugin://plugin.program.iarl/Emulator/NES_ZachMorris/Game/Teenage+Mutant+Ninja+Turtles+-+Tournament+Fighters+%28USA%29?sf_options=desc%3D%26_options_sf&quot;,return)</favourite>
	<favourite name="Teenage Mutant Ninja Turtles - Tournament Fighters" thumb="http://static.giantbomb.com/uploads/scale_large/9/93770/2364663-snes_tmnttournamentfighters.jpg">ActivateWindow(10025,&quot;plugin://plugin.program.iarl/Emulator/Genesis_ZachMorris/Game/Teenage+Mutant+Ninja+Turtles+-+Tournament+Fighters+%28USA%29?sf_options=desc%3D%26_options_sf&quot;,return)</favourite>
	<favourite name="Teenage Mutant Ninja Turtles - Turtles in Time" thumb="http://archive.org/download/Mame172arcdcmplt/flyers.zip/tmnt2.png">ActivateWindow(10025,&quot;plugin://plugin.program.iarl/Emulator/MAME_AKNF_Full/Game/Teenage+Mutant+Ninja+Turtles+-+Turtles+in+Time+%282+Players+ver+UDA%29?sf_options=desc%3D%26_options_sf&quot;,return)</favourite>
	<favourite name="Teenage Mutant Ninja Turtles - Turtles in Time" thumb="http://thegamesdb.net/banners/boxart/original/front/7999-1.jpg">ActivateWindow(10025,&quot;plugin://plugin.program.iarl/Emulator/MAME_AKNF_Full/Game/Teenage+Mutant+Ninja+Turtles+-+Turtles+in+Time+%284+Players+ver+UAA%29?sf_options=desc%3D%26_options_sf&quot;,return)</favourite>
	<favourite name="Teenage Mutant Ninja Turtles - Turtles in Time" thumb="http://thegamesdb.net/banners/boxart/original/front/7999-1.jpg">ActivateWindow(10025,&quot;plugin://plugin.program.iarl/Emulator/MAME_ZachMorris/Game/Teenage+Mutant+Ninja+Turtles+-+Turtles+in+Time+%284+Players+ver+UAA%29?sf_options=desc%3D%26_options_sf&quot;,return)</favourite>
	<favourite name="Teenage Mutant Ninja Turtles - Turtles in Time" thumb="http://thegamesdb.net/banners/boxart/original/front/7999-1.jpg">ActivateWindow(10025,&quot;plugin://plugin.program.iarl/Emulator/MAME_2014_ZachMorris/Game/Teenage+Mutant+Ninja+Turtles+-+Turtles+in+Time+%284+Players+ver+UAA%29?sf_options=desc%3D%26_options_sf&quot;,return)</favourite>
	<favourite name="Teenage Mutant Ninja Turtles - Turtles in Time" thumb="http://images.launchbox-app.com/tmnt2.png">ActivateWindow(10025,&quot;plugin://plugin.program.iarl/Emulator/FBA_ZachMorris/Game/Teenage+Mutant+Ninja+Turtles+-+Turtles+in+Time+%284+Players+ver+UAA%29?sf_options=desc%3D%26_options_sf&quot;,return)</favourite>
	<favourite name="Teenage Mutant Ninja Turtles - Turtles in Time" thumb="http://i.imgur.com/A7i4r4V.jpg">ActivateWindow(10025,&quot;plugin://plugin.program.iarl/Emulator/SNES_ZachMorris/Game/Teenage+Mutant+Ninja+Turtles+-+Turtles+in+Time+%28Japan%29?sf_options=desc%3D%26_options_sf&quot;,return)</favourite>
	<favourite name="Teenage Mutant Ninja Turtles 2" thumb="http://thegamesdb.net/banners/boxart/original/front/6124-1.jpg">ActivateWindow(10025,&quot;plugin://plugin.program.iarl/Emulator/GB_Classic_ZachMorris/Game/Teenage+Mutant+Ninja+Turtles+2+%28Japan%29?sf_options=desc%3D%26_options_sf&quot;,return)</favourite>
	<favourite name="Teenage Mutant Ninja Turtles 2 - Battle Nexus" thumb="http://thegamesdb.net/banners/boxart/original/front/16766-1.jpg">ActivateWindow(10025,&quot;plugin://plugin.program.iarl/Emulator/Nintendo_Gamecube_N3RDFLIX/Game/Teenage+Mutant+Ninja+Turtles+2+-+Battle+Nexus+%28Disc+1%29?sf_options=desc%3D%26_options_sf&quot;,return)</favourite>
	<favourite name="Teenage Mutant Ninja Turtles 2 - Battle Nexus" thumb="http://thegamesdb.net/banners/boxart/original/front/16766-1.jpg">ActivateWindow(10025,&quot;plugin://plugin.program.iarl/Emulator/Nintendo_Gamecube_N3RDFLIX/Game/Teenage+Mutant+Ninja+Turtles+2+-+Battle+Nexus+%28Disc+2%29?sf_options=desc%3D%26_options_sf&quot;,return)</favourite>
	<favourite name="Teenage Mutant Ninja Turtles 2 - Battle Nexus" thumb="http://thegamesdb.net/banners/boxart/original/front/9825-1.jpg">ActivateWindow(10025,&quot;plugin://plugin.program.iarl/Emulator/Sony_Playstation_2_N3RDFLIX/Game/Teenage+Mutant+Ninja+Turtles+2+-+Battle+Nexus+%28Europe%29?sf_options=desc%3D%26_options_sf&quot;,return)</favourite>
	<favourite name="Teenage Mutant Ninja Turtles 2 - Battle Nexus" thumb="http://thegamesdb.net/banners/boxart/original/front/4042-1.jpg">ActivateWindow(10025,&quot;plugin://plugin.program.iarl/Emulator/GBA_ZachMorris/Game/Teenage+Mutant+Ninja+Turtles+2+-+Battle+Nexus+%28USA%29?sf_options=desc%3D%26_options_sf&quot;,return)</favourite>
	<favourite name="Teenage Mutant Hero Turtles II - Back from the Sewers" thumb="http://thegamesdb.net/banners/boxart/original/front/6124-1.jpg">ActivateWindow(10025,&quot;plugin://plugin.program.iarl/Emulator/GB_Classic_ZachMorris/Game/Teenage+Mutant+Hero+Turtles+II+-+Back+from+the+Sewers+%28Europe%29?sf_options=desc%3D%26_options_sf&quot;,return)</favourite>
	<favourite name="Teenage Mutant Hero Turtles II - The Arcade Game" thumb="http://i.imgur.com/ccj2p4m.jpg">ActivateWindow(10025,&quot;plugin://plugin.program.iarl/Emulator/NES_ZachMorris/Game/Teenage+Mutant+Hero+Turtles+II+-+The+Arcade+Game+%28Europe%29?sf_options=desc%3D%26_options_sf&quot;,return)</favourite>
	<favourite name="Teenage Mutant Ninja Turtles II: The Arcade Game" thumb="http://archive.org/download/Mame172arcdcmplt/flyers.zip/pc_tmnt2.png">ActivateWindow(10025,&quot;plugin://plugin.program.iarl/Emulator/MAME_2014_ZachMorris/Game/Teenage+Mutant+Ninja+Turtles+II%3A+The+Arcade+Game+%28PlayChoice-10%29?sf_options=desc%3D%26_options_sf&quot;,return)</favourite>
	<favourite name="Teenage Mutant Ninja Turtles II: The Arcade Game" thumb="http://archive.org/download/Mame172arcdcmplt/flyers.zip/pc_tmnt2.png">ActivateWindow(10025,&quot;plugin://plugin.program.iarl/Emulator/MAME_ZachMorris/Game/Teenage+Mutant+Ninja+Turtles+II%3A+The+Arcade+Game+%28PlayChoice-10%29?sf_options=desc%3D%26_options_sf&quot;,return)</favourite>
	<favourite name="Teenage Mutant Ninja Turtles II - Back from the Sewers" thumb="http://thegamesdb.net/banners/boxart/original/front/6124-1.jpg">ActivateWindow(10025,&quot;plugin://plugin.program.iarl/Emulator/GB_Classic_ZachMorris/Game/Teenage+Mutant+Ninja+Turtles+II+-+Back+from+the+Sewers+%28USA%29?sf_options=desc%3D%26_options_sf&quot;,return)</favourite>
	<favourite name="Teenage Mutant Ninja Turtles II - The Arcade Game" thumb="http://i.imgur.com/ccj2p4m.jpg">ActivateWindow(10025,&quot;plugin://plugin.program.iarl/Emulator/NES_ZachMorris/Game/Teenage+Mutant+Ninja+Turtles+II+-+The+Arcade+Game+%28USA%29?sf_options=desc%3D%26_options_sf&quot;,return)</favourite>
	<favourite name="Teenage Mutant Ninja Turtles II - The Manhattan Project" thumb="http://i.imgur.com/lCr673C.jpg">ActivateWindow(10025,&quot;plugin://plugin.program.iarl/Emulator/NES_ZachMorris/Game/Teenage+Mutant+Ninja+Turtles+II+-+The+Manhattan+Project+%28Japan%29?sf_options=desc%3D%26_options_sf&quot;,return)</favourite>
	<favourite name="Teenage Mutant Ninja Turtles III - Radical Rescue" thumb="http://thegamesdb.net/banners/boxart/original/front/6125-1.jpg">ActivateWindow(10025,&quot;plugin://plugin.program.iarl/Emulator/GB_Classic_ZachMorris/Game/Teenage+Mutant+Ninja+Turtles+III+-+Radical+Rescue+%28USA%29?sf_options=desc%3D%26_options_sf&quot;,return)</favourite>
	<favourite name="Teenage Mutant Ninja Turtles III - The Manhattan Project" thumb="http://i.imgur.com/lCr673C.jpg">ActivateWindow(10025,&quot;plugin://plugin.program.iarl/Emulator/NES_ZachMorris/Game/Teenage+Mutant+Ninja+Turtles+III+-+The+Manhattan+Project+%28USA%29?sf_options=desc%3D%26_options_sf&quot;,return)</favourite>
	<favourite name="Teenage Mutant Hero Turtles III - Radical Rescue" thumb="http://thegamesdb.net/banners/boxart/original/front/6125-1.jpg">ActivateWindow(10025,&quot;plugin://plugin.program.iarl/Emulator/GB_Classic_ZachMorris/Game/Teenage+Mutant+Hero+Turtles+III+-+Radical+Rescue+%28Europe%29?sf_options=desc%3D%26_options_sf&quot;,return)</favourite>
	<favourite name="Teenage Mutant Ninja Turtles 3 - Mutant Nightmare" thumb="http://thegamesdb.net/banners/boxart/original/front/11466-1.jpg">ActivateWindow(10025,&quot;plugin://plugin.program.iarl/Emulator/Nintendo_Gamecube_N3RDFLIX/Game/Teenage+Mutant+Ninja+Turtles+3+-+Mutant+Nightmare+%28Disc+1%29?sf_options=desc%3D%26_options_sf&quot;,return)</favourite>
	<favourite name="Teenage Mutant Ninja Turtles 3 - Mutant Nightmare" thumb="http://thegamesdb.net/banners/boxart/original/front/11466-1.jpg">ActivateWindow(10025,&quot;plugin://plugin.program.iarl/Emulator/Nintendo_Gamecube_N3RDFLIX/Game/Teenage+Mutant+Ninja+Turtles+3+-+Mutant+Nightmare+%28Disc+2%29?sf_options=desc%3D%26_options_sf&quot;,return)</favourite>
	<favourite name="Teenage Mutant Ninja Turtles 3 - Mutant Nightmare" thumb="http://thegamesdb.net/banners/boxart/original/front/14491-1.jpg">ActivateWindow(10025,&quot;plugin://plugin.program.iarl/Emulator/NINTENDO_DS_N3RDFLIX/Game/Teenage+Mutant+Ninja+Turtles+3+-+Mutant+Nightmare+%28USA%29?sf_options=desc%3D%26_options_sf&quot;,return)</favourite>
	<favourite name="Teenage Mutant Ninja Turtles 3 - Mutant Nightmare" thumb="http://thegamesdb.net/banners/boxart/original/front/13120-2.jpg">ActivateWindow(10025,&quot;plugin://plugin.program.iarl/Emulator/Sony_Playstation_2_N3RDFLIX/Game/Teenage+Mutant+Ninja+Turtles+3+-+Mutant+Nightmare+%28USA%29?sf_options=desc%3D%26_options_sf&quot;,return)</favourite>
	<favourite name="Teenage Mutant Ninja Turtles 3 - Turtles Kikiippatsu" thumb="http://thegamesdb.net/banners/boxart/original/front/6125-1.jpg">ActivateWindow(10025,&quot;plugin://plugin.program.iarl/Emulator/GB_Classic_ZachMorris/Game/Teenage+Mutant+Ninja+Turtles+3+-+Turtles+Kikiippatsu+%28Japan%29?sf_options=desc%3D%26_options_sf&quot;,return)</favourite>
	<favourite name="Teenage Mutant Hero Turtles IV - Turtles in Time" thumb="http://i.imgur.com/A7i4r4V.jpg">ActivateWindow(10025,&quot;plugin://plugin.program.iarl/Emulator/SNES_ZachMorris/Game/Teenage+Mutant+Hero+Turtles+IV+-+Turtles+in+Time+%28Europe%29?sf_options=desc%3D%26_options_sf&quot;,return)</favourite>
	<favourite name="Teenage Mutant Ninja Turtles IV - Turtles in Time" thumb="http://i.imgur.com/MhZVEiN.jpg">ActivateWindow(10025,&quot;plugin://plugin.program.iarl/Emulator/SNES_ZachMorris/Game/Teenage+Mutant+Ninja+Turtles+IV+-+Turtles+in+Time+%28USA%29?sf_options=desc%3D%26_options_sf&quot;,return)</favourite>
    <favourite name="Teenage Mutant Ninja Turtles Double Pack" thumb="http://img.gamefaqs.net/box/2/1/1/74211_front.jpg">ActivateWindow(10025,&quot;plugin://plugin.program.iarl/Emulator/GBA_ZachMorris/Game/Teenage+Mutant+Ninja+Turtles+Double+Pack+%28USA%29+%28En%2CFr%2CDe%2CEs%2CIt%29?sf_options=desc%3D%26_options_sf&quot;,return)</favourite>
    <favourite name="TMNT" thumb="http://thegamesdb.net/banners/boxart/original/front/7061-1.jpg">ActivateWindow(10025,&quot;plugin://plugin.program.iarl/Emulator/Nintendo_Gamecube_N3RDFLIX/Game/TMNT+%28Europe%29?sf_options=desc%3D%26_options_sf&quot;,return)</favourite>
	<favourite name="TMNT" thumb="http://thegamesdb.net/banners/boxart/original/front/23281-1.jpg">ActivateWindow(10025,&quot;plugin://plugin.program.iarl/Emulator/Sony_Playstation_2_N3RDFLIX/Game/TMNT+%28USA%29?sf_options=desc%3D%26_options_sf&quot;,return)</favourite>
	<favourite name="TMNT" thumb="http://thegamesdb.net/banners/boxart/original/front/12487-1.jpg">ActivateWindow(10025,&quot;plugin://plugin.program.iarl/Emulator/PSP_N3RDFLIX/Game/TMNT+%28USA%29?sf_options=desc%3D%26_options_sf&quot;,return)</favourite>
	<favourite name="TMNT" thumb="http://thegamesdb.net/banners/boxart/original/front/12488-1.jpg">ActivateWindow(10025,&quot;plugin://plugin.program.iarl/Emulator/NINTENDO_DS_N3RDFLIX/Game/TMNT+%28USA%29?sf_options=desc%3D%26_options_sf&quot;,return)</favourite>
	<favourite name="TMNT Mutant Melee" thumb="http://thegamesdb.net/banners/boxart/original/front/11465-1.jpg">ActivateWindow(10025,&quot;plugin://plugin.program.iarl/Emulator/Nintendo_Gamecube_N3RDFLIX/Game/TMNT+Mutant+Melee+%28U%29%28OneUp%29?sf_options=desc%3D%26_options_sf&quot;,return)</favourite>
	<favourite name="Teenage Mutant Ninja Turtles" thumb="http://thegamesdb.net/banners/boxart/original/front/20955-1.jpg">ActivateWindow(10025,&quot;plugin://plugin.program.iarl/Emulator/Nintendo_Gamecube_N3RDFLIX/Game/Teenage+Mutant+Ninja+Turtles+%28Europe%29?sf_options=desc%3D%26_options_sf&quot;,return)</favourite>
	<favourite name="Teenage Mutant Ninja Turtles" thumb="http://thegamesdb.net/banners/boxart/original/front/4225-1.jpg">ActivateWindow(10025,&quot;plugin://plugin.program.iarl/Emulator/Sony_Playstation_2_N3RDFLIX/Game/Teenage+Mutant+Ninja+Turtles+%28USA%29?sf_options=desc%3D%26_options_sf&quot;,return)</favourite>
	<favourite name="Teenage Mutant Ninja Turtles - Arcade Attack" thumb="http://thegamesdb.net/banners/boxart/original/front/27197-1.jpg">ActivateWindow(10025,&quot;plugin://plugin.program.iarl/Emulator/NINTENDO_DS_N3RDFLIX/Game/Teenage+Mutant+Ninja+Turtles+-+Arcade+Attack+%28USA%29%28M3%29%28XenoPhobia%29?sf_options=desc%3D%26_options_sf&quot;,return)</favourite>
	<favourite name="Teenage Mutant Ninja Turtles - Mutant Melee" thumb="http://thegamesdb.net/banners/boxart/original/front/28375-1.jpg">ActivateWindow(10025,&quot;plugin://plugin.program.iarl/Emulator/Sony_Playstation_2_N3RDFLIX/Game/Teenage+Mutant+Ninja+Turtles+-+Mutant+Melee+%28Europe%29?sf_options=desc%3D%26_options_sf&quot;,return)</favourite>
	<favourite name="Teenage Mutant Ninja Turtles 2 - Battle Nexus" thumb="http://thegamesdb.net/banners/boxart/original/front/16766-1.jpg">ActivateWindow(10025,&quot;plugin://plugin.program.iarl/Emulator/Nintendo_Gamecube_N3RDFLIX/Game/Teenage+Mutant+Ninja+Turtles+2+-+Battle+Nexus+%28Disc+1%29?sf_options=desc%3D%26_options_sf&quot;,return)</favourite>
	<favourite name="Teenage Mutant Ninja Turtles 2 - Battle Nexus" thumb="http://thegamesdb.net/banners/boxart/original/front/16766-1.jpg">ActivateWindow(10025,&quot;plugin://plugin.program.iarl/Emulator/Nintendo_Gamecube_N3RDFLIX/Game/Teenage+Mutant+Ninja+Turtles+2+-+Battle+Nexus+%28Disc+2%29?sf_options=desc%3D%26_options_sf&quot;,return)</favourite>
	<favourite name="Teenage Mutant Ninja Turtles 2 - Battle Nexus" thumb="http://thegamesdb.net/banners/boxart/original/front/9825-1.jpg">ActivateWindow(10025,&quot;plugin://plugin.program.iarl/Emulator/Sony_Playstation_2_N3RDFLIX/Game/Teenage+Mutant+Ninja+Turtles+2+-+Battle+Nexus+%28Europe%29?sf_options=desc%3D%26_options_sf&quot;,return)</favourite>
	<favourite name="Teenage Mutant Ninja Turtles 3 - Mutant Nightmare" thumb="http://thegamesdb.net/banners/boxart/original/front/11466-1.jpg">ActivateWindow(10025,&quot;plugin://plugin.program.iarl/Emulator/Nintendo_Gamecube_N3RDFLIX/Game/Teenage+Mutant+Ninja+Turtles+3+-+Mutant+Nightmare+%28Disc+1%29?sf_options=desc%3D%26_options_sf&quot;,return)</favourite>
	<favourite name="Teenage Mutant Ninja Turtles 3 - Mutant Nightmare" thumb="http://thegamesdb.net/banners/boxart/original/front/11466-1.jpg">ActivateWindow(10025,&quot;plugin://plugin.program.iarl/Emulator/Nintendo_Gamecube_N3RDFLIX/Game/Teenage+Mutant+Ninja+Turtles+3+-+Mutant+Nightmare+%28Disc+2%29?sf_options=desc%3D%26_options_sf&quot;,return)</favourite>
	<favourite name="Teenage Mutant Ninja Turtles 3 - Mutant Nightmare" thumb="http://thegamesdb.net/banners/boxart/original/front/14491-1.jpg">ActivateWindow(10025,&quot;plugin://plugin.program.iarl/Emulator/NINTENDO_DS_N3RDFLIX/Game/Teenage+Mutant+Ninja+Turtles+3+-+Mutant+Nightmare+%28USA%29?sf_options=desc%3D%26_options_sf&quot;,return)</favourite>
	<favourite name="Teenage Mutant Ninja Turtles 3 - Mutant Nightmare" thumb="http://thegamesdb.net/banners/boxart/original/front/13120-2.jpg">ActivateWindow(10025,&quot;plugin://plugin.program.iarl/Emulator/Sony_Playstation_2_N3RDFLIX/Game/Teenage+Mutant+Ninja+Turtles+3+-+Mutant+Nightmare+%28USA%29?sf_options=desc%3D%26_options_sf&quot;,return)</favourite>
</favourites>