<favourites>
	<favourite name="Naruto - Clash of Ninja" thumb="http://thegamesdb.net/banners/boxart/original/front/7009-1.jpg">ActivateWindow(10025,&quot;plugin://plugin.program.iarl/Emulator/Nintendo_Gamecube_N3RDFLIX/Game/Naruto+-+Clash+of+Ninja+%28Europe%29?sf_options=desc%3D%26_options_sf&quot;,return)</favourite>
	<favourite name="Naruto - Konoha Senki" thumb="http://static.giantbomb.com/uploads/scale_large/0/4647/834411-918717_25595_front.jpg">ActivateWindow(10025,&quot;plugin://plugin.program.iarl/Emulator/GBA_ZachMorris/Game/Naruto+-+Konoha+Senki+%28Japan%29?sf_options=desc%3D%26_options_sf&quot;,return)</favourite>
	<favourite name="Naruto - Ninja Council" thumb="http://thegamesdb.net/banners/boxart/original/front/29210-1.jpg">ActivateWindow(10025,&quot;plugin://plugin.program.iarl/Emulator/GBA_ZachMorris/Game/Naruto+-+Ninja+Council+%28USA%29?sf_options=desc%3D%26_options_sf&quot;,return)</favourite>
	<favourite name="Naruto - Ninja Council 2" thumb="http://thegamesdb.net/banners/boxart/original/front/14937-1.jpg">ActivateWindow(10025,&quot;plugin://plugin.program.iarl/Emulator/GBA_ZachMorris/Game/Naruto+-+Ninja+Council+2+%28USA%29?sf_options=desc%3D%26_options_sf&quot;,return)</favourite>
	<favourite name="Naruto - Ninja Council 3" thumb="http://thegamesdb.net/banners/boxart/original/front/14874-1.jpg">ActivateWindow(10025,&quot;plugin://plugin.program.iarl/Emulator/NINTENDO_DS_N3RDFLIX/Game/Naruto+-+Ninja+Council+3+%28USA%29?sf_options=desc%3D%26_options_sf&quot;,return)</favourite>
	<favourite name="Naruto - Ninja Destiny" thumb="http://thegamesdb.net/banners/boxart/original/front/6856-1.jpg">ActivateWindow(10025,&quot;plugin://plugin.program.iarl/Emulator/NINTENDO_DS_N3RDFLIX/Game/Naruto+-+Ninja+Destiny+%28USA%29?sf_options=desc%3D%26_options_sf&quot;,return)</favourite>
	<favourite name="Naruto - Ninjutsu Zenkai! Saikyou Ninja Daikesshuu" thumb="http://static.giantbomb.com/uploads/scale_large/8/87790/2215059-box_narutonc.png">ActivateWindow(10025,&quot;plugin://plugin.program.iarl/Emulator/GBA_ZachMorris/Game/Naruto+-+Ninjutsu+Zenkai%21+Saikyou+Ninja+Daikesshuu+%28Japan%29?sf_options=desc%3D%26_options_sf&quot;,return)</favourite>
	<favourite name="Naruto - Path of the Ninja" thumb="http://thegamesdb.net/banners/boxart/original/front/6857-1.jpg">ActivateWindow(10025,&quot;plugin://plugin.program.iarl/Emulator/NINTENDO_DS_N3RDFLIX/Game/Naruto+-+Path+of+the+Ninja+%28USA%29?sf_options=desc%3D%26_options_sf&quot;,return)</favourite>
	<favourite name="Naruto - Path of the Ninja 2" thumb="http://thegamesdb.net/banners/boxart/original/front/11385-1.jpg">ActivateWindow(10025,&quot;plugin://plugin.program.iarl/Emulator/NINTENDO_DS_N3RDFLIX/Game/Naruto+-+Path+of+the+Ninja+2+%28USA%29?sf_options=desc%3D%26_options_sf&quot;,return)</favourite>
	<favourite name="Naruto - Saikyou Ninja Daikesshuu 2" thumb="http://thegamesdb.net/banners/boxart/original/front/14937-1.jpg">ActivateWindow(10025,&quot;plugin://plugin.program.iarl/Emulator/GBA_ZachMorris/Game/Naruto+-+Saikyou+Ninja+Daikesshuu+2+%28Japan%29?sf_options=desc%3D%26_options_sf&quot;,return)</favourite>
	<favourite name="Naruto - Ultimate Ninja 2" thumb="http://thegamesdb.net/banners/boxart/original/front/7401-1.jpg">ActivateWindow(10025,&quot;plugin://plugin.program.iarl/Emulator/Sony_Playstation_2_N3RDFLIX/Game/Naruto+-+Ultimate+Ninja+2+%28USA%29?sf_options=desc%3D%26_options_sf&quot;,return)</favourite>
	<favourite name="Naruto - Ultimate Ninja Heroes" thumb="http://thegamesdb.net/banners/boxart/original/front/15250-1.jpg">ActivateWindow(10025,&quot;plugin://plugin.program.iarl/Emulator/PSP_N3RDFLIX/Game/Naruto+-+Ultimate+Ninja+Heroes+%28USA%29?sf_options=desc%3D%26_options_sf&quot;,return)</favourite>
	<favourite name="Naruto - Ultimate Ninja Heroes 2 - The Phantom Fortress" thumb="http://thegamesdb.net/banners/boxart/original/front/15251-1.jpg">ActivateWindow(10025,&quot;plugin://plugin.program.iarl/Emulator/PSP_N3RDFLIX/Game/Naruto+-+Ultimate+Ninja+Heroes+2+-+The+Phantom+Fortress+%28USA%29?sf_options=desc%3D%26_options_sf&quot;,return)</favourite>
	<favourite name="Naruto RPG - Uketsugareshi Hi no Ishi" thumb="http://static.giantbomb.com/uploads/scale_large/8/87790/2215066-box_narutopotn.png">ActivateWindow(10025,&quot;plugin://plugin.program.iarl/Emulator/GBA_ZachMorris/Game/Naruto+RPG+-+Uketsugareshi+Hi+no+Ishi+%28Japan%29?sf_options=desc%3D%26_options_sf&quot;,return)</favourite>
	<favourite name="Naruto Shippuden - Kizuna Drive" thumb="http://thegamesdb.net/banners/boxart/original/front/19520-1.jpg">ActivateWindow(10025,&quot;plugin://plugin.program.iarl/Emulator/PSP_N3RDFLIX/Game/Naruto+Shippuden+-+Kizuna+Drive+%28USA%29?sf_options=desc%3D%26_options_sf&quot;,return)</favourite>
	<favourite name="Naruto Shippuden - Legends - Akatsuki Rising" thumb="http://thegamesdb.net/banners/boxart/original/front/20761-1.jpg">ActivateWindow(10025,&quot;plugin://plugin.program.iarl/Emulator/PSP_N3RDFLIX/Game/Naruto+Shippuden+-+Legends+-+Akatsuki+Rising+%28USA%29?sf_options=desc%3D%26_options_sf&quot;,return)</favourite>
	<favourite name="Naruto Shippuden - Naruto vs Sasuke" thumb="http://thegamesdb.net/banners/boxart/original/front/47361-1.jpg">ActivateWindow(10025,&quot;plugin://plugin.program.iarl/Emulator/NINTENDO_DS_N3RDFLIX/Game/Naruto+Shippuden+-+Naruto+vs+Sasuke+%28USA%29?sf_options=desc%3D%26_options_sf&quot;,return)</favourite>
	<favourite name="Naruto Shippuden - Ninja Destiny 2" thumb="http://thegamesdb.net/banners/boxart/original/front/30946-1.jpg">ActivateWindow(10025,&quot;plugin://plugin.program.iarl/Emulator/NINTENDO_DS_N3RDFLIX/Game/Naruto+Shippuden+-+Ninja+Destiny+2+%28USA%29?sf_options=desc%3D%26_options_sf&quot;,return)</favourite>
	<favourite name="Naruto Shippuden - Shinobi Rumble" thumb="http://thegamesdb.net/banners/boxart/original/front/47362-1.jpg">ActivateWindow(10025,&quot;plugin://plugin.program.iarl/Emulator/NINTENDO_DS_N3RDFLIX/Game/Naruto+Shippuden+-+Shinobi+Rumble+%28USA%29?sf_options=desc%3D%26_options_sf&quot;,return)</favourite>
	<favourite name="Naruto Shippuden - Ultimate Ninja 5" thumb="http://thegamesdb.net/banners/boxart/original/front/18137-1.jpg">ActivateWindow(10025,&quot;plugin://plugin.program.iarl/Emulator/Sony_Playstation_2_N3RDFLIX/Game/Naruto+Shippuden+-+Ultimate+Ninja+5+%28Europe%29?sf_options=desc%3D%26_options_sf&quot;,return)</favourite>
	<favourite name="Naruto Shippuden - Ultimate Ninja Heroes 3" thumb="http://thegamesdb.net/banners/boxart/original/front/15252-1.jpg">ActivateWindow(10025,&quot;plugin://plugin.program.iarl/Emulator/PSP_N3RDFLIX/Game/Naruto+Shippuden+-+Ultimate+Ninja+Heroes+3+%28USA%29?sf_options=desc%3D%26_options_sf&quot;,return)</favourite>
	<favourite name="Naruto Shippuden - Ultimate Ninja Impact" thumb="http://thegamesdb.net/banners/boxart/original/front/14935-1.jpg">ActivateWindow(10025,&quot;plugin://plugin.program.iarl/Emulator/PSP_N3RDFLIX/Game/Naruto+Shippuden+-+Ultimate+Ninja+Impact+%28USA%29?sf_options=desc%3D%26_options_sf&quot;,return)</favourite>
    <favourite name="Naruto - Clash of Ninja" thumb="http://thegamesdb.net/banners/boxart/original/front/7009-1.jpg">ActivateWindow(10025,&quot;plugin://plugin.program.iarl/Emulator/Nintendo_Gamecube_N3RDFLIX/Game/Naruto+-+Clash+of+Ninja+%28Europe%29?sf_options=desc%3D%26_options_sf&quot;,return)</favourite>
	<favourite name="Naruto - Ninja Council 3" thumb="http://thegamesdb.net/banners/boxart/original/front/14874-1.jpg">ActivateWindow(10025,&quot;plugin://plugin.program.iarl/Emulator/NINTENDO_DS_N3RDFLIX/Game/Naruto+-+Ninja+Council+3+%28USA%29?sf_options=desc%3D%26_options_sf&quot;,return)</favourite>
	<favourite name="Naruto - Ninja Destiny" thumb="http://thegamesdb.net/banners/boxart/original/front/6856-1.jpg">ActivateWindow(10025,&quot;plugin://plugin.program.iarl/Emulator/NINTENDO_DS_N3RDFLIX/Game/Naruto+-+Ninja+Destiny+%28USA%29?sf_options=desc%3D%26_options_sf&quot;,return)</favourite>
	<favourite name="Naruto - Path of the Ninja" thumb="http://thegamesdb.net/banners/boxart/original/front/6857-1.jpg">ActivateWindow(10025,&quot;plugin://plugin.program.iarl/Emulator/NINTENDO_DS_N3RDFLIX/Game/Naruto+-+Path+of+the+Ninja+%28USA%29?sf_options=desc%3D%26_options_sf&quot;,return)</favourite>
	<favourite name="Naruto - Path of the Ninja 2" thumb="http://thegamesdb.net/banners/boxart/original/front/11385-1.jpg">ActivateWindow(10025,&quot;plugin://plugin.program.iarl/Emulator/NINTENDO_DS_N3RDFLIX/Game/Naruto+-+Path+of+the+Ninja+2+%28USA%29?sf_options=desc%3D%26_options_sf&quot;,return)</favourite>
	<favourite name="Naruto - Ultimate Ninja 2" thumb="http://thegamesdb.net/banners/boxart/original/front/7401-1.jpg">ActivateWindow(10025,&quot;plugin://plugin.program.iarl/Emulator/Sony_Playstation_2_N3RDFLIX/Game/Naruto+-+Ultimate+Ninja+2+%28USA%29?sf_options=desc%3D%26_options_sf&quot;,return)</favourite>
	<favourite name="Naruto - Ultimate Ninja Heroes" thumb="http://thegamesdb.net/banners/boxart/original/front/15250-1.jpg">ActivateWindow(10025,&quot;plugin://plugin.program.iarl/Emulator/PSP_N3RDFLIX/Game/Naruto+-+Ultimate+Ninja+Heroes+%28USA%29?sf_options=desc%3D%26_options_sf&quot;,return)</favourite>
	<favourite name="Naruto - Ultimate Ninja Heroes 2 - The Phantom Fortress" thumb="http://thegamesdb.net/banners/boxart/original/front/15251-1.jpg">ActivateWindow(10025,&quot;plugin://plugin.program.iarl/Emulator/PSP_N3RDFLIX/Game/Naruto+-+Ultimate+Ninja+Heroes+2+-+The+Phantom+Fortress+%28USA%29?sf_options=desc%3D%26_options_sf&quot;,return)</favourite>
	<favourite name="Naruto Shippuden - Kizuna Drive" thumb="http://thegamesdb.net/banners/boxart/original/front/19520-1.jpg">ActivateWindow(10025,&quot;plugin://plugin.program.iarl/Emulator/PSP_N3RDFLIX/Game/Naruto+Shippuden+-+Kizuna+Drive+%28USA%29?sf_options=desc%3D%26_options_sf&quot;,return)</favourite>
	<favourite name="Naruto Shippuden - Legends - Akatsuki Rising" thumb="http://thegamesdb.net/banners/boxart/original/front/20761-1.jpg">ActivateWindow(10025,&quot;plugin://plugin.program.iarl/Emulator/PSP_N3RDFLIX/Game/Naruto+Shippuden+-+Legends+-+Akatsuki+Rising+%28USA%29?sf_options=desc%3D%26_options_sf&quot;,return)</favourite>
	<favourite name="Naruto Shippuden - Naruto vs Sasuke" thumb="http://thegamesdb.net/banners/boxart/original/front/47361-1.jpg">ActivateWindow(10025,&quot;plugin://plugin.program.iarl/Emulator/NINTENDO_DS_N3RDFLIX/Game/Naruto+Shippuden+-+Naruto+vs+Sasuke+%28USA%29?sf_options=desc%3D%26_options_sf&quot;,return)</favourite>
	<favourite name="Naruto Shippuden - Ninja Destiny 2" thumb="http://thegamesdb.net/banners/boxart/original/front/30946-1.jpg">ActivateWindow(10025,&quot;plugin://plugin.program.iarl/Emulator/NINTENDO_DS_N3RDFLIX/Game/Naruto+Shippuden+-+Ninja+Destiny+2+%28USA%29?sf_options=desc%3D%26_options_sf&quot;,return)</favourite>
	<favourite name="Naruto Shippuden - Shinobi Rumble" thumb="http://thegamesdb.net/banners/boxart/original/front/47362-1.jpg">ActivateWindow(10025,&quot;plugin://plugin.program.iarl/Emulator/NINTENDO_DS_N3RDFLIX/Game/Naruto+Shippuden+-+Shinobi+Rumble+%28USA%29?sf_options=desc%3D%26_options_sf&quot;,return)</favourite>
	<favourite name="Naruto Shippuden - Ultimate Ninja 5" thumb="http://thegamesdb.net/banners/boxart/original/front/18137-1.jpg">ActivateWindow(10025,&quot;plugin://plugin.program.iarl/Emulator/Sony_Playstation_2_N3RDFLIX/Game/Naruto+Shippuden+-+Ultimate+Ninja+5+%28Europe%29?sf_options=desc%3D%26_options_sf&quot;,return)</favourite>
	<favourite name="Naruto Shippuden - Ultimate Ninja Heroes 3" thumb="http://thegamesdb.net/banners/boxart/original/front/15252-1.jpg">ActivateWindow(10025,&quot;plugin://plugin.program.iarl/Emulator/PSP_N3RDFLIX/Game/Naruto+Shippuden+-+Ultimate+Ninja+Heroes+3+%28USA%29?sf_options=desc%3D%26_options_sf&quot;,return)</favourite>
	<favourite name="Naruto Shippuden - Ultimate Ninja Impact" thumb="http://thegamesdb.net/banners/boxart/original/front/14935-1.jpg">ActivateWindow(10025,&quot;plugin://plugin.program.iarl/Emulator/PSP_N3RDFLIX/Game/Naruto+Shippuden+-+Ultimate+Ninja+Impact+%28USA%29?sf_options=desc%3D%26_options_sf&quot;,return)</favourite>
</favourites>