<favourites>
	<favourite name="Dragon Ball Kai - Ultimate Butouden" thumb="http://thegamesdb.net/banners/boxart/original/front/27822-1.jpg">ActivateWindow(10025,&quot;plugin://plugin.program.iarl/Emulator/NINTENDO_DS_N3RDFLIX/Game/Dragon+Ball+Kai+-+Ultimate+Butouden+%28Japan%29?sf_options=desc%3D%26_options_sf&quot;,return)</favourite>
	<favourite name="Dragon Ball - Advanced Adventure" thumb="http://i.imgur.com/FmgDqId.jpg">ActivateWindow(10025,&quot;plugin://plugin.program.iarl/Emulator/GBA_ZachMorris/Game/Dragon+Ball+-+Advanced+Adventure+%28USA%29?sf_options=desc%3D%26_options_sf&quot;,return)</favourite>
	<favourite name="Dragon Ball - Daimaou Fukkatsu" thumb="http://i.imgur.com/Q2Dc8k8.jpg">ActivateWindow(10025,&quot;plugin://plugin.program.iarl/Emulator/NES_ZachMorris/Game/Dragon+Ball+-+Daimaou+Fukkatsu+%28Japan%29?sf_options=desc%3D%26_options_sf&quot;,return)</favourite>
	<favourite name="Dragon Ball - Origins" thumb="http://thegamesdb.net/banners/boxart/original/front/29493-1.jpg">ActivateWindow(10025,&quot;plugin://plugin.program.iarl/Emulator/NINTENDO_DS_N3RDFLIX/Game/Dragon+Ball+-+Origins+%28USA%29?sf_options=desc%3D%26_options_sf&quot;,return)</favourite>
	<favourite name="Dragon Ball - Shen Long no Nazo" thumb="http://i.imgur.com/YzLox6o.jpg">ActivateWindow(10025,&quot;plugin://plugin.program.iarl/Emulator/NES_ZachMorris/Game/Dragon+Ball+-+Shen+Long+no+Nazo+%28Japan%29?sf_options=desc%3D%26_options_sf&quot;,return)</favourite>
	<favourite name="Dragon Ball 3 - Gokuu Den" thumb="http://i.imgur.com/FvEJ8rZ.jpg">ActivateWindow(10025,&quot;plugin://plugin.program.iarl/Emulator/NES_ZachMorris/Game/Dragon+Ball+3+-+Gokuu+Den+%28Japan%29+%28Rev+1%29?sf_options=desc%3D%26_options_sf&quot;,return)</favourite>
	<favourite name="Dragon Ball Evolution" thumb="http://thegamesdb.net/banners/boxart/original/front/30659-1.jpg">ActivateWindow(10025,&quot;plugin://plugin.program.iarl/Emulator/PSP_N3RDFLIX/Game/Dragon+Ball+Evolution+%28USA%29?sf_options=desc%3D%26_options_sf&quot;,return)</favourite>
	<favourite name="Dragon Ball GT - Final Bout" thumb="http://thegamesdb.net/banners/boxart/original/front/10948-1.jpg">ActivateWindow(10025,&quot;plugin://plugin.program.iarl/Emulator/PS1_ZachMorris/Game/Dragon+Ball+GT+-+Final+Bout+%28USA%29?sf_options=desc%3D%26_options_sf&quot;,return)</favourite>
	<favourite name="Dragon Ball GT - Transformation" thumb="http://thegamesdb.net/banners/boxart/original/front/3457-1.jpg">ActivateWindow(10025,&quot;plugin://plugin.program.iarl/Emulator/GBA_ZachMorris/Game/Dragon+Ball+GT+-+Transformation+%28USA%29?sf_options=desc%3D%26_options_sf&quot;,return)</favourite>
	<favourite name="Dragon Ball Z - Attack of the Saiyans" thumb="http://thegamesdb.net/banners/boxart/original/front/19299-1.jpg">ActivateWindow(10025,&quot;plugin://plugin.program.iarl/Emulator/NINTENDO_DS_N3RDFLIX/Game/Dragon+Ball+Z+-+Attack+of+the+Saiyans+%28USA%29?sf_options=desc%3D%26_options_sf&quot;,return)</favourite>
	<favourite name="Dragon Ball Z - Bukuu Tougeki" thumb="http://thegamesdb.net/banners/boxart/original/front/3404-1.jpg">ActivateWindow(10025,&quot;plugin://plugin.program.iarl/Emulator/GBA_ZachMorris/Game/Dragon+Ball+Z+-+Bukuu+Tougeki+%28Japan%29?sf_options=desc%3D%26_options_sf&quot;,return)</favourite>
	<favourite name="Dragon Ball Z - Buu" thumb="http://thegamesdb.net/banners/boxart/original/front/3399-1.jpg">ActivateWindow(10025,&quot;plugin://plugin.program.iarl/Emulator/GBA_ZachMorris/Game/Dragon+Ball+Z+-+Buu%27s+Fury+%28USA%29?sf_options=desc%3D%26_options_sf&quot;,return)</favourite>
	<favourite name="Dragon Ball Z - Buyuu Retsuden" thumb="http://thegamesdb.net/banners/boxart/original/front/17356-1.png">ActivateWindow(10025,&quot;plugin://plugin.program.iarl/Emulator/Genesis_ZachMorris/Game/Dragon+Ball+Z+-+Buyuu+Retsuden+%28Japan%29?sf_options=desc%3D%26_options_sf&quot;,return)</favourite>
	<favourite name="Dragon Ball Z - Chomutujeon" thumb="http://i.imgur.com/s8XYqkJ.jpg">ActivateWindow(10025,&quot;plugin://plugin.program.iarl/Emulator/SNES_ZachMorris/Game/Dragon+Ball+Z+-+Chomutujeon+%28Korea%29?sf_options=desc%3D%26_options_sf&quot;,return)</favourite>
	<favourite name="Dragon Ball Z - Collectible Card Game" thumb="http://thegamesdb.net/banners/boxart/original/front/3400-1.jpg">ActivateWindow(10025,&quot;plugin://plugin.program.iarl/Emulator/GBA_ZachMorris/Game/Dragon+Ball+Z+-+Collectible+Card+Game+%28USA%29?sf_options=desc%3D%26_options_sf&quot;,return)</favourite>
	<favourite name="Dragon Ball Z - Densetsu no Chou Senshi-tachi" thumb="http://thegamesdb.net/banners/boxart/original/front/19198-1.jpg">ActivateWindow(10025,&quot;plugin://plugin.program.iarl/Emulator/GBC_ZachMorris/Game/Dragon+Ball+Z+-+Densetsu+no+Chou+Senshi-tachi+%28Japan%29?sf_options=desc%3D%26_options_sf&quot;,return)</favourite>
	<favourite name="Dragon Ball Z - Goku Densetsu" thumb="http://thegamesdb.net/banners/boxart/original/front/27574-1.jpg">ActivateWindow(10025,&quot;plugin://plugin.program.iarl/Emulator/NINTENDO_DS_N3RDFLIX/Game/Dragon+Ball+Z+-+Goku+Densetsu+%28Europe%29?sf_options=desc%3D%26_options_sf&quot;,return)</favourite>
	<favourite name="Dragon Ball Z - Gokuu Gekitouden" thumb="http://static.giantbomb.com/uploads/scale_large/7/79739/1294946-209px_dragonballzgokugekitouden.jpg">ActivateWindow(10025,&quot;plugin://plugin.program.iarl/Emulator/GB_Classic_ZachMorris/Game/Dragon+Ball+Z+-+Gokuu+Gekitouden+%28Japan%29+%28SGB+Enhanced%29?sf_options=desc%3D%26_options_sf&quot;,return)</favourite>
	<favourite name="Dragon Ball Z - Gokuu Hishouden" thumb="http://static.giantbomb.com/uploads/scale_large/6/66248/1502580-dragonballzgokuhishoden.jpg">ActivateWindow(10025,&quot;plugin://plugin.program.iarl/Emulator/GB_Classic_ZachMorris/Game/Dragon+Ball+Z+-+Gokuu+Hishouden+%28Japan%29+%28SGB+Enhanced%29?sf_options=desc%3D%26_options_sf&quot;,return)</favourite>
	<favourite name="Dragon Ball Z - Hyper Dimension" thumb="http://i.imgur.com/av9RUwj.jpg">ActivateWindow(10025,&quot;plugin://plugin.program.iarl/Emulator/SNES_ZachMorris/Game/Dragon+Ball+Z+-+Hyper+Dimension+%28Japan%29?sf_options=desc%3D%26_options_sf&quot;,return)</favourite>
	<favourite name="Dragon Ball Z - Idainaru Son Gokuu Densetsu" thumb="http://thegamesdb.net/banners/boxart/original/front/20227-1.png">ActivateWindow(10025,&quot;plugin://plugin.program.iarl/Emulator/PCE_CD_ZachMorris/Game/Dragon+Ball+Z+-+Idainaru+Son+Gokuu+Densetsu+%28Japan%29+%28FABT%29?sf_options=desc%3D%26_options_sf&quot;,return)</favourite>
	<favourite name="Dragon Ball Z - Kyoushuu! Saiya Jin" thumb="http://i.imgur.com/2GkxV7r.jpg">ActivateWindow(10025,&quot;plugin://plugin.program.iarl/Emulator/NES_ZachMorris/Game/Dragon+Ball+Z+-+Kyoushuu%21+Saiya+Jin+%28Japan%29?sf_options=desc%3D%26_options_sf&quot;,return)</favourite>
	<favourite name="Dragon Ball Z - L" thumb="http://static.giantbomb.com/uploads/scale_large/16/160705/2262991-dbzladdboxart.jpg">ActivateWindow(10025,&quot;plugin://plugin.program.iarl/Emulator/Genesis_ZachMorris/Game/Dragon+Ball+Z+-+L%27Appel+du+Destin+%28France%29?sf_options=desc%3D%26_options_sf&quot;,return)</favourite>
	<favourite name="Dragon Ball Z - La Legende Saien" thumb="http://i.imgur.com/Ddk1WPp.jpg">ActivateWindow(10025,&quot;plugin://plugin.program.iarl/Emulator/SNES_ZachMorris/Game/Dragon+Ball+Z+-+La+Legende+Saien+%28France%29?sf_options=desc%3D%26_options_sf&quot;,return)</favourite>
	<favourite name="Dragon Ball Z - Legendary Super Warriors" thumb="http://static.giantbomb.com/uploads/scale_large/8/87790/1814874-box_dbzlsw.png">ActivateWindow(10025,&quot;plugin://plugin.program.iarl/Emulator/GBC_ZachMorris/Game/Dragon+Ball+Z+-+Legendary+Super+Warriors+%28USA%29?sf_options=desc%3D%26_options_sf&quot;,return)</favourite>
	<favourite name="Dragon Ball Z - Moogongtoogeuk" thumb="http://thegamesdb.net/banners/boxart/original/front/3404-1.jpg">ActivateWindow(10025,&quot;plugin://plugin.program.iarl/Emulator/GBA_ZachMorris/Game/Dragon+Ball+Z+-+Moogongtoogeuk+%28Korea%29?sf_options=desc%3D%26_options_sf&quot;,return)</favourite>
	<favourite name="Dragon Ball Z - Shin Budokai" thumb="http://thegamesdb.net/banners/boxart/original/front/23893-1.jpg">ActivateWindow(10025,&quot;plugin://plugin.program.iarl/Emulator/PSP_N3RDFLIX/Game/Dragon+Ball+Z+-+Shin+Budokai+%28USA%29?sf_options=desc%3D%26_options_sf&quot;,return)</favourite>
	<favourite name="Dragon Ball Z - Shin Budokai 2" thumb="http://thegamesdb.net/banners/boxart/original/front/32372-1.jpg">ActivateWindow(10025,&quot;plugin://plugin.program.iarl/Emulator/PSP_N3RDFLIX/Game/Dragon+Ball+Z+-+Shin+Budokai+2+%28Europe%29?sf_options=desc%3D%26_options_sf&quot;,return)</favourite>
	<favourite name="Dragon Ball Z - Shin Budokai Another Road" thumb="http://thegamesdb.net/banners/boxart/original/front/23906-1.jpg">ActivateWindow(10025,&quot;plugin://plugin.program.iarl/Emulator/PSP_N3RDFLIX/Game/Dragon+Ball+Z+-+Shin+Budokai+Another+Road+%28USA%29?sf_options=desc%3D%26_options_sf&quot;,return)</favourite>
	<favourite name="Dragon Ball Z - Super Butouden" thumb="http://i.imgur.com/ytJxDPt.jpg">ActivateWindow(10025,&quot;plugin://plugin.program.iarl/Emulator/SNES_ZachMorris/Game/Dragon+Ball+Z+-+Super+Butouden+%28Japan%29?sf_options=desc%3D%26_options_sf&quot;,return)</favourite>
	<favourite name="Dragon Ball Z - Super Butouden 2" thumb="http://i.imgur.com/Ddk1WPp.jpg">ActivateWindow(10025,&quot;plugin://plugin.program.iarl/Emulator/SNES_ZachMorris/Game/Dragon+Ball+Z+-+Super+Butouden+2+%28Japan%29+%28Rev+1%29?sf_options=desc%3D%26_options_sf&quot;,return)</favourite>
	<favourite name="Dragon Ball Z - Super Butouden 3" thumb="http://i.imgur.com/s8XYqkJ.jpg">ActivateWindow(10025,&quot;plugin://plugin.program.iarl/Emulator/SNES_ZachMorris/Game/Dragon+Ball+Z+-+Super+Butouden+3+%28Japan%29?sf_options=desc%3D%26_options_sf&quot;,return)</favourite>
	<favourite name="Dragon Ball Z - Super Gokuu Den - Kakusei Hen" thumb="http://i.imgur.com/Kad4gru.png">ActivateWindow(10025,&quot;plugin://plugin.program.iarl/Emulator/SNES_ZachMorris/Game/Dragon+Ball+Z+-+Super+Gokuu+Den+-+Kakusei+Hen+%28Japan%29?sf_options=desc%3D%26_options_sf&quot;,return)</favourite>
	<favourite name="Dragon Ball Z - Super Gokuu Den - Totsugeki Hen" thumb="http://i.imgur.com/Ew6kXig.png">ActivateWindow(10025,&quot;plugin://plugin.program.iarl/Emulator/SNES_ZachMorris/Game/Dragon+Ball+Z+-+Super+Gokuu+Den+-+Totsugeki+Hen+%28Japan%29?sf_options=desc%3D%26_options_sf&quot;,return)</favourite>
	<favourite name="Dragon Ball Z - Super Saiya Densetsu" thumb="http://i.imgur.com/AdaRFFU.jpg">ActivateWindow(10025,&quot;plugin://plugin.program.iarl/Emulator/SNES_ZachMorris/Game/Dragon+Ball+Z+-+Super+Saiya+Densetsu+%28Japan%29+%28Rev+1%29?sf_options=desc%3D%26_options_sf&quot;,return)</favourite>
	<favourite name="Dragon Ball Z - Supersonic Warriors" thumb="http://i.imgur.com/qoRPTeT.jpg">ActivateWindow(10025,&quot;plugin://plugin.program.iarl/Emulator/GBA_ZachMorris/Game/Dragon+Ball+Z+-+Supersonic+Warriors+%28USA%29?sf_options=desc%3D%26_options_sf&quot;,return)</favourite>
	<favourite name="Dragon Ball Z - Supersonic Warriors 2" thumb="http://thegamesdb.net/banners/boxart/original/front/19300-1.jpg">ActivateWindow(10025,&quot;plugin://plugin.program.iarl/Emulator/NINTENDO_DS_N3RDFLIX/Game/Dragon+Ball+Z+-+Supersonic+Warriors+2+%28USA%29%28SCZ%29?sf_options=desc%3D%26_options_sf&quot;,return)</favourite>
	<favourite name="Dragon Ball Z - Taiketsu" thumb="http://thegamesdb.net/banners/boxart/original/front/3405-1.jpg">ActivateWindow(10025,&quot;plugin://plugin.program.iarl/Emulator/GBA_ZachMorris/Game/Dragon+Ball+Z+-+Taiketsu+%28USA%29?sf_options=desc%3D%26_options_sf&quot;,return)</favourite>
	<favourite name="Dragon Ball Z - Tenkaichi Tag Team" thumb="http://thegamesdb.net/banners/boxart/original/front/20572-1.jpg">ActivateWindow(10025,&quot;plugin://plugin.program.iarl/Emulator/PSP_N3RDFLIX/Game/Dragon+Ball+Z+-+Tenkaichi+Tag+Team+%28USA%29?sf_options=desc%3D%26_options_sf&quot;,return)</favourite>
	<favourite name="Dragon Ball Z - The Legacy of Goku" thumb="http://static.giantbomb.com/uploads/scale_large/8/87790/1814880-box_dbztlog.png">ActivateWindow(10025,&quot;plugin://plugin.program.iarl/Emulator/GBA_ZachMorris/Game/Dragon+Ball+Z+-+The+Legacy+of+Goku+%28USA%29?sf_options=desc%3D%26_options_sf&quot;,return)</favourite>
	<favourite name="Dragon Ball Z - The Legacy of Goku II" thumb="http://static.giantbomb.com/uploads/scale_large/8/87790/1814881-box_dbztlog2.png">ActivateWindow(10025,&quot;plugin://plugin.program.iarl/Emulator/GBA_ZachMorris/Game/Dragon+Ball+Z+-+The+Legacy+of+Goku+II+%28USA%29?sf_options=desc%3D%26_options_sf&quot;,return)</favourite>
	<favourite name="Dragon Ball Z - The Legacy of Goku II International" thumb="http://static.giantbomb.com/uploads/scale_large/8/87790/1814881-box_dbztlog2.png">ActivateWindow(10025,&quot;plugin://plugin.program.iarl/Emulator/GBA_ZachMorris/Game/Dragon+Ball+Z+-+The+Legacy+of+Goku+II+International+%28Japan%29?sf_options=desc%3D%26_options_sf&quot;,return)</favourite>
	<favourite name="Dragon Ball Z - Ultimate Battle 22" thumb="http://thegamesdb.net/banners/boxart/original/front/14538-1.jpg">ActivateWindow(10025,&quot;plugin://plugin.program.iarl/Emulator/PS1_ZachMorris/Game/Dragon+Ball+Z+-+Ultimate+Battle+22+%28USA%29?sf_options=desc%3D%26_options_sf&quot;,return)</favourite>
	<favourite name="Dragon Ball Z - Ultime Menace" thumb="http://i.imgur.com/UgYaoGs.jpg">ActivateWindow(10025,&quot;plugin://plugin.program.iarl/Emulator/SNES_ZachMorris/Game/Dragon+Ball+Z+-+Ultime+Menace+%28France%29?sf_options=desc%3D%26_options_sf&quot;,return)</favourite>
	<favourite name="Dragon Ball - Origins" thumb="http://thegamesdb.net/banners/boxart/original/front/29493-1.jpg">ActivateWindow(10025,&quot;plugin://plugin.program.iarl/Emulator/NINTENDO_DS_N3RDFLIX/Game/Dragon+Ball+-+Origins+%28USA%29?sf_options=desc%3D%26_options_sf&quot;,return)</favourite>
	<favourite name="Dragon Ball Evolution" thumb="http://thegamesdb.net/banners/boxart/original/front/30659-1.jpg">ActivateWindow(10025,&quot;plugin://plugin.program.iarl/Emulator/PSP_N3RDFLIX/Game/Dragon+Ball+Evolution+%28USA%29?sf_options=desc%3D%26_options_sf&quot;,return)</favourite>
	<favourite name="Dragon Ball Kai - Ultimate Butouden" thumb="http://thegamesdb.net/banners/boxart/original/front/27822-1.jpg">ActivateWindow(10025,&quot;plugin://plugin.program.iarl/Emulator/NINTENDO_DS_N3RDFLIX/Game/Dragon+Ball+Kai+-+Ultimate+Butouden+%28Japan%29?sf_options=desc%3D%26_options_sf&quot;,return)</favourite>
	<favourite name="Dragon Ball Z - Attack of the Saiyans" thumb="http://thegamesdb.net/banners/boxart/original/front/19299-1.jpg">ActivateWindow(10025,&quot;plugin://plugin.program.iarl/Emulator/NINTENDO_DS_N3RDFLIX/Game/Dragon+Ball+Z+-+Attack+of+the+Saiyans+%28USA%29?sf_options=desc%3D%26_options_sf&quot;,return)</favourite>
	<favourite name="Dragon Ball Z - Goku Densetsu" thumb="http://thegamesdb.net/banners/boxart/original/front/27574-1.jpg">ActivateWindow(10025,&quot;plugin://plugin.program.iarl/Emulator/NINTENDO_DS_N3RDFLIX/Game/Dragon+Ball+Z+-+Goku+Densetsu+%28Europe%29?sf_options=desc%3D%26_options_sf&quot;,return)</favourite>
	<favourite name="Dragon Ball Z - Shin Budokai" thumb="http://thegamesdb.net/banners/boxart/original/front/23893-1.jpg">ActivateWindow(10025,&quot;plugin://plugin.program.iarl/Emulator/PSP_N3RDFLIX/Game/Dragon+Ball+Z+-+Shin+Budokai+%28USA%29?sf_options=desc%3D%26_options_sf&quot;,return)</favourite>
	<favourite name="Dragon Ball Z - Shin Budokai 2" thumb="http://thegamesdb.net/banners/boxart/original/front/32372-1.jpg">ActivateWindow(10025,&quot;plugin://plugin.program.iarl/Emulator/PSP_N3RDFLIX/Game/Dragon+Ball+Z+-+Shin+Budokai+2+%28Europe%29?sf_options=desc%3D%26_options_sf&quot;,return)</favourite>
	<favourite name="Dragon Ball Z - Shin Budokai Another Road" thumb="http://thegamesdb.net/banners/boxart/original/front/23906-1.jpg">ActivateWindow(10025,&quot;plugin://plugin.program.iarl/Emulator/PSP_N3RDFLIX/Game/Dragon+Ball+Z+-+Shin+Budokai+Another+Road+%28USA%29?sf_options=desc%3D%26_options_sf&quot;,return)</favourite>
	<favourite name="Dragon Ball Z - Supersonic Warriors 2" thumb="http://thegamesdb.net/banners/boxart/original/front/19300-1.jpg">ActivateWindow(10025,&quot;plugin://plugin.program.iarl/Emulator/NINTENDO_DS_N3RDFLIX/Game/Dragon+Ball+Z+-+Supersonic+Warriors+2+%28USA%29%28SCZ%29?sf_options=desc%3D%26_options_sf&quot;,return)</favourite>
	<favourite name="Dragon Ball Z - Tenkaichi Tag Team" thumb="http://thegamesdb.net/banners/boxart/original/front/20572-1.jpg">ActivateWindow(10025,&quot;plugin://plugin.program.iarl/Emulator/PSP_N3RDFLIX/Game/Dragon+Ball+Z+-+Tenkaichi+Tag+Team+%28USA%29?sf_options=desc%3D%26_options_sf&quot;,return)</favourite>
    <favourite name="Dragon Ball Z Gaiden - Saiya Jin Zetsumetsu Keikaku" thumb="http://i.imgur.com/fFJvjkj.jpg">ActivateWindow(10025,&quot;plugin://plugin.program.iarl/Emulator/NES_ZachMorris/Game/Dragon+Ball+Z+Gaiden+-+Saiya+Jin+Zetsumetsu+Keikaku+%28Japan%29?sf_options=desc%3D%26_options_sf&quot;,return)</favourite>
	<favourite name="Dragon Ball Z II - Gekishin Freeza!!" thumb="http://i.imgur.com/w5z4gHr.jpg">ActivateWindow(10025,&quot;plugin://plugin.program.iarl/Emulator/NES_ZachMorris/Game/Dragon+Ball+Z+II+-+Gekishin+Freeza%21%21+%28Japan%29+%28Rev+1%29?sf_options=desc%3D%26_options_sf&quot;,return)</favourite>
	<favourite name="Dragon Ball Z III - Ressen Jinzou Ningen" thumb="http://i.imgur.com/v4ou97X.jpg">ActivateWindow(10025,&quot;plugin://plugin.program.iarl/Emulator/NES_ZachMorris/Game/Dragon+Ball+Z+III+-+Ressen+Jinzou+Ningen+%28Japan%29?sf_options=desc%3D%26_options_sf&quot;,return)</favourite>
	<favourite name="Dragon Ball Z V.R.V.S." thumb="http://archive.org/download/Mame172arcdcmplt/flyers.zip/dbzvrvs.png">ActivateWindow(10025,&quot;plugin://plugin.program.iarl/Emulator/MAME_2014_ZachMorris/Game/Dragon+Ball+Z+V.R.V.S.+%28Japan%29?sf_options=desc%3D%26_options_sf&quot;,return)</favourite>
	<favourite name="Dragon Ball Z V.R.V.S." thumb="http://archive.org/download/Mame172arcdcmplt/flyers.zip/dbzvrvs.png">ActivateWindow(10025,&quot;plugin://plugin.program.iarl/Emulator/MAME_ZachMorris/Game/Dragon+Ball+Z+V.R.V.S.+%28Japan%29?sf_options=desc%3D%26_options_sf&quot;,return)</favourite>
	<favourite name="2 Games in 1! - Dragon Ball Z - Buu" thumb="http://img.gamefaqs.net/box/5/0/1/73501_front.jpg">ActivateWindow(10025,&quot;plugin://plugin.program.iarl/Emulator/GBA_ZachMorris/Game/2+Games+in+1%21+-+Dragon+Ball+Z+-+Buu%27s+Fury+%2B+Dragon+Ball+GT+-+Transformation+%28USA%29?sf_options=desc%3D%26_options_sf&quot;,return)</favourite>
	<favourite name="2 Games in 1 - Dragon Ball Z - The Legacy of Goku I &amp; II" thumb="http://static.giantbomb.com/uploads/scale_large/8/87790/1814881-box_dbztlog2.png">ActivateWindow(10025,&quot;plugin://plugin.program.iarl/Emulator/GBA_ZachMorris/Game/2+Games+in+1+-+Dragon+Ball+Z+-+The+Legacy+of+Goku+I+%26+II+%28USA%29?sf_options=desc%3D%26_options_sf&quot;,return)</favourite>
	<favourite name="Datach - Dragon Ball Z - Gekitou Tenkaichi Budoukai" thumb="http://i.imgur.com/Ahmdpnk.jpg">ActivateWindow(10025,&quot;plugin://plugin.program.iarl/Emulator/NES_ZachMorris/Game/Datach+-+Dragon+Ball+Z+-+Gekitou+Tenkaichi+Budoukai+%28Japan%29?sf_options=desc%3D%26_options_sf&quot;,return)</favourite>
</favourites>