<?xml version='1.0' encoding='UTF-8'?>
<shortcuts>
	<shortcut>
		<defaultID>plugin.program.iarl/Emulator/3DO_ZachMorris/1</defaultID>
		<label>3DO</label>
		<label2>Favourite</label2>
		<icon>special://skin/extras/icons/files.png</icon>
		<thumb>special://home/addons/plugin.program.iarl/resources/skins/Default/media/25-1.jpg</thumb>
		<action>ActivateWindow(10025,"plugin://plugin.program.iarl/Emulator/3DO_ZachMorris/1",return)</action>
	</shortcut>
	<shortcut>
		<defaultID>plugin.program.iarl/Emulator/Cavestory_Lefty420/1</defaultID>
		<label>CaveStory</label>
		<label2>Favourite</label2>
		<icon>special://skin/extras/icons/files.png</icon>
		<thumb>http://www.mobygames.com/images/covers/l/97110-cave-story-windows-front-cover.png</thumb>
		<action>ActivateWindow(10025,"plugin://plugin.program.iarl/Emulator/Cavestory_Lefty420/1",return)</action>
	</shortcut>
	<shortcut>
		<defaultID>plugin.program.iarl/Emulator/Dinothawr_Lefty420/1</defaultID>
		<label>Dinothawr</label>
		<label2>Favourite</label2>
		<icon>special://skin/extras/icons/files.png</icon>
		<thumb>http://i.imgur.com/QutBVWe.jpg</thumb>
		<action>ActivateWindow(10025,"plugin://plugin.program.iarl/Emulator/Dinothawr_Lefty420/1",return)</action>
	</shortcut>
	<shortcut>
		<defaultID>plugin.program.iarl/Emulator/Doom_Lefty420/1</defaultID>
		<label>Doom</label>
		<label2>Favourite</label2>
		<icon>special://skin/extras/icons/files.png</icon>
		<thumb>http://i.imgur.com/Ow2yRG0.jpg</thumb>
		<action>ActivateWindow(10025,"plugin://plugin.program.iarl/Emulator/Doom_Lefty420/1",return)</action>
	</shortcut>
	<shortcut>
		<defaultID>plugin.program.iarl/Emulator/Quake_Lefty420/1</defaultID>
		<label>Quake</label>
		<label2>Favourite</label2>
		<icon>special://skin/extras/icons/files.png</icon>
		<thumb>http://i.imgur.com/yx17By8.jpg</thumb>
		<action>ActivateWindow(10025,"plugin://plugin.program.iarl/Emulator/Quake_Lefty420/1",return)</action>
	</shortcut>
	<shortcut>
		<defaultID>plugin.program.iarl/Emulator/SCUMMVM_ZachMorris/1</defaultID>
		<label>Scumm VM</label>
		<label2>Favourite</label2>
		<icon>special://skin/extras/icons/files.png</icon>
		<thumb>http://i.imgur.com/1r0915y.jpg</thumb>
		<action>ActivateWindow(10025,"plugin://plugin.program.iarl/Emulator/SCUMMVM_ZachMorris/1",return)</action>
	</shortcut>
	<shortcut>
		<defaultID>plugin.program.iarl/Emulator/PCE_CD_ZachMorris/1</defaultID>
		<label>PCE CD</label>
		<label2>Favourite</label2>
		<icon>special://skin/extras/icons/files.png</icon>
		<thumb>http://i.imgur.com/LjPoRww.jpg</thumb>
		<action>ActivateWindow(10025,"plugin://plugin.program.iarl/Emulator/PCE_CD_ZachMorris/1",return)</action>
	</shortcut>
	<shortcut>
		<defaultID>plugin.program.iarl/Emulator/TG16_ZachMorris/1</defaultID>
		<label>NEC - PC Engine - TurboGrafx 16</label>
		<label2>Favourite</label2>
		<icon>special://skin/extras/icons/files.png</icon>
		<thumb>special://home/addons/plugin.program.iarl/resources/skins/Default/media/34-1.jpg</thumb>
		<action>ActivateWindow(10025,"plugin://plugin.program.iarl/Emulator/TG16_ZachMorris/1",return)</action>
	</shortcut>
	<shortcut>
		<defaultID>plugin.program.iarl/Emulator/Intellivision_ZachMorris/1</defaultID>
		<label>Intellivision</label>
		<label2>Favourite</label2>
		<icon>special://skin/extras/icons/files.png</icon>
		<thumb>http://i.imgur.com/QgMVBt2.jpg</thumb>
		<action>ActivateWindow(10025,"plugin://plugin.program.iarl/Emulator/Intellivision_ZachMorris/1",return)</action>
	</shortcut>
	<shortcut>
		<defaultID>plugin.program.iarl/Emulator/Amiga_CD32_Full/1</defaultID>
		<label>Amiga CD32</label>
		<label2>Favourite</label2>
		<icon>special://skin/extras/icons/files.png</icon>
		<thumb>special://home/addons/plugin.program.iarl/resources/skins/Default/media/4947-1.jpg</thumb>
		<action>ActivateWindow(10025,"plugin://plugin.program.iarl/Emulator/Amiga_CD32_Full/1",return)</action>
	</shortcut>
	<shortcut>
		<defaultID>plugin.program.iarl/Emulator/Wonderswan_ZachMorris/1</defaultID>
		<label>Woderswan</label>
		<label2>Favourite</label2>
		<icon>special://skin/extras/icons/files.png</icon>
		<thumb>http://i.imgur.com/d8gMqxx.jpg</thumb>
		<action>ActivateWindow(10025,"plugin://plugin.program.iarl/Emulator/Wonderswan_ZachMorris/1",return)</action>
	</shortcut>
	<shortcut>
		<defaultID>plugin.program.iarl/Emulator/Wonderswan_Color_ZachMorris/1</defaultID>
		<label>Woderswan Color</label>
		<label2>Favourite</label2>
		<icon>special://skin/extras/icons/files.png</icon>
		<thumb>http://i.imgur.com/b9dnsLQ.jpg</thumb>
		<action>ActivateWindow(10025,"plugin://plugin.program.iarl/Emulator/Wonderswan_Color_ZachMorris/1",return)</action>
	</shortcut>
	<shortcut>
		<defaultID>plugin.program.iarl/Emulator/Magnavox_O2_ZachMorris/1</defaultID>
		<label>Magnavox Odyssey 2</label>
		<label2>Favourite</label2>
		<icon>special://skin/extras/icons/files.png</icon>
		<thumb>special://home/addons/plugin.program.iarl/resources/skins/Default/media/4927-1.jpg</thumb>
		<action>ActivateWindow(10025,"plugin://plugin.program.iarl/Emulator/Magnavox_O2_ZachMorris/1",return)</action>
	</shortcut>
	<shortcut>
		<defaultID>plugin.program.iarl/Emulator/Vectrex_ZachMorris/1</defaultID>
		<label>Vectrex</label>
		<label2>Favourite</label2>
		<icon>special://skin/extras/icons/files.png</icon>
		<thumb>http://i.imgur.com/kAOXEcp.jpg</thumb>
		<action>ActivateWindow(10025,"plugin://plugin.program.iarl/Emulator/Vectrex_ZachMorris/1",return)</action>
	</shortcut>
</shortcuts>
