<?xml version='1.0' encoding='UTF-8'?>
<shortcuts>
	<shortcut>
		<defaultID>plugin.program.iarl/History</defaultID>
		<label>   Last Played</label>
		<label2>Favourite</label2>
		<icon>special://skin/extras/icons/files.png</icon>
		<thumb>special://home/addons\plugin.program.iarl\resources\skins\Default\media\last_played.jpg</thumb>
		<action>ActivateWindow(10025,"plugin://plugin.program.iarl/History",return)</action>
	</shortcut>
	<shortcut>
		<defaultID>plugin.program.iarl/Random</defaultID>
		<label>  Random Play</label>
		<label2>Favourite</label2>
		<icon>special://skin/extras/icons/files.png</icon>
		<thumb>special://home/addons\plugin.program.iarl\resources\skins\Default\media\lucky.jpg</thumb>
		<action>ActivateWindow(10025,"plugin://plugin.program.iarl/Random",return)</action>
	</shortcut>
	<shortcut>
		<defaultID>plugin.program.iarl/Search</defaultID>
		<label> Search</label>
		<label2>Favourite</label2>
		<icon>special://skin/extras/icons/files.png</icon>
		<thumb>special://home/addons\plugin.program.iarl\resources\skins\Default\media\search.jpg</thumb>
		<action>ActivateWindow(10025,"plugin://plugin.program.iarl/Search",return)</action>
	</shortcut>
	<shortcut>
		<defaultID>plugin.program.iarl/Emulator/Favorite_Games/1</defaultID>
		<label>Favorite Games</label>
		<label2>Favourite</label2>
		<icon>special://skin/extras/icons/files.png</icon>
		<thumb>special://home/addons/plugin.program.iarl/resources/skins/Default/media/favorites.png</thumb>
		<action>ActivateWindow(10025,"plugin://plugin.program.iarl/Emulator/Favorite_Games/1",return)</action>
	</shortcut>
	<shortcut>
		<defaultID>1036</defaultID>
		<label>1036</label>
		<label2>Common menu item</label2>
		<icon>Favourites.png</icon>
		<thumb />
		<action>ActivateWindow(Favourites)</action>
	</shortcut>
</shortcuts>
