<favourites>
	<favourite name="Fatal Fury - The Battle of Fury  - Garou Densetsu - Shukumei no Tatakai" thumb="http://thegamesdb.net/banners/boxart/original/front/2862-1.jpg">ActivateWindow(10025,&quot;plugin://plugin.program.iarl/Emulator/Neo_Geo_CD_ZachMorris/Game/Fatal+Fury+-+The+Battle+of+Fury+%28USA%29+-+Garou+Densetsu+-+Shukumei+no+Tatakai+%28Jpn%29?sf_options=desc%3D%26_options_sf&quot;,return)</favourite>
	<favourite name="Fatal Fury: Wild Ambition" thumb="http://thegamesdb.net/banners/boxart/original/front/27905-1.jpg">ActivateWindow(10025,&quot;plugin://plugin.program.iarl/Emulator/MAME_ZachMorris/Game/Fatal+Fury%3A+Wild+Ambition+%28rev.A%29?sf_options=desc%3D%26_options_sf&quot;,return)</favourite>
	<favourite name="Fatal Fury" thumb="http://i.imgur.com/COVjIch.jpg">ActivateWindow(10025,&quot;plugin://plugin.program.iarl/Emulator/SNES_ZachMorris/Game/Fatal+Fury+%28USA%29?sf_options=desc%3D%26_options_sf&quot;,return)</favourite>
	<favourite name="Fatal Fury" thumb="http://static.giantbomb.com/uploads/scale_large/0/1614/841450-fatal_fury_ng_us.jpg">ActivateWindow(10025,&quot;plugin://plugin.program.iarl/Emulator/Genesis_ZachMorris/Game/Fatal+Fury+%28USA%29?sf_options=desc%3D%26_options_sf&quot;,return)</favourite>
	<favourite name="Fatal Fury - Battle Archives Volume 1" thumb="http://thegamesdb.net/banners/boxart/original/front/31562-1.jpg">ActivateWindow(10025,&quot;plugin://plugin.program.iarl/Emulator/Sony_Playstation_2_N3RDFLIX/Game/Fatal+Fury+-+Battle+Archives+Volume+1+%28USA%29?sf_options=desc%3D%26_options_sf&quot;,return)</favourite>
	<favourite name="Fatal Fury - King of Fighters / Garou Densetsu - Shukumei no Tatakai" thumb="http://archive.org/download/Mame172arcdcmplt/flyers.zip/fatfury1.png">ActivateWindow(10025,&quot;plugin://plugin.program.iarl/Emulator/FBA_ZachMorris/Game/Fatal+Fury+-+King+of+Fighters+%2F+Garou+Densetsu+-+Shukumei+no+Tatakai+%28NGM-033+%7E+NGH-033%29?sf_options=desc%3D%26_options_sf&quot;,return)</favourite>
	<favourite name="Fatal Fury - King of Fighters / Garou Densetsu - Shukumei no Tatakai" thumb="http://archive.org/download/Mame172arcdcmplt/flyers.zip/fatfury1.png">ActivateWindow(10025,&quot;plugin://plugin.program.iarl/Emulator/MAME_ZachMorris/Game/Fatal+Fury+-+King+of+Fighters+%2F+Garou+Densetsu+-+Shukumei+no+Tatakai+%28NGM-033+%7E+NGH-033%29?sf_options=desc%3D%26_options_sf&quot;,return)</favourite>
	<favourite name="Fatal Fury - King of Fighters / Garou Densetsu - shukumei no tatakai" thumb="http://archive.org/download/Mame172arcdcmplt/flyers.zip/fatfury1.png">ActivateWindow(10025,&quot;plugin://plugin.program.iarl/Emulator/MAME_2014_ZachMorris/Game/Fatal+Fury+-+King+of+Fighters+%2F+Garou+Densetsu+-+shukumei+no+tatakai+%28NGM-033%29%28NGH-033%29?sf_options=desc%3D%26_options_sf&quot;,return)</favourite>
	<favourite name="Fatal Fury - Mark of the Wolves" thumb="http://thegamesdb.net/banners/boxart/original/front/3659-1.jpg">ActivateWindow(10025,&quot;plugin://plugin.program.iarl/Emulator/Sega_Dreamcast_ZachMorris/Game/Fatal+Fury+-+Mark+of+the+Wolves+%28USA%29?sf_options=desc%3D%26_options_sf&quot;,return)</favourite>
	<favourite name="Fatal Fury - The Battle of Fury  - Garou Densetsu - Shukumei no Tatakai" thumb="http://thegamesdb.net/banners/boxart/original/front/2862-1.jpg">ActivateWindow(10025,&quot;plugin://plugin.program.iarl/Emulator/Neo_Geo_CD_ZachMorris/Game/Fatal+Fury+-+The+Battle+of+Fury+%28USA%29+-+Garou+Densetsu+-+Shukumei+no+Tatakai+%28Jpn%29?sf_options=desc%3D%26_options_sf&quot;,return)</favourite>
	<favourite name="Fatal Fury - Wild Ambition" thumb="http://thegamesdb.net/banners/boxart/original/front/12988-1.jpg">ActivateWindow(10025,&quot;plugin://plugin.program.iarl/Emulator/PS1_ZachMorris/Game/Fatal+Fury+-+Wild+Ambition+%28USA%29?sf_options=desc%3D%26_options_sf&quot;,return)</favourite>
	<favourite name="Fatal Fury 2" thumb="http://i.imgur.com/iP0jxfF.jpg">ActivateWindow(10025,&quot;plugin://plugin.program.iarl/Emulator/SNES_ZachMorris/Game/Fatal+Fury+2+%28USA%29?sf_options=desc%3D%26_options_sf&quot;,return)</favourite>
	<favourite name="Fatal Fury 2  - Garou Densetsu 2 - Aratanaru Tatakai" thumb="http://thegamesdb.net/banners/boxart/original/front/2862-1.jpg">ActivateWindow(10025,&quot;plugin://plugin.program.iarl/Emulator/Neo_Geo_CD_ZachMorris/Game/Fatal+Fury+2+%28USA%29+-+Garou+Densetsu+2+-+Aratanaru+Tatakai+%28Jpn%29?sf_options=desc%3D%26_options_sf&quot;,return)</favourite>
	<favourite name="Fatal Fury 2" thumb="http://thegamesdb.net/banners/boxart/original/front/975-3.jpg">ActivateWindow(10025,&quot;plugin://plugin.program.iarl/Emulator/Genesis_ZachMorris/Game/Fatal+Fury+2+%28USA%2C+Korea%29?sf_options=desc%3D%26_options_sf&quot;,return)</favourite>
	<favourite name="Fatal Fury 2 / Garou Densetsu 2 - Arata-naru Tatakai" thumb="http://archive.org/download/Mame172arcdcmplt/flyers.zip/fatfury2.png">ActivateWindow(10025,&quot;plugin://plugin.program.iarl/Emulator/MAME_ZachMorris/Game/Fatal+Fury+2+%2F+Garou+Densetsu+2+-+Arata-naru+Tatakai+%28NGM-047+%7E+NGH-047%29?sf_options=desc%3D%26_options_sf&quot;,return)</favourite>
	<favourite name="Fatal Fury 2 / Garou Densetsu 2 - Arata-naru Tatakai" thumb="http://images.launchbox-app.com/fatfury2.png">ActivateWindow(10025,&quot;plugin://plugin.program.iarl/Emulator/FBA_ZachMorris/Game/Fatal+Fury+2+%2F+Garou+Densetsu+2+-+Arata-naru+Tatakai+%28NGM-047+%7E+NGH-047%29?sf_options=desc%3D%26_options_sf&quot;,return)</favourite>
	<favourite name="Fatal Fury 2 / Garou Densetsu 2 - arata-naru tatakai" thumb="http://archive.org/download/Mame172arcdcmplt/flyers.zip/fatfury2.png">ActivateWindow(10025,&quot;plugin://plugin.program.iarl/Emulator/MAME_2014_ZachMorris/Game/Fatal+Fury+2+%2F+Garou+Densetsu+2+-+arata-naru+tatakai+%28NGM-047%29%28NGH-047%29?sf_options=desc%3D%26_options_sf&quot;,return)</favourite>
	<favourite name="Fatal Fury 3 - Road to the Final Victory  - Garou Densetsu 3 - Harukanaru Tatakai" thumb="http://thegamesdb.net/banners/boxart/original/front/1491-1.jpg">ActivateWindow(10025,&quot;plugin://plugin.program.iarl/Emulator/Neo_Geo_CD_ZachMorris/Game/Fatal+Fury+3+-+Road+to+the+Final+Victory+%28USA%29+-+Garou+Densetsu+3+-+Harukanaru+Tatakai+%28Jpn%29?sf_options=desc%3D%26_options_sf&quot;,return)</favourite>
	<favourite name="Fatal Fury 3 - Road to the Final Victory / Garou Densetsu 3 - Haruka-naru Tatakai" thumb="http://archive.org/download/Mame172arcdcmplt/artpreview.zip/fatfury3.png">ActivateWindow(10025,&quot;plugin://plugin.program.iarl/Emulator/MAME_AKNF_Full/Game/Fatal+Fury+3+-+Road+to+the+Final+Victory+%2F+Garou+Densetsu+3+-+Haruka-naru+Tatakai+%28NGM-069+%7E+NGH-069%29?sf_options=desc%3D%26_options_sf&quot;,return)</favourite>
	<favourite name="Fatal Fury 3 - Road to the Final Victory / Garou Densetsu 3 - Haruka-naru Tatakai" thumb="http://archive.org/download/Mame172arcdcmplt/artpreview.zip/fatfury3.png">ActivateWindow(10025,&quot;plugin://plugin.program.iarl/Emulator/MAME_ZachMorris/Game/Fatal+Fury+3+-+Road+to+the+Final+Victory+%2F+Garou+Densetsu+3+-+Haruka-naru+Tatakai+%28NGM-069+%7E+NGH-069%29?sf_options=desc%3D%26_options_sf&quot;,return)</favourite>
	<favourite name="Fatal Fury 3 - Road to the Final Victory / Garou Densetsu 3 - Haruka-naru Tatakai" thumb="http://archive.org/download/Mame172arcdcmplt/artpreview.zip/fatfury3.png">ActivateWindow(10025,&quot;plugin://plugin.program.iarl/Emulator/FBA_ZachMorris/Game/Fatal+Fury+3+-+Road+to+the+Final+Victory+%2F+Garou+Densetsu+3+-+Haruka-naru+Tatakai+%28NGM-069+%7E+NGH-069%29?sf_options=desc%3D%26_options_sf&quot;,return)</favourite>
	<favourite name="Fatal Fury 3 - Road to the Final Victory / Garou Densetsu 3 - haruka-naru tatakai" thumb="http://archive.org/download/Mame172arcdcmplt/artpreview.zip/fatfury3.png">ActivateWindow(10025,&quot;plugin://plugin.program.iarl/Emulator/MAME_2014_ZachMorris/Game/Fatal+Fury+3+-+Road+to+the+Final+Victory+%2F+Garou+Densetsu+3+-+haruka-naru+tatakai+%28NGM-069%29%28NGH-069%29?sf_options=desc%3D%26_options_sf&quot;,return)</favourite>
	<favourite name="Fatal Fury F-Contact - Pocket Fighting Series" thumb="http://static.giantbomb.com/uploads/scale_large/16/164924/2458933-ngpc.jpg">ActivateWindow(10025,&quot;plugin://plugin.program.iarl/Emulator/NGPC_ZachMorris/Game/Fatal+Fury+F-Contact+-+Pocket+Fighting+Series+%28World%29+%28En%2CJa%29?sf_options=desc%3D%26_options_sf&quot;,return)</favourite>
	<favourite name="Fatal Fury Special" thumb="http://thegamesdb.net/banners/boxart/original/front/5014-1.jpg">ActivateWindow(10025,&quot;plugin://plugin.program.iarl/Emulator/Sega_CD_ZachMorris/Game/Fatal+Fury+Special?sf_options=desc%3D%26_options_sf&quot;,return)</favourite>
	<favourite name="Fatal Fury Special" thumb="http://i.imgur.com/5sPrXVC.jpg">ActivateWindow(10025,&quot;plugin://plugin.program.iarl/Emulator/SNES_ZachMorris/Game/Fatal+Fury+Special+%28USA%29?sf_options=desc%3D%26_options_sf&quot;,return)</favourite>
	<favourite name="Fatal Fury Special" thumb="http://thegamesdb.net/banners/boxart/original/front/21761-1.jpg">ActivateWindow(10025,&quot;plugin://plugin.program.iarl/Emulator/Game_Gear_ZachMorris/Game/Fatal+Fury+Special+%28USA%29?sf_options=desc%3D%26_options_sf&quot;,return)</favourite>
	<favourite name="Fatal Fury Special  - Garou Densetsu Special" thumb="http://thegamesdb.net/banners/boxart/original/front/1492-1.jpg">ActivateWindow(10025,&quot;plugin://plugin.program.iarl/Emulator/Neo_Geo_CD_ZachMorris/Game/Fatal+Fury+Special+%28USA%29+-+Garou+Densetsu+Special+%28Jpn%29?sf_options=desc%3D%26_options_sf&quot;,return)</favourite>
	<favourite name="Fatal Fury Special / Garou Densetsu Special" thumb="http://archive.org/download/Mame172arcdcmplt/flyers.zip/fatfursp.png">ActivateWindow(10025,&quot;plugin://plugin.program.iarl/Emulator/MAME_ZachMorris/Game/Fatal+Fury+Special+%2F+Garou+Densetsu+Special+%28NGM-058+%7E+NGH-058%2C+set+1%29?sf_options=desc%3D%26_options_sf&quot;,return)</favourite>
	<favourite name="Fatal Fury Special / Garou Densetsu Special" thumb="http://images.launchbox-app.com/fatfursp.png">ActivateWindow(10025,&quot;plugin://plugin.program.iarl/Emulator/FBA_ZachMorris/Game/Fatal+Fury+Special+%2F+Garou+Densetsu+Special+%28NGM-058+%7E+NGH-058%2C+set+1%29?sf_options=desc%3D%26_options_sf&quot;,return)</favourite>
	<favourite name="Fatal Fury Special / Garou Densetsu Special" thumb="http://archive.org/download/Mame172arcdcmplt/flyers.zip/fatfursp.png">ActivateWindow(10025,&quot;plugin://plugin.program.iarl/Emulator/MAME_2014_ZachMorris/Game/Fatal+Fury+Special+%2F+Garou+Densetsu+Special+%28set+1%29%28NGM-058%29%28NGH-058%29?sf_options=desc%3D%26_options_sf&quot;,return)</favourite>
	<favourite name="Real Bout Fatal Fury  - Real Bout Garou Densetsu" thumb="http://thegamesdb.net/banners/boxart/original/front/10466-1.jpg">ActivateWindow(10025,&quot;plugin://plugin.program.iarl/Emulator/Neo_Geo_CD_ZachMorris/Game/Real+Bout+Fatal+Fury+%28USA%29+-+Real+Bout+Garou+Densetsu+%28Jpn%29?sf_options=desc%3D%26_options_sf&quot;,return)</favourite>
	<favourite name="Real Bout Fatal Fury / Real Bout Garou Densetsu" thumb="http://archive.org/download/Mame172arcdcmplt/flyers.zip/rbff1.png">ActivateWindow(10025,&quot;plugin://plugin.program.iarl/Emulator/MAME_2014_ZachMorris/Game/Real+Bout+Fatal+Fury+%2F+Real+Bout+Garou+Densetsu+%28NGM-095%29%28NGH-095%29?sf_options=desc%3D%26_options_sf&quot;,return)</favourite>
	<favourite name="Real Bout Fatal Fury / Real Bout Garou Densetsu" thumb="http://archive.org/download/Mame172arcdcmplt/flyers.zip/rbff1.png">ActivateWindow(10025,&quot;plugin://plugin.program.iarl/Emulator/MAME_ZachMorris/Game/Real+Bout+Fatal+Fury+%2F+Real+Bout+Garou+Densetsu+%28NGM-095+%7E+NGH-095%29?sf_options=desc%3D%26_options_sf&quot;,return)</favourite>
	<favourite name="Real Bout Fatal Fury / Real Bout Garou Densetsu" thumb="http://images.launchbox-app.com/rbff1.png">ActivateWindow(10025,&quot;plugin://plugin.program.iarl/Emulator/FBA_ZachMorris/Game/Real+Bout+Fatal+Fury+%2F+Real+Bout+Garou+Densetsu+%28NGM-095+%7E+NGH-095%29?sf_options=desc%3D%26_options_sf&quot;,return)</favourite>
	<favourite name="Real Bout Fatal Fury 2 - The Newcomers  - Real Bout Garou Densetsu 2 - The Newcomers" thumb="http://thegamesdb.net/banners/boxart/original/front/10466-1.jpg">ActivateWindow(10025,&quot;plugin://plugin.program.iarl/Emulator/Neo_Geo_CD_ZachMorris/Game/Real+Bout+Fatal+Fury+2+-+The+Newcomers+%28USA%29+-+Real+Bout+Garou+Densetsu+2+-+The+Newcomers+%28Jpn%29?sf_options=desc%3D%26_options_sf&quot;,return)</favourite>
	<favourite name="Real Bout Fatal Fury 2 - The Newcomers / Real Bout Garou Densetsu 2 - The Newcomers" thumb="http://archive.org/download/Mame172arcdcmplt/flyers.zip/rbff2.png">ActivateWindow(10025,&quot;plugin://plugin.program.iarl/Emulator/MAME_AKNF_Full/Game/Real+Bout+Fatal+Fury+2+-+The+Newcomers+%2F+Real+Bout+Garou+Densetsu+2+-+The+Newcomers+%28NGM-2400%29?sf_options=desc%3D%26_options_sf&quot;,return)</favourite>
	<favourite name="Real Bout Fatal Fury 2 - The Newcomers / Real Bout Garou Densetsu 2 - The Newcomers" thumb="http://archive.org/download/Mame172arcdcmplt/flyers.zip/rbff2.png">ActivateWindow(10025,&quot;plugin://plugin.program.iarl/Emulator/MAME_ZachMorris/Game/Real+Bout+Fatal+Fury+2+-+The+Newcomers+%2F+Real+Bout+Garou+Densetsu+2+-+The+Newcomers+%28NGM-2400%29?sf_options=desc%3D%26_options_sf&quot;,return)</favourite>
	<favourite name="Real Bout Fatal Fury 2 - The Newcomers / Real Bout Garou Densetsu 2 - The Newcomers" thumb="http://images.launchbox-app.com/rbff2.png">ActivateWindow(10025,&quot;plugin://plugin.program.iarl/Emulator/FBA_ZachMorris/Game/Real+Bout+Fatal+Fury+2+-+The+Newcomers+%2F+Real+Bout+Garou+Densetsu+2+-+The+Newcomers+%28NGM-2400%29?sf_options=desc%3D%26_options_sf&quot;,return)</favourite>
	<favourite name="Real Bout Fatal Fury 2 - The Newcomers / Real Bout Garou Densetsu 2 - the newcomers" thumb="http://archive.org/download/Mame172arcdcmplt/flyers.zip/rbff2.png">ActivateWindow(10025,&quot;plugin://plugin.program.iarl/Emulator/MAME_2014_ZachMorris/Game/Real+Bout+Fatal+Fury+2+-+The+Newcomers+%2F+Real+Bout+Garou+Densetsu+2+-+the+newcomers+%28NGM-2400%29?sf_options=desc%3D%26_options_sf&quot;,return)</favourite>
	<favourite name="Real Bout Fatal Fury Special / Real Bout Garou Densetsu Special" thumb="http://archive.org/download/Mame172arcdcmplt/flyers.zip/rbffspec.png">ActivateWindow(10025,&quot;plugin://plugin.program.iarl/Emulator/MAME_2014_ZachMorris/Game/Real+Bout+Fatal+Fury+Special+%2F+Real+Bout+Garou+Densetsu+Special?sf_options=desc%3D%26_options_sf&quot;,return)</favourite>
	<favourite name="Real Bout Fatal Fury Special / Real Bout Garou Densetsu Special" thumb="http://archive.org/download/Mame172arcdcmplt/flyers.zip/rbffspec.png">ActivateWindow(10025,&quot;plugin://plugin.program.iarl/Emulator/MAME_ZachMorris/Game/Real+Bout+Fatal+Fury+Special+%2F+Real+Bout+Garou+Densetsu+Special?sf_options=desc%3D%26_options_sf&quot;,return)</favourite>
	<favourite name="Real Bout Fatal Fury Special / Real Bout Garou Densetsu Special" thumb="http://images.launchbox-app.com/rbffspec.png">ActivateWindow(10025,&quot;plugin://plugin.program.iarl/Emulator/FBA_ZachMorris/Game/Real+Bout+Fatal+Fury+Special+%2F+Real+Bout+Garou+Densetsu+Special?sf_options=desc%3D%26_options_sf&quot;,return)</favourite>
    <favourite name="Fatal Fury - Battle Archives Volume 1" thumb="http://thegamesdb.net/banners/boxart/original/front/31562-1.jpg">ActivateWindow(10025,&quot;plugin://plugin.program.iarl/Emulator/Sony_Playstation_2_N3RDFLIX/Game/Fatal+Fury+-+Battle+Archives+Volume+1+%28USA%29?sf_options=desc%3D%26_options_sf&quot;,return)</favourite>
</favourites>