<favourites>
	<favourite name="10.  Castle of Illusion Starring Mickey Mouse" thumb="http://static.giantbomb.com/uploads/scale_large/9/93770/2370009-genesis_castleofillusion.jpg">ActivateWindow(10025,&quot;plugin://plugin.program.iarl/Emulator/Master_System_Bestof_ZachMorris/Game/10.++Castle+of+Illusion+Starring+Mickey+Mouse?sf_options=desc%3D%26_options_sf&quot;,return)</favourite>
	<favourite name="1.  Land of Illusion Starring Mickey Mouse" thumb="http://thegamesdb.net/banners/boxart/original/front/5745-1.jpg">ActivateWindow(10025,&quot;plugin://plugin.program.iarl/Emulator/Game_Gear_Bestof_ZachMorris/Game/1.++Land+of+Illusion+Starring+Mickey+Mouse?sf_options=desc%3D%26_options_sf&quot;,return)</favourite>
	<favourite name="11.  Deep Duck Trouble Starring Donald Duck" thumb="http://thegamesdb.net/banners/boxart/original/front/2728-1.jpg">ActivateWindow(10025,&quot;plugin://plugin.program.iarl/Emulator/Master_System_Bestof_ZachMorris/Game/11.++Deep+Duck+Trouble+Starring+Donald+Duck?sf_options=desc%3D%26_options_sf&quot;,return)</favourite>
	<favourite name="11.  Mickey Mania - The Timeless Adventures of Mickey Mouse" thumb="http://i.imgur.com/11CDrDb.png">ActivateWindow(10025,&quot;plugin://plugin.program.iarl/Emulator/Genesis_Bestof_ZachMorris/Game/11.++Mickey+Mania+-+The+Timeless+Adventures+of+Mickey+Mouse?sf_options=desc%3D%26_options_sf&quot;,return)</favourite>
	<favourite name="18.  Aladdin" thumb="http://i.imgur.com/U4Q8pzM.png">ActivateWindow(10025,&quot;plugin://plugin.program.iarl/Emulator/Genesis_Bestof_ZachMorris/Game/18.++Aladdin?sf_options=desc%3D%26_options_sf&quot;,return)</favourite>
	<favourite name="2 Disney Games - Disney Sports - Football + Disney Sports - Skateboarding" thumb="">ActivateWindow(10025,&quot;plugin://plugin.program.iarl/Emulator/GBA_ZachMorris/Game/2+Disney+Games+-+Disney+Sports+-+Football+%2B+Disney+Sports+-+Skateboarding+%28Europe%29+%28En%2CFr%2CDe%2CEs%2CIt%29?sf_options=desc%3D%26_options_sf&quot;,return)</favourite>
	<favourite name="2 Disney Games - Lilo &amp; Stitch 2 + Peter Pan - Return to Neverland" thumb="">ActivateWindow(10025,&quot;plugin://plugin.program.iarl/Emulator/GBA_ZachMorris/Game/2+Disney+Games+-+Lilo+%26+Stitch+2+%2B+Peter+Pan+-+Return+to+Neverland+%28Europe%29+%28En%2CFr%2CDe%2CEs%2BEn%2CFr%2CDe%2CEs%2CIt%2CNl%29?sf_options=desc%3D%26_options_sf&quot;,return)</favourite>
	<favourite name="2 Games in 1 - Brother Bear + The Lion King" thumb="">ActivateWindow(10025,&quot;plugin://plugin.program.iarl/Emulator/GBA_ZachMorris/Game/2+Games+in+1+-+Brother+Bear+%2B+The+Lion+King+%28Europe%29+%28En%2CFr%2CDe%2CEs%2CIt%2CNl%2CSv%2CDa%29?sf_options=desc%3D%26_options_sf&quot;,return)</favourite>
	<favourite name="2 Games in 1 - Disney Princess + Brother Bear" thumb="http://img.gamefaqs.net/box/3/6/3/110363_front.jpg">ActivateWindow(10025,&quot;plugin://plugin.program.iarl/Emulator/GBA_ZachMorris/Game/2+Games+in+1+-+Disney+Princess+%2B+Brother+Bear+%28Europe%29+%28En%2BEn%2CFr%2CDe%2CEs%2CIt%2CNl%2CSv%2CDa%29?sf_options=desc%3D%26_options_sf&quot;,return)</favourite>
	<favourite name="2 Games in 1 - Disney Princess + Lizzie McGuire" thumb="">ActivateWindow(10025,&quot;plugin://plugin.program.iarl/Emulator/GBA_ZachMorris/Game/2+Games+in+1+-+Disney+Princess+%2B+Lizzie+McGuire+%28Europe%29?sf_options=desc%3D%26_options_sf&quot;,return)</favourite>
	<favourite name="2 Games in 1 - Finding Nemo + The Incredibles" thumb="http://img.gamefaqs.net/box/1/6/7/81167_front.jpg">ActivateWindow(10025,&quot;plugin://plugin.program.iarl/Emulator/GBA_ZachMorris/Game/2+Games+in+1+-+Finding+Nemo+%2B+The+Incredibles+%28Europe%29?sf_options=desc%3D%26_options_sf&quot;,return)</favourite>
	<favourite name="2 Games in 1 - Finding Nemo - The Continuing Adventures + The Incredibles" thumb="http://img.gamefaqs.net/box/9/5/4/109954_front.jpg">ActivateWindow(10025,&quot;plugin://plugin.program.iarl/Emulator/GBA_ZachMorris/Game/2+Games+in+1+-+Finding+Nemo+-+The+Continuing+Adventures+%2B+The+Incredibles+%28USA%29?sf_options=desc%3D%26_options_sf&quot;,return)</favourite>
	<favourite name="2 Games in 1 - Monsters, Inc. + Finding Nemo" thumb="http://img.gamefaqs.net/box/6/6/0/69660_front.jpg">ActivateWindow(10025,&quot;plugin://plugin.program.iarl/Emulator/GBA_ZachMorris/Game/2+Games+in+1+-+Monsters%2C+Inc.+%2B+Finding+Nemo+%28USA%29?sf_options=desc%3D%26_options_sf&quot;,return)</favourite>
	<favourite name="2 Games in 1 - Monsters en Co. + Finding Nemo" thumb="">ActivateWindow(10025,&quot;plugin://plugin.program.iarl/Emulator/GBA_ZachMorris/Game/2+Games+in+1+-+Monsters+en+Co.+%2B+Finding+Nemo+%28Netherlands%29+%28En%2CEs%2CNl%2BFr%2CNl%29?sf_options=desc%3D%26_options_sf&quot;,return)</favourite>
	<favourite name="2 Games in 1 - The Lion King + Disney Princess" thumb="http://www.mobygames.com/images/covers/l/235105-2-games-in-1-disney-princess-disney-s-the-lion-king-game-boy-advance-front-cover.jpg">ActivateWindow(10025,&quot;plugin://plugin.program.iarl/Emulator/GBA_ZachMorris/Game/2+Games+in+1+-+The+Lion+King+%2B+Disney+Princess+%28Europe%29+%28En%2CFr%2CDe%2CEs%2CIt%2CNl%2CSv%2CDa%2BEn%29?sf_options=desc%3D%26_options_sf&quot;,return)</favourite>
	<favourite name="2.  Land of Illusion Starring Mickey Mouse" thumb="http://thegamesdb.net/banners/boxart/original/front/2881-1.jpg">ActivateWindow(10025,&quot;plugin://plugin.program.iarl/Emulator/Master_System_Bestof_ZachMorris/Game/2.++Land+of+Illusion+Starring+Mickey+Mouse+%28Europe%29?sf_options=desc%3D%26_options_sf&quot;,return)</favourite>
	<favourite name="22.  World of Illusion Starring Mickey Mouse and Donald Duck" thumb="http://static.giantbomb.com/uploads/scale_large/9/93770/2389662-genesis_worldofillusion.jpg">ActivateWindow(10025,&quot;plugin://plugin.program.iarl/Emulator/Genesis_Bestof_ZachMorris/Game/22.++World+of+Illusion+Starring+Mickey+Mouse+and+Donald+Duck?sf_options=desc%3D%26_options_sf&quot;,return)</favourite>
	<favourite name="23.  DuckTales" thumb="http://i.imgur.com/BdXeQ2j.jpg">ActivateWindow(10025,&quot;plugin://plugin.program.iarl/Emulator/NES_Bestof_ZachMorris/Game/23.++DuckTales?sf_options=desc%3D%26_options_sf&quot;,return)</favourite>
	<favourite name="26.  The Lion King" thumb="http://thegamesdb.net/banners/boxart/original/front/3064-2.jpg">ActivateWindow(10025,&quot;plugin://plugin.program.iarl/Emulator/Master_System_Bestof_ZachMorris/Game/26.++The+Lion+King?sf_options=desc%3D%26_options_sf&quot;,return)</favourite>
	<favourite name="28.  Castle of Illusion Starring Mickey Mouse" thumb="http://thegamesdb.net/banners/boxart/original/front/21344-1.jpg">ActivateWindow(10025,&quot;plugin://plugin.program.iarl/Emulator/Game_Gear_Bestof_ZachMorris/Game/28.++Castle+of+Illusion+Starring+Mickey+Mouse?sf_options=desc%3D%26_options_sf&quot;,return)</favourite>
	<favourite name="28.  QuackShot Starring Donald Duck" thumb="http://thegamesdb.net/banners/boxart/original/front/2276-1.jpg">ActivateWindow(10025,&quot;plugin://plugin.program.iarl/Emulator/Genesis_Bestof_ZachMorris/Game/28.++QuackShot+Starring+Donald+Duck?sf_options=desc%3D%26_options_sf&quot;,return)</favourite>
	<favourite name="35.  Castle of Illusion Starring Mickey Mouse" thumb="http://static.giantbomb.com/uploads/scale_large/9/93770/2370009-genesis_castleofillusion.jpg">ActivateWindow(10025,&quot;plugin://plugin.program.iarl/Emulator/Genesis_Bestof_ZachMorris/Game/35.++Castle+of+Illusion+Starring+Mickey+Mouse?sf_options=desc%3D%26_options_sf&quot;,return)</favourite>
	<favourite name="38.  Deep Duck Trouble Starring Donald Duck" thumb="http://thegamesdb.net/banners/boxart/original/front/21345-1.jpg">ActivateWindow(10025,&quot;plugin://plugin.program.iarl/Emulator/Game_Gear_Bestof_ZachMorris/Game/38.++Deep+Duck+Trouble+Starring+Donald+Duck?sf_options=desc%3D%26_options_sf&quot;,return)</favourite>
	<favourite name="39.  Legend of Illusion Starring Mickey Mouse" thumb="http://thegamesdb.net/banners/boxart/original/front/21320-1.jpg">ActivateWindow(10025,&quot;plugin://plugin.program.iarl/Emulator/Game_Gear_Bestof_ZachMorris/Game/39.++Legend+of+Illusion+Starring+Mickey+Mouse?sf_options=desc%3D%26_options_sf&quot;,return)</favourite>
	<favourite name="42.  Legend of Illusion Starring Mickey Mouse" thumb="http://thegamesdb.net/banners/boxart/original/front/2884-1.jpg">ActivateWindow(10025,&quot;plugin://plugin.program.iarl/Emulator/Master_System_Bestof_ZachMorris/Game/42.++Legend+of+Illusion+Starring+Mickey+Mouse?sf_options=desc%3D%26_options_sf&quot;,return)</favourite>
	<favourite name="42.  The Magical Quest Starring Mickey Mouse" thumb="http://static.giantbomb.com/uploads/scale_large/8/87790/2543322-box_tmqsmm.png">ActivateWindow(10025,&quot;plugin://plugin.program.iarl/Emulator/SNES_Bestof_ZachMorris/Game/42.++The+Magical+Quest+Starring+Mickey+Mouse?sf_options=desc%3D%26_options_sf&quot;,return)</favourite>
	<favourite name="Adventures of Pinocchio, The" thumb="http://img.gamefaqs.net/screens/4/2/5/gfs_77849_1_1.jpg">ActivateWindow(10025,&quot;plugin://plugin.program.iarl/Emulator/GB_Classic_ZachMorris/Game/Adventures+of+Pinocchio%2C+The+%28Unknown%29+%28Proto%29?sf_options=desc%3D%26_options_sf&quot;,return)</favourite>
	<favourite name="Aladdin" thumb="http://archive.org/download/Mame172arcdcmplt/snap.zip/mg_alad.png">ActivateWindow(10025,&quot;plugin://plugin.program.iarl/Emulator/MAME_ZachMorris/Game/Aladdin%27s+Cave+%28Maygay+M2%29?sf_options=desc%3D%26_options_sf&quot;,return)</favourite>
	<favourite name="Aladdin" thumb="http://i.imgur.com/OBylZcg.jpg">ActivateWindow(10025,&quot;plugin://plugin.program.iarl/Emulator/NES_ZachMorris/Game/Aladdin+%28Europe%29?sf_options=desc%3D%26_options_sf&quot;,return)</favourite>
	<favourite name="Aladdin" thumb="http://thegamesdb.net/banners/boxart/original/front/2867-2.jpg">ActivateWindow(10025,&quot;plugin://plugin.program.iarl/Emulator/Master_System_ZachMorris/Game/Aladdin+%28Europe%29?sf_options=desc%3D%26_options_sf&quot;,return)</favourite>
	<favourite name="Aladdin" thumb="http://static.giantbomb.com/uploads/scale_large/9/93770/2361667-nes_disneysaladdin_de.jpg">ActivateWindow(10025,&quot;plugin://plugin.program.iarl/Emulator/GBC_ZachMorris/Game/Aladdin+%28USA%29?sf_options=desc%3D%26_options_sf&quot;,return)</favourite>
	<favourite name="Aladdin" thumb="http://i.imgur.com/4xnxYRe.png">ActivateWindow(10025,&quot;plugin://plugin.program.iarl/Emulator/SNES_ZachMorris/Game/Aladdin+%28USA%29?sf_options=desc%3D%26_options_sf&quot;,return)</favourite>
	<favourite name="Aladdin" thumb="http://thegamesdb.net/banners/boxart/original/front/3383-1.jpg">ActivateWindow(10025,&quot;plugin://plugin.program.iarl/Emulator/GBA_ZachMorris/Game/Aladdin+%28USA%29+%28En%2CFr%2CDe%2CEs%29?sf_options=desc%3D%26_options_sf&quot;,return)</favourite>
	<favourite name="Aladdin" thumb="http://static.giantbomb.com/uploads/scale_large/9/93770/2361667-nes_disneysaladdin_de.jpg">ActivateWindow(10025,&quot;plugin://plugin.program.iarl/Emulator/GB_Classic_ZachMorris/Game/Aladdin+%28USA%29+%28SGB+Enhanced%29?sf_options=desc%3D%26_options_sf&quot;,return)</favourite>
	<favourite name="Aladdin" thumb="http://thegamesdb.net/banners/boxart/original/front/20353-1.jpg">ActivateWindow(10025,&quot;plugin://plugin.program.iarl/Emulator/Game_Gear_ZachMorris/Game/Aladdin+%28USA%2C+Europe%29?sf_options=desc%3D%26_options_sf&quot;,return)</favourite>
	<favourite name="Aladdin" thumb="http://archive.org/download/Mame172arcdcmplt/snap.zip/aladmdb.png">ActivateWindow(10025,&quot;plugin://plugin.program.iarl/Emulator/MAME_ZachMorris/Game/Aladdin+%28bootleg+of+Japanese+Megadrive+version%29?sf_options=desc%3D%26_options_sf&quot;,return)</favourite>
	<favourite name="Arachnophobia" thumb="http://www.mobygames.com/images/covers/l/11932-arachnophobia-dos-front-cover.jpg">ActivateWindow(10025,&quot;plugin://plugin.program.iarl/Emulator/IA_MSDOS_ZachMorris/Game/Arachnophobia?sf_options=desc%3D%26_options_sf&quot;,return)</favourite>
	<favourite name="Arachnophobia" thumb="https://archive.org/download/C64Games_201705/C64_Screenshots.zip/C64_Screenshots%2FArachnophobia%20%28USA%29_snapshot1.png">ActivateWindow(10025,&quot;plugin://plugin.program.iarl/Emulator/C64_ZachMorris/Game/Arachnophobia+%28USA%29?sf_options=desc%3D%26_options_sf&quot;,return)</favourite>
	<favourite name="Ariel - The Little Mermaid" thumb="http://thegamesdb.net/banners/boxart/original/front/26105-1.jpg">ActivateWindow(10025,&quot;plugin://plugin.program.iarl/Emulator/Master_System_ZachMorris/Game/Ariel+-+The+Little+Mermaid+%28Brazil%29?sf_options=desc%3D%26_options_sf&quot;,return)</favourite>
	<favourite name="Ariel the Little Mermaid" thumb="http://thegamesdb.net/banners/boxart/original/front/11836-1.jpg">ActivateWindow(10025,&quot;plugin://plugin.program.iarl/Emulator/Game_Gear_ZachMorris/Game/Ariel+the+Little+Mermaid+%28USA%2C+Europe%29?sf_options=desc%3D%26_options_sf&quot;,return)</favourite>
	<favourite name="Ariel the Little Mermaid" thumb="http://thegamesdb.net/banners/boxart/original/front/449-1.jpg">ActivateWindow(10025,&quot;plugin://plugin.program.iarl/Emulator/Genesis_ZachMorris/Game/Ariel+the+Little+Mermaid+%28USA%2C+Europe%29?sf_options=desc%3D%26_options_sf&quot;,return)</favourite>
	<favourite name="Bug" thumb="http://i.imgur.com/VCG4eXX.jpg">ActivateWindow(10025,&quot;plugin://plugin.program.iarl/Emulator/N64_ZachMorris/Game/Bug%27s+Life%2C+A+%28USA%29?sf_options=desc%3D%26_options_sf&quot;,return)</favourite>
	<favourite name="Bug" thumb="http://thegamesdb.net/banners/boxart/original/front/8600-1.jpg">ActivateWindow(10025,&quot;plugin://plugin.program.iarl/Emulator/GBC_ZachMorris/Game/Bug%27s+Life%2C+A+%28USA%29+%28SGB+Enhanced%29?sf_options=desc%3D%26_options_sf&quot;,return)</favourite>
	<favourite name="Castle of Illusion Starring Mickey Mouse" thumb="http://static.giantbomb.com/uploads/scale_large/9/93770/2370009-genesis_castleofillusion.jpg">ActivateWindow(10025,&quot;plugin://plugin.program.iarl/Emulator/Master_System_ZachMorris/Game/Castle+of+Illusion+Starring+Mickey+Mouse+%28USA%29?sf_options=desc%3D%26_options_sf&quot;,return)</favourite>
	<favourite name="Castle of Illusion Starring Mickey Mouse" thumb="http://thegamesdb.net/banners/boxart/original/front/21344-1.jpg">ActivateWindow(10025,&quot;plugin://plugin.program.iarl/Emulator/Game_Gear_ZachMorris/Game/Castle+of+Illusion+Starring+Mickey+Mouse+%28USA%2C+Europe%29?sf_options=desc%3D%26_options_sf&quot;,return)</favourite>
	<favourite name="Castle of Illusion Starring Mickey Mouse" thumb="http://static.giantbomb.com/uploads/scale_large/9/93770/2370009-genesis_castleofillusion.jpg">ActivateWindow(10025,&quot;plugin://plugin.program.iarl/Emulator/Genesis_ZachMorris/Game/Castle+of+Illusion+Starring+Mickey+Mouse+%28USA%2C+Europe%29?sf_options=desc%3D%26_options_sf&quot;,return)</favourite>
	<favourite name="Chase on Tom Sawyer" thumb="https://archive.org/download/C64Games_201705/C64_Screenshots.zip/C64_Screenshots%2FChase%20on%20Tom%20Sawyer%27s%20Island%2C%20The_snapshot1.png">ActivateWindow(10025,&quot;plugin://plugin.program.iarl/Emulator/C64_ZachMorris/Game/Chase+on+Tom+Sawyer%27s+Island%2C+The?sf_options=desc%3D%26_options_sf&quot;,return)</favourite>
	<favourite name="Dance Dance Revolution - Disney Mix" thumb="http://thegamesdb.net/banners/boxart/original/front/25259-1.jpg">ActivateWindow(10025,&quot;plugin://plugin.program.iarl/Emulator/PS1_ZachMorris/Game/Dance+Dance+Revolution+-+Disney+Mix+%28USA%29?sf_options=desc%3D%26_options_sf&quot;,return)</favourite>
	<favourite name="Deep Duck Trouble Starring Donald Duck" thumb="http://thegamesdb.net/banners/boxart/original/front/2728-1.jpg">ActivateWindow(10025,&quot;plugin://plugin.program.iarl/Emulator/Master_System_ZachMorris/Game/Deep+Duck+Trouble+Starring+Donald+Duck+%28Europe%29?sf_options=desc%3D%26_options_sf&quot;,return)</favourite>
	<favourite name="Deep Duck Trouble Starring Donald Duck" thumb="http://thegamesdb.net/banners/boxart/original/front/21345-1.jpg">ActivateWindow(10025,&quot;plugin://plugin.program.iarl/Emulator/Game_Gear_ZachMorris/Game/Deep+Duck+Trouble+Starring+Donald+Duck+%28USA%2C+Europe%29?sf_options=desc%3D%26_options_sf&quot;,return)</favourite>
	<favourite name="Disney's Extreme Skate Adventure" thumb="http://thegamesdb.net/banners/boxart/original/front/20923-1.jpg">ActivateWindow(10025,&quot;plugin://plugin.program.iarl/Emulator/Nintendo_Gamecube_N3RDFLIX/Game/Disney%27s+Extreme+Skate+Adventure+%28Europe%29?sf_options=desc%3D%26_options_sf&quot;,return)</favourite>
	<favourite name="Disney's Extreme Skate Adventure" thumb="http://thegamesdb.net/banners/boxart/original/front/22561-1.jpg">ActivateWindow(10025,&quot;plugin://plugin.program.iarl/Emulator/Sony_Playstation_2_N3RDFLIX/Game/Disney%27s+Extreme+Skate+Adventure+%28USA%29?sf_options=desc%3D%26_options_sf&quot;,return)</favourite>
	<favourite name="Disney's Magical Mirror Starring Mickey Mouse" thumb="http://thegamesdb.net/banners/boxart/original/front/20924-1.jpg">ActivateWindow(10025,&quot;plugin://plugin.program.iarl/Emulator/Nintendo_Gamecube_N3RDFLIX/Game/Disney%27s+Magical+Mirror+Starring+Mickey+Mouse+%28Europe%29?sf_options=desc%3D%26_options_sf&quot;,return)</favourite>
	<favourite name="Disney's Party" thumb="http://thegamesdb.net/banners/boxart/original/front/17948-1.jpg">ActivateWindow(10025,&quot;plugin://plugin.program.iarl/Emulator/Nintendo_Gamecube_N3RDFLIX/Game/Disney%27s+Party+%28Europe%29?sf_options=desc%3D%26_options_sf&quot;,return)</favourite>
	<favourite name="Disney's Peter Pan - The Legend of Never Land" thumb="http://thegamesdb.net/banners/boxart/original/front/23319-1.jpg">ActivateWindow(10025,&quot;plugin://plugin.program.iarl/Emulator/Sony_Playstation_2_N3RDFLIX/Game/Disney%27s+Peter+Pan+-+The+Legend+of+Never+Land+%28Europe%29+%28En%2CEs%29?sf_options=desc%3D%26_options_sf&quot;,return)</favourite>
	<favourite name="Disney's Stitch - Experiment 626" thumb="http://thegamesdb.net/banners/boxart/original/front/7446-1.jpg">ActivateWindow(10025,&quot;plugin://plugin.program.iarl/Emulator/Sony_Playstation_2_N3RDFLIX/Game/Disney%27s+Stitch+-+Experiment+626+%28Europe%29?sf_options=desc%3D%26_options_sf&quot;,return)</favourite>
	<favourite name="Disney's Treasure Planet" thumb="http://thegamesdb.net/banners/boxart/original/front/20783-1.jpg">ActivateWindow(10025,&quot;plugin://plugin.program.iarl/Emulator/Sony_Playstation_2_N3RDFLIX/Game/Disney%27s+Treasure+Planet+%28USA%29?sf_options=desc%3D%26_options_sf&quot;,return)</favourite>
	<favourite name="Disney Fairies - Tinker Bell" thumb="http://thegamesdb.net/banners/boxart/original/front/15226-1.jpg">ActivateWindow(10025,&quot;plugin://plugin.program.iarl/Emulator/NINTENDO_DS_N3RDFLIX/Game/Disney+Fairies+-+Tinker+Bell+%28USA%29?sf_options=desc%3D%26_options_sf&quot;,return)</favourite>
	<favourite name="Disney Friends" thumb="http://thegamesdb.net/banners/boxart/original/front/36954-1.jpg">ActivateWindow(10025,&quot;plugin://plugin.program.iarl/Emulator/NINTENDO_DS_N3RDFLIX/Game/Disney+Friends+%28USA%29?sf_options=desc%3D%26_options_sf&quot;,return)</favourite>
	<favourite name="Disney Golf" thumb="http://thegamesdb.net/banners/boxart/original/front/28251-1.jpg">ActivateWindow(10025,&quot;plugin://plugin.program.iarl/Emulator/Sony_Playstation_2_N3RDFLIX/Game/Disney+Golf+%28USA%29?sf_options=desc%3D%26_options_sf&quot;,return)</favourite>
	<favourite name="Disney High School Musical - Sing It!" thumb="http://thegamesdb.net/banners/boxart/original/front/33700-1.jpg">ActivateWindow(10025,&quot;plugin://plugin.program.iarl/Emulator/Sony_Playstation_2_N3RDFLIX/Game/Disney+High+School+Musical+-+Sing+It%21+%28USA%29?sf_options=desc%3D%26_options_sf&quot;,return)</favourite>
	<favourite name="Disney High School Musical 3 - Senior Year Dance!" thumb="http://thegamesdb.net/banners/boxart/original/front/26644-1.jpg">ActivateWindow(10025,&quot;plugin://plugin.program.iarl/Emulator/Sony_Playstation_2_N3RDFLIX/Game/Disney+High+School+Musical+3+-+Senior+Year+Dance%21+%28USA%29?sf_options=desc%3D%26_options_sf&quot;,return)</favourite>
	<favourite name="Disney Move" thumb="http://thegamesdb.net/banners/boxart/original/front/28252-1.jpg">ActivateWindow(10025,&quot;plugin://plugin.program.iarl/Emulator/Sony_Playstation_2_N3RDFLIX/Game/Disney+Move+%28Europe%29?sf_options=desc%3D%26_options_sf&quot;,return)</favourite>
	<favourite name="Disney Pirates of the Caribbean - At World's End" thumb="http://thegamesdb.net/banners/boxart/original/front/16181-1.jpg">ActivateWindow(10025,&quot;plugin://plugin.program.iarl/Emulator/Sony_Playstation_2_N3RDFLIX/Game/Disney+Pirates+of+the+Caribbean+-+At+World%27s+End+%28USA%29?sf_options=desc%3D%26_options_sf&quot;,return)</favourite>
	<favourite name="Disney Pixar Ratatouille" thumb="http://thegamesdb.net/banners/boxart/original/front/30902-1.jpg">ActivateWindow(10025,&quot;plugin://plugin.program.iarl/Emulator/Nintendo_Gamecube_N3RDFLIX/Game/Disney+Pixar+Ratatouille?sf_options=desc%3D%26_options_sf&quot;,return)</favourite>
	<favourite name="Disney Princess - Enchanted Journey" thumb="http://thegamesdb.net/banners/boxart/original/front/38558-1.jpg">ActivateWindow(10025,&quot;plugin://plugin.program.iarl/Emulator/Sony_Playstation_2_N3RDFLIX/Game/Disney+Princess+-+Enchanted+Journey+%28USA%29?sf_options=desc%3D%26_options_sf&quot;,return)</favourite>
	<favourite name="Disney Princess - Enchanting Storybooks" thumb="http://thegamesdb.net/banners/boxart/original/front/18474-1.jpg">ActivateWindow(10025,&quot;plugin://plugin.program.iarl/Emulator/NINTENDO_DS_N3RDFLIX/Game/Disney+Princess+-+Enchanting+Storybooks+%28USA%29?sf_options=desc%3D%26_options_sf&quot;,return)</favourite>
	<favourite name="Disney Princess - Magical Jewels" thumb="http://thegamesdb.net/banners/boxart/original/front/14349-1.jpg">ActivateWindow(10025,&quot;plugin://plugin.program.iarl/Emulator/NINTENDO_DS_N3RDFLIX/Game/Disney+Princess+-+Magical+Jewels+%28USA%29?sf_options=desc%3D%26_options_sf&quot;,return)</favourite>
	<favourite name="Disney Sing It" thumb="http://thegamesdb.net/banners/boxart/original/front/34888-1.jpg">ActivateWindow(10025,&quot;plugin://plugin.program.iarl/Emulator/Sony_Playstation_2_N3RDFLIX/Game/Disney+Sing+It+%28USA%29?sf_options=desc%3D%26_options_sf&quot;,return)</favourite>
	<favourite name="Disney Sing It - High School Musical 3 - Senior Year" thumb="http://thegamesdb.net/banners/boxart/original/front/15436-1.jpg">ActivateWindow(10025,&quot;plugin://plugin.program.iarl/Emulator/Sony_Playstation_2_N3RDFLIX/Game/Disney+Sing+It+-+High+School+Musical+3+-+Senior+Year+%28Europe%29?sf_options=desc%3D%26_options_sf&quot;,return)</favourite>
	<favourite name="Disney Sports - Basketball" thumb="http://thegamesdb.net/banners/boxart/original/front/30808-1.jpg">ActivateWindow(10025,&quot;plugin://plugin.program.iarl/Emulator/Nintendo_Gamecube_N3RDFLIX/Game/Disney+Sports+-+Basketball+%28Europe%29?sf_options=desc%3D%26_options_sf&quot;,return)</favourite>
	<favourite name="Disney Sports - Football" thumb="http://thegamesdb.net/banners/boxart/original/front/30809-1.jpg">ActivateWindow(10025,&quot;plugin://plugin.program.iarl/Emulator/Nintendo_Gamecube_N3RDFLIX/Game/Disney+Sports+-+Football+%28Europe%29?sf_options=desc%3D%26_options_sf&quot;,return)</favourite>
	<favourite name="Disney Sports - Skateboarding" thumb="http://thegamesdb.net/banners/boxart/original/front/6965-1.jpg">ActivateWindow(10025,&quot;plugin://plugin.program.iarl/Emulator/Nintendo_Gamecube_N3RDFLIX/Game/Disney+Sports+-+Skateboarding+%28Europe%29?sf_options=desc%3D%26_options_sf&quot;,return)</favourite>
	<favourite name="Disney Sports Soccer" thumb="http://thegamesdb.net/banners/boxart/original/front/30810-1.jpg">ActivateWindow(10025,&quot;plugin://plugin.program.iarl/Emulator/Nintendo_Gamecube_N3RDFLIX/Game/Disney+Sports+Soccer?sf_options=desc%3D%26_options_sf&quot;,return)</favourite>
	<favourite name="Disney Stitch Jam" thumb="http://thegamesdb.net/banners/boxart/original/front/19130-1.jpg">ActivateWindow(10025,&quot;plugin://plugin.program.iarl/Emulator/NINTENDO_DS_N3RDFLIX/Game/Disney+Stitch+Jam+%28US%29?sf_options=desc%3D%26_options_sf&quot;,return)</favourite>
	<favourite name="Disney TH!NK Fast" thumb="http://thegamesdb.net/banners/boxart/original/front/31554-1.jpg">ActivateWindow(10025,&quot;plugin://plugin.program.iarl/Emulator/Sony_Playstation_2_N3RDFLIX/Game/Disney+TH%21NK+Fast+%28USA%29?sf_options=desc%3D%26_options_sf&quot;,return)</favourite>
	<favourite name="Disney-Pixar The Incredibles - Rise of the Underminer" thumb="http://thegamesdb.net/banners/boxart/original/front/7451-1.jpg">ActivateWindow(10025,&quot;plugin://plugin.program.iarl/Emulator/Sony_Playstation_2_N3RDFLIX/Game/Disney-Pixar+The+Incredibles+-+Rise+of+the+Underminer+%28USA%29?sf_options=desc%3D%26_options_sf&quot;,return)</favourite>
	<favourite name="Disneys Chicken Little" thumb="http://thegamesdb.net/banners/boxart/original/front/8578-1.jpg">ActivateWindow(10025,&quot;plugin://plugin.program.iarl/Emulator/Sony_Playstation_2_N3RDFLIX/Game/Disneys+Chicken+Little+%28USA%29?sf_options=desc%3D%26_options_sf&quot;,return)</favourite>
	<favourite name="Disneys Finding Nemo" thumb="http://thegamesdb.net/banners/boxart/original/front/4162-1.jpg">ActivateWindow(10025,&quot;plugin://plugin.program.iarl/Emulator/Sony_Playstation_2_N3RDFLIX/Game/Disneys+Finding+Nemo+%28USA%29?sf_options=desc%3D%26_options_sf&quot;,return)</favourite>
	<favourite name="Disneys Jungle Book - Rhythm & Groove" thumb="http://thegamesdb.net/banners/boxart/original/front/45493-1.jpg">ActivateWindow(10025,&quot;plugin://plugin.program.iarl/Emulator/Sony_Playstation_2_N3RDFLIX/Game/Disneys+Jungle+Book+-+Rhythm+%26+Groove+%28USA%29?sf_options=desc%3D%26_options_sf&quot;,return)</favourite>
	<favourite name="Disneys Meet The Robinsons" thumb="http://thegamesdb.net/banners/boxart/original/front/7002-1.jpg">ActivateWindow(10025,&quot;plugin://plugin.program.iarl/Emulator/Nintendo_Gamecube_N3RDFLIX/Game/Disneys+Meet+The+Robinsons+%28U%29%28SYNDiCATE%29?sf_options=desc%3D%26_options_sf&quot;,return)</favourite>
	<favourite name="Disneys Meet the Robinsons" thumb="http://thegamesdb.net/banners/boxart/original/front/7361-1.jpg">ActivateWindow(10025,&quot;plugin://plugin.program.iarl/Emulator/Sony_Playstation_2_N3RDFLIX/Game/Disneys+Meet+the+Robinsons+%28USA%29?sf_options=desc%3D%26_options_sf&quot;,return)</favourite>
	<favourite name="Disneys PK Out of the Shadows" thumb="http://thegamesdb.net/banners/boxart/original/front/6964-1.jpg">ActivateWindow(10025,&quot;plugin://plugin.program.iarl/Emulator/Nintendo_Gamecube_N3RDFLIX/Game/Disneys+PK+Out+of+the+Shadows+%28U%29%28OneUp%29?sf_options=desc%3D%26_options_sf&quot;,return)</favourite>
	<favourite name="Disneys Piglets Big Game" thumb="http://thegamesdb.net/banners/boxart/original/front/18710-1.jpg">ActivateWindow(10025,&quot;plugin://plugin.program.iarl/Emulator/Nintendo_Gamecube_N3RDFLIX/Game/Disneys+Piglets+Big+Game+%28U%29%28OneUp%29?sf_options=desc%3D%26_options_sf&quot;,return)</favourite>
	<favourite name="Disneys Tarzan Untamed" thumb="http://thegamesdb.net/banners/boxart/original/front/34723-1.jpg">ActivateWindow(10025,&quot;plugin://plugin.program.iarl/Emulator/Sony_Playstation_2_N3RDFLIX/Game/Disneys+Tarzan+Untamed+%28USA%29?sf_options=desc%3D%26_options_sf&quot;,return)</favourite>
	<favourite name="Donald Duck Goin' Quackers" thumb="http://thegamesdb.net/banners/boxart/original/front/20922-1.jpg">ActivateWindow(10025,&quot;plugin://plugin.program.iarl/Emulator/Nintendo_Gamecube_N3RDFLIX/Game/Donald+Duck+Goin%27+Quackers?sf_options=desc%3D%26_options_sf&quot;,return)</favourite>
	<favourite name="Finding Nemo" thumb="http://thegamesdb.net/banners/boxart/original/front/30831-1.jpg">ActivateWindow(10025,&quot;plugin://plugin.program.iarl/Emulator/Nintendo_Gamecube_N3RDFLIX/Game/Finding+Nemo?sf_options=desc%3D%26_options_sf&quot;,return)</favourite>
	<favourite name="Finding Nemo Escape to the Big Blue Special Edition" thumb="http://thegamesdb.net/banners/boxart/original/front/16776-1.jpg">ActivateWindow(10025,&quot;plugin://plugin.program.iarl/Emulator/NINTENDO_DS_N3RDFLIX/Game/Finding+Nemo+Escape+to+the+Big+Blue+Special+Edition+%28USA%29?sf_options=desc%3D%26_options_sf&quot;,return)</favourite>
	<favourite name="Disney" thumb="http://thegamesdb.net/banners/boxart/original/front/20971-1.jpg">ActivateWindow(10025,&quot;plugin://plugin.program.iarl/Emulator/PS1_ZachMorris/Game/Disney%27s+101+Dalmatians+II+-+Patch%27s+London+Adventure+%28USA%29?sf_options=desc%3D%26_options_sf&quot;,return)</favourite>
	<favourite name="Disney" thumb="http://thegamesdb.net/banners/boxart/original/front/1017-1.jpg">ActivateWindow(10025,&quot;plugin://plugin.program.iarl/Emulator/PS1_ZachMorris/Game/Disney%27s+102+Dalmatians+-+Puppies+to+the+Rescue+%28USA%29?sf_options=desc%3D%26_options_sf&quot;,return)</favourite>
	<favourite name="Disney" thumb="http://thegamesdb.net/banners/boxart/original/front/3524-1.jpg">ActivateWindow(10025,&quot;plugin://plugin.program.iarl/Emulator/Sega_Dreamcast_ZachMorris/Game/Disney%27s+102+Dalmatians+-+Puppies+to+the+Rescue+%28USA%29?sf_options=desc%3D%26_options_sf&quot;,return)</favourite>
	<favourite name="Disney" thumb="http://www.mobygames.com/images/covers/l/104574-disney-s-aladdin-dos-front-cover.jpg">ActivateWindow(10025,&quot;plugin://plugin.program.iarl/Emulator/IA_MSDOS_ZachMorris/Game/Disney%27s+Aladdin?sf_options=desc%3D%26_options_sf&quot;,return)</favourite>
	<favourite name="Disney" thumb="http://thegamesdb.net/banners/boxart/original/front/18762-1.jpg">ActivateWindow(10025,&quot;plugin://plugin.program.iarl/Emulator/PS1_ZachMorris/Game/Disney%27s+Aladdin+in+Nasira%27s+Revenge+%28USA%29?sf_options=desc%3D%26_options_sf&quot;,return)</favourite>
	<favourite name="Disney" thumb="http://thegamesdb.net/banners/boxart/original/front/17050-1.jpg">ActivateWindow(10025,&quot;plugin://plugin.program.iarl/Emulator/PS1_ZachMorris/Game/Disney%27s+Atlantis+-+The+Lost+Empire+%28USA%29?sf_options=desc%3D%26_options_sf&quot;,return)</favourite>
	<favourite name="Disney" thumb="http://thegamesdb.net/banners/boxart/original/front/8120-1.jpg">ActivateWindow(10025,&quot;plugin://plugin.program.iarl/Emulator/Sega_Dreamcast_ZachMorris/Game/Disney%27s+Dinosaur+%28Europe%29+%28En%2CFr%2CDe%2CEs%2CIt%29?sf_options=desc%3D%26_options_sf&quot;,return)</favourite>
	<favourite name="Disney" thumb="http://thegamesdb.net/banners/boxart/original/front/23584-1.jpg">ActivateWindow(10025,&quot;plugin://plugin.program.iarl/Emulator/PS1_ZachMorris/Game/Disney%27s+Dinosaur+%28USA%29?sf_options=desc%3D%26_options_sf&quot;,return)</favourite>
	<favourite name="Disney" thumb="http://thegamesdb.net/banners/boxart/original/front/10021-1.png">ActivateWindow(10025,&quot;plugin://plugin.program.iarl/Emulator/PS1_ZachMorris/Game/Disney%27s+Donald+Duck+-+Goin%27+Quackers+%28USA%29?sf_options=desc%3D%26_options_sf&quot;,return)</favourite>
	<favourite name="Disney" thumb="http://www.mobygames.com/images/covers/l/8034-disney-s-duck-tales-the-quest-for-gold-dos-front-cover.jpg">ActivateWindow(10025,&quot;plugin://plugin.program.iarl/Emulator/IA_MSDOS_ZachMorris/Game/Disney%27s+Duck+Tales+-+The+Quest+for+Gold?sf_options=desc%3D%26_options_sf&quot;,return)</favourite>
	<favourite name="Disney" thumb="http://static.giantbomb.com/uploads/scale_large/0/6087/2280380-33392_13072128882.jpg">ActivateWindow(10025,&quot;plugin://plugin.program.iarl/Emulator/GBA_ZachMorris/Game/Disney%27s+Game+%2B+TV+Episode+-+Lizzie+McGuire+2+-+Lizzie+Diaries+%28USA%29+%28En%2CFr%29?sf_options=desc%3D%26_options_sf&quot;,return)</favourite>
	<favourite name="Disney" thumb="http://thegamesdb.net/banners/boxart/original/front/31973-1.jpg">ActivateWindow(10025,&quot;plugin://plugin.program.iarl/Emulator/PS1_ZachMorris/Game/Disney%27s+Goofy%27s+Fun+House+%28USA%29?sf_options=desc%3D%26_options_sf&quot;,return)</favourite>
	<favourite name="Disney" thumb="http://thegamesdb.net/banners/boxart/original/front/10641-1.jpg">ActivateWindow(10025,&quot;plugin://plugin.program.iarl/Emulator/PS1_ZachMorris/Game/Disney%27s+Hercules+Action+Game+%28USA%29+%28v1.1%29?sf_options=desc%3D%26_options_sf&quot;,return)</favourite>
	<favourite name="Disney" thumb="http://thegamesdb.net/banners/boxart/original/front/18706-1.jpg">ActivateWindow(10025,&quot;plugin://plugin.program.iarl/Emulator/PS1_ZachMorris/Game/Disney%27s+Lilo+%26+Stitch+%28USA%29?sf_options=desc%3D%26_options_sf&quot;,return)</favourite>
	<favourite name="Disney" thumb="http://thegamesdb.net/banners/boxart/original/front/20924-1.jpg">ActivateWindow(10025,&quot;plugin://plugin.program.iarl/Emulator/Nintendo_Gamecube_N3RDFLIX/Game/Disney%27s+Magical+Mirror+Starring+Mickey+Mouse+%28Europe%29?sf_options=desc%3D%26_options_sf&quot;,return)</favourite>
	<favourite name="Disney" thumb="http://thegamesdb.net/banners/boxart/original/front/17948-1.jpg">ActivateWindow(10025,&quot;plugin://plugin.program.iarl/Emulator/Nintendo_Gamecube_N3RDFLIX/Game/Disney%27s+Party+%28Europe%29?sf_options=desc%3D%26_options_sf&quot;,return)</favourite>
	<favourite name="Disney" thumb="http://thegamesdb.net/banners/boxart/original/front/3388-1.jpg">ActivateWindow(10025,&quot;plugin://plugin.program.iarl/Emulator/GBA_ZachMorris/Game/Disney%27s+Party+%28USA%2C+Europe%29+%28En%2CFr%2CDe%2CEs%2CIt%29?sf_options=desc%3D%26_options_sf&quot;,return)</favourite>
	<favourite name="Disney" thumb="http://static.giantbomb.com/uploads/scale_large/1/17574/572642-party_20time_20with_20winnie_20the_20pooh.jpg">ActivateWindow(10025,&quot;plugin://plugin.program.iarl/Emulator/PS1_ZachMorris/Game/Disney%27s+Pooh%27s+Party+Game+-+In+Search+of+the+Treasure+%28USA%29?sf_options=desc%3D%26_options_sf&quot;,return)</favourite>
	<favourite name="Disney" thumb="http://static.giantbomb.com/uploads/scale_large/0/9253/1301816-dssm_us_ps_front.jpg">ActivateWindow(10025,&quot;plugin://plugin.program.iarl/Emulator/PS1_ZachMorris/Game/Disney%27s+Story+Studio+-+Mulan+%28USA%29?sf_options=desc%3D%26_options_sf&quot;,return)</favourite>
	<favourite name="Disney" thumb="http://thegamesdb.net/banners/boxart/original/front/8284-1.jpg">ActivateWindow(10025,&quot;plugin://plugin.program.iarl/Emulator/PS1_ZachMorris/Game/Disney%27s+Tarzan+%28USA%29+%28v1.1%29?sf_options=desc%3D%26_options_sf&quot;,return)</favourite>
	<favourite name="Disney" thumb="http://thegamesdb.net/banners/boxart/original/front/23808-1.jpg">ActivateWindow(10025,&quot;plugin://plugin.program.iarl/Emulator/PS1_ZachMorris/Game/Disney%27s+The+Emperor%27s+New+Groove+%28USA%29?sf_options=desc%3D%26_options_sf&quot;,return)</favourite>
	<favourite name="Disney" thumb="http://thegamesdb.net/banners/boxart/original/front/19534-1.jpg">ActivateWindow(10025,&quot;plugin://plugin.program.iarl/Emulator/PS1_ZachMorris/Game/Disney%27s+The+Lion+King+II+-+Simba%27s+Mighty+Adventure+%28USA%29?sf_options=desc%3D%26_options_sf&quot;,return)</favourite>
	<favourite name="Disney" thumb="http://thegamesdb.net/banners/boxart/original/front/18708-1.jpg">ActivateWindow(10025,&quot;plugin://plugin.program.iarl/Emulator/PS1_ZachMorris/Game/Disney%27s+The+Little+Mermaid+II+%28USA%29?sf_options=desc%3D%26_options_sf&quot;,return)</favourite>
	<favourite name="Disney" thumb="http://thegamesdb.net/banners/boxart/original/front/20784-1.jpg">ActivateWindow(10025,&quot;plugin://plugin.program.iarl/Emulator/PS1_ZachMorris/Game/Disney%27s+Treasure+Planet+%28USA%29?sf_options=desc%3D%26_options_sf&quot;,return)</favourite>
	<favourite name="Disney" thumb="http://thegamesdb.net/banners/boxart/original/front/20783-1.jpg">ActivateWindow(10025,&quot;plugin://plugin.program.iarl/Emulator/Sony_Playstation_2_N3RDFLIX/Game/Disney%27s+Treasure+Planet+%28USA%29?sf_options=desc%3D%26_options_sf&quot;,return)</favourite>
	<favourite name="Disney" thumb="">ActivateWindow(10025,&quot;plugin://plugin.program.iarl/Emulator/PS1_ZachMorris/Game/Disney%27s+Winnie+the+Pooh+-+Kindergarten+%28USA%29?sf_options=desc%3D%26_options_sf&quot;,return)</favourite>
	<favourite name="Disney" thumb="">ActivateWindow(10025,&quot;plugin://plugin.program.iarl/Emulator/PS1_ZachMorris/Game/Disney%27s+Winnie+the+Pooh+-+Preschool+%28USA%29?sf_options=desc%3D%26_options_sf&quot;,return)</favourite>
	<favourite name="Disney Collection, The - QuackShot Starring Donald Duck + Castle of Illusion Starring Mickey Mouse" thumb="http://thegamesdb.net/banners/boxart/original/front/20365-1.png">ActivateWindow(10025,&quot;plugin://plugin.program.iarl/Emulator/Genesis_ZachMorris/Game/Disney+Collection%2C+The+-+QuackShot+Starring+Donald+Duck+%2B+Castle+of+Illusion+Starring+Mickey+Mouse+%28Europe%29?sf_options=desc%3D%26_options_sf&quot;,return)</favourite>
	<favourite name="Disney Presents Tigger" thumb="http://thegamesdb.net/banners/boxart/original/front/18705-1.png">ActivateWindow(10025,&quot;plugin://plugin.program.iarl/Emulator/PS1_ZachMorris/Game/Disney+Presents+Tigger%27s+Honey+Hunt+%28USA%29+%28v1.1%29?sf_options=desc%3D%26_options_sf&quot;,return)</favourite>
	<favourite name="Disney Princess" thumb="http://static.giantbomb.com/uploads/scale_large/2/25631/1381108-disneyprincess.jpg">ActivateWindow(10025,&quot;plugin://plugin.program.iarl/Emulator/GBA_ZachMorris/Game/Disney+Princess+%28USA%2C+Europe%29?sf_options=desc%3D%26_options_sf&quot;,return)</favourite>
	<favourite name="Disney Princess - Enchanting Storybooks" thumb="http://thegamesdb.net/banners/boxart/original/front/18474-1.jpg">ActivateWindow(10025,&quot;plugin://plugin.program.iarl/Emulator/NINTENDO_DS_N3RDFLIX/Game/Disney+Princess+-+Enchanting+Storybooks+%28USA%29?sf_options=desc%3D%26_options_sf&quot;,return)</favourite>
	<favourite name="Disney Princess - Magical Jewels" thumb="http://thegamesdb.net/banners/boxart/original/front/14349-1.jpg">ActivateWindow(10025,&quot;plugin://plugin.program.iarl/Emulator/NINTENDO_DS_N3RDFLIX/Game/Disney+Princess+-+Magical+Jewels+%28USA%29?sf_options=desc%3D%26_options_sf&quot;,return)</favourite>
	<favourite name="Disney Princess - Royal Adventure" thumb="http://thegamesdb.net/banners/boxart/original/front/27938-1.jpg">ActivateWindow(10025,&quot;plugin://plugin.program.iarl/Emulator/GBA_ZachMorris/Game/Disney+Princess+-+Royal+Adventure+%28USA%29?sf_options=desc%3D%26_options_sf&quot;,return)</favourite>
	<favourite name="Disney Sports - Basketball" thumb="http://thegamesdb.net/banners/boxart/original/front/30808-1.jpg">ActivateWindow(10025,&quot;plugin://plugin.program.iarl/Emulator/Nintendo_Gamecube_N3RDFLIX/Game/Disney+Sports+-+Basketball+%28Europe%29?sf_options=desc%3D%26_options_sf&quot;,return)</favourite>
	<favourite name="Disney Sports - Basketball" thumb="http://thegamesdb.net/banners/boxart/original/front/22241-1.jpg">ActivateWindow(10025,&quot;plugin://plugin.program.iarl/Emulator/GBA_ZachMorris/Game/Disney+Sports+-+Basketball+%28USA%29?sf_options=desc%3D%26_options_sf&quot;,return)</favourite>
	<favourite name="Disney Sports - Football" thumb="http://thegamesdb.net/banners/boxart/original/front/30809-1.jpg">ActivateWindow(10025,&quot;plugin://plugin.program.iarl/Emulator/Nintendo_Gamecube_N3RDFLIX/Game/Disney+Sports+-+Football+%28Europe%29?sf_options=desc%3D%26_options_sf&quot;,return)</favourite>
	<favourite name="Disney Sports - Football" thumb="http://thegamesdb.net/banners/boxart/original/front/3389-1.jpg">ActivateWindow(10025,&quot;plugin://plugin.program.iarl/Emulator/GBA_ZachMorris/Game/Disney+Sports+-+Football+%28USA%29?sf_options=desc%3D%26_options_sf&quot;,return)</favourite>
	<favourite name="Disney Sports - Motocross" thumb="http://thegamesdb.net/banners/boxart/original/front/25908-1.jpg">ActivateWindow(10025,&quot;plugin://plugin.program.iarl/Emulator/GBA_ZachMorris/Game/Disney+Sports+-+Motocross+%28USA%29?sf_options=desc%3D%26_options_sf&quot;,return)</favourite>
	<favourite name="Disney Sports - Skateboarding" thumb="http://thegamesdb.net/banners/boxart/original/front/6965-1.jpg">ActivateWindow(10025,&quot;plugin://plugin.program.iarl/Emulator/Nintendo_Gamecube_N3RDFLIX/Game/Disney+Sports+-+Skateboarding+%28Europe%29?sf_options=desc%3D%26_options_sf&quot;,return)</favourite>
	<favourite name="Disney Sports - Skateboarding" thumb="http://static.giantbomb.com/uploads/scale_large/8/87790/2275984-box_dss.png">ActivateWindow(10025,&quot;plugin://plugin.program.iarl/Emulator/GBA_ZachMorris/Game/Disney+Sports+-+Skateboarding+%28USA%29?sf_options=desc%3D%26_options_sf&quot;,return)</favourite>
	<favourite name="Disney Sports - Snowboarding" thumb="http://static.giantbomb.com/uploads/scale_large/8/87790/2543554-box_dssnow.png">ActivateWindow(10025,&quot;plugin://plugin.program.iarl/Emulator/GBA_ZachMorris/Game/Disney+Sports+-+Snowboarding+%28USA%29?sf_options=desc%3D%26_options_sf&quot;,return)</favourite>
	<favourite name="Disney Sports - Soccer" thumb="http://static.giantbomb.com/uploads/scale_large/8/87790/2543553-box_dss.png">ActivateWindow(10025,&quot;plugin://plugin.program.iarl/Emulator/GBA_ZachMorris/Game/Disney+Sports+-+Soccer+%28USA%29?sf_options=desc%3D%26_options_sf&quot;,return)</favourite>
	<favourite name="Disney-Pixar A Bug" thumb="http://thegamesdb.net/banners/boxart/original/front/14136-1.jpg">ActivateWindow(10025,&quot;plugin://plugin.program.iarl/Emulator/PS1_ZachMorris/Game/Disney-Pixar+A+Bug%27s+Life+%28USA%29+%28v1.1%29?sf_options=desc%3D%26_options_sf&quot;,return)</favourite>
	<favourite name="Disney-Pixar Toy Story 2 - Buzz Lightyear to the Rescue!" thumb="http://thegamesdb.net/banners/boxart/original/front/8338-1.jpg">ActivateWindow(10025,&quot;plugin://plugin.program.iarl/Emulator/Sega_Dreamcast_ZachMorris/Game/Disney-Pixar+Toy+Story+2+-+Buzz+Lightyear+to+the+Rescue%21+%28Europe%29?sf_options=desc%3D%26_options_sf&quot;,return)</favourite>
	<favourite name="Disney-Pixar Toy Story 2 - Buzz Lightyear to the Rescue!" thumb="http://thegamesdb.net/banners/boxart/original/front/10827-1.jpg">ActivateWindow(10025,&quot;plugin://plugin.program.iarl/Emulator/PS1_ZachMorris/Game/Disney-Pixar+Toy+Story+2+-+Buzz+Lightyear+to+the+Rescue%21+%28USA%29?sf_options=desc%3D%26_options_sf&quot;,return)</favourite>
	<favourite name="Disney-Pixar Toy Story Racer" thumb="http://thegamesdb.net/banners/boxart/original/front/24937-1.jpg">ActivateWindow(10025,&quot;plugin://plugin.program.iarl/Emulator/PS1_ZachMorris/Game/Disney-Pixar+Toy+Story+Racer+%28USA%29?sf_options=desc%3D%26_options_sf&quot;,return)</favourite>
	<favourite name="Donald" thumb="http://www.mobygames.com/images/covers/l/37249-donald-s-alphabet-chase-dos-front-cover.jpg">ActivateWindow(10025,&quot;plugin://plugin.program.iarl/Emulator/IA_MSDOS_ZachMorris/Game/Donald%27s+Alphabet+Chase?sf_options=desc%3D%26_options_sf&quot;,return)</favourite>
	<favourite name="Donald" thumb="https://archive.org/download/C64Games_201705/C64_Screenshots.zip/C64_Screenshots%2FDonald%27s%20Alphabet%20Chase%20%28USA%29_snapshot1.png">ActivateWindow(10025,&quot;plugin://plugin.program.iarl/Emulator/C64_ZachMorris/Game/Donald%27s+Alphabet+Chase+%28USA%29?sf_options=desc%3D%26_options_sf&quot;,return)</favourite>
	<favourite name="Donald Duck" thumb="http://www.mobygames.com/images/shots/l/14087-donald-duck-s-playground-pc-booter-screenshot-sierra-disney.jpg">ActivateWindow(10025,&quot;plugin://plugin.program.iarl/Emulator/IA_MSDOS_ZachMorris/Game/Donald+Duck%27s+Playground?sf_options=desc%3D%26_options_sf&quot;,return)</favourite>
	<favourite name="Donald Duck" thumb="http://thegamesdb.net/banners/boxart/original/front/23121-1.jpg">ActivateWindow(10025,&quot;plugin://plugin.program.iarl/Emulator/SCUMMVM_ZachMorris/Game/Donald+Duck%27s+Playground+%28Floppy+DOS%29?sf_options=desc%3D%26_options_sf&quot;,return)</favourite>
	<favourite name="Donald Duck" thumb="https://archive.org/download/C64Games_201705/C64_Artwork.zip/Commodore%2064%20Artwork%2FDonald%20Duck%27s%20Playground%20%28USA%29%2F%5B1.Front%5D%20Front1.jpg">ActivateWindow(10025,&quot;plugin://plugin.program.iarl/Emulator/C64_ZachMorris/Game/Donald+Duck%27s+Playground+%28USA%29?sf_options=desc%3D%26_options_sf&quot;,return)</favourite>
	<favourite name="Donald Duck - Goin" thumb="http://static.giantbomb.com/uploads/scale_large/8/87790/2543550-box_ddgq.png">ActivateWindow(10025,&quot;plugin://plugin.program.iarl/Emulator/GBC_ZachMorris/Game/Donald+Duck+-+Goin%27+Quackers+%28USA%29+%28En%2CFr%2CDe%2CEs%2CIt%29?sf_options=desc%3D%26_options_sf&quot;,return)</favourite>
	<favourite name="Donald Duck - Goin" thumb="http://thegamesdb.net/banners/boxart/original/front/1089-1.jpg">ActivateWindow(10025,&quot;plugin://plugin.program.iarl/Emulator/N64_ZachMorris/Game/Donald+Duck+-+Goin%27+Quackers+%28USA%29+%28En%2CFr%2CDe%2CEs%2CIt%29?sf_options=desc%3D%26_options_sf&quot;,return)</favourite>
	<favourite name="Donald Duck Advance" thumb="http://thegamesdb.net/banners/boxart/original/front/3454-1.jpg">ActivateWindow(10025,&quot;plugin://plugin.program.iarl/Emulator/GBA_ZachMorris/Game/Donald+Duck+Advance+%28USA%29?sf_options=desc%3D%26_options_sf&quot;,return)</favourite>
	<favourite name="Donald Duck no Mahou no Boushi" thumb="http://i.imgur.com/WjUxdzC.jpg">ActivateWindow(10025,&quot;plugin://plugin.program.iarl/Emulator/SNES_ZachMorris/Game/Donald+Duck+no+Mahou+no+Boushi+%28Japan%29?sf_options=desc%3D%26_options_sf&quot;,return)</favourite>
	<favourite name="Duck Tales - The Quest for Gold" thumb="https://archive.org/download/C64Games_201705/C64_Screenshots.zip/C64_Screenshots%2FDuck%20Tales%20-%20The%20Quest%20for%20Gold%20%28USA%29%20%28Side%20A%29_snapshot1.png">ActivateWindow(10025,&quot;plugin://plugin.program.iarl/Emulator/C64_ZachMorris/Game/Duck+Tales+-+The+Quest+for+Gold+%28USA%29?sf_options=desc%3D%26_options_sf&quot;,return)</favourite>
	<favourite name="DuckTales" thumb="http://static.giantbomb.com/uploads/scale_large/9/93770/2325927-nes_ducktales.jpg">ActivateWindow(10025,&quot;plugin://plugin.program.iarl/Emulator/GB_Classic_ZachMorris/Game/DuckTales+%28USA%29?sf_options=desc%3D%26_options_sf&quot;,return)</favourite>
	<favourite name="DuckTales" thumb="http://i.imgur.com/BdXeQ2j.jpg">ActivateWindow(10025,&quot;plugin://plugin.program.iarl/Emulator/NES_ZachMorris/Game/DuckTales+%28USA%29?sf_options=desc%3D%26_options_sf&quot;,return)</favourite>
	<favourite name="DuckTales 2" thumb="http://thegamesdb.net/banners/boxart/original/front/3179-1.jpg">ActivateWindow(10025,&quot;plugin://plugin.program.iarl/Emulator/GB_Classic_ZachMorris/Game/DuckTales+2+%28USA%29?sf_options=desc%3D%26_options_sf&quot;,return)</favourite>
	<favourite name="DuckTales 2" thumb="http://i.imgur.com/mlqX9Ql.jpg">ActivateWindow(10025,&quot;plugin://plugin.program.iarl/Emulator/NES_ZachMorris/Game/DuckTales+2+%28USA%29?sf_options=desc%3D%26_options_sf&quot;,return)</favourite>
	<favourite name="Enchanted - Once Upon Andalasia" thumb="http://thegamesdb.net/banners/boxart/original/front/24189-1.jpg">ActivateWindow(10025,&quot;plugin://plugin.program.iarl/Emulator/GBA_ZachMorris/Game/Enchanted+-+Once+Upon+Andalasia+%28USA%29+%28En%2CFr%29?sf_options=desc%3D%26_options_sf&quot;,return)</favourite>
	<favourite name="Fearless Pinocchio" thumb="http://archive.org/download/Mame172arcdcmplt/cabinets.zip/fearless.png">ActivateWindow(10025,&quot;plugin://plugin.program.iarl/Emulator/MAME_ZachMorris/Game/Fearless+Pinocchio+%28V101US%29?sf_options=desc%3D%26_options_sf&quot;,return)</favourite>
	<favourite name="Finding Nemo" thumb="http://thegamesdb.net/banners/boxart/original/front/30831-1.jpg">ActivateWindow(10025,&quot;plugin://plugin.program.iarl/Emulator/Nintendo_Gamecube_N3RDFLIX/Game/Finding+Nemo?sf_options=desc%3D%26_options_sf&quot;,return)</favourite>
	<favourite name="Finding Nemo" thumb="http://static.giantbomb.com/uploads/scale_large/0/8272/1146043-914599_front.jpg">ActivateWindow(10025,&quot;plugin://plugin.program.iarl/Emulator/GBA_ZachMorris/Game/Finding+Nemo+%28USA%2C+Europe%29?sf_options=desc%3D%26_options_sf&quot;,return)</favourite>
	<favourite name="Finding Nemo - Aratanaru Bouken" thumb="http://img.gamefaqs.net/box/8/0/9/61809_front.jpg">ActivateWindow(10025,&quot;plugin://plugin.program.iarl/Emulator/GBA_ZachMorris/Game/Finding+Nemo+-+Aratanaru+Bouken+%28Japan%29?sf_options=desc%3D%26_options_sf&quot;,return)</favourite>
	<favourite name="Finding Nemo - The Continuing Adventures" thumb="http://thegamesdb.net/banners/boxart/original/front/25769-1.jpg">ActivateWindow(10025,&quot;plugin://plugin.program.iarl/Emulator/GBA_ZachMorris/Game/Finding+Nemo+-+The+Continuing+Adventures+%28USA%2C+Europe%29?sf_options=desc%3D%26_options_sf&quot;,return)</favourite>
	<favourite name="Finding Nemo Escape to the Big Blue Special Edition" thumb="http://thegamesdb.net/banners/boxart/original/front/16776-1.jpg">ActivateWindow(10025,&quot;plugin://plugin.program.iarl/Emulator/NINTENDO_DS_N3RDFLIX/Game/Finding+Nemo+Escape+to+the+Big+Blue+Special+Edition+%28USA%29?sf_options=desc%3D%26_options_sf&quot;,return)</favourite>
	<favourite name="Gargoyles" thumb="http://thegamesdb.net/banners/boxart/original/front/1937-1.jpg">ActivateWindow(10025,&quot;plugin://plugin.program.iarl/Emulator/Genesis_ZachMorris/Game/Gargoyles+%28USA%29?sf_options=desc%3D%26_options_sf&quot;,return)</favourite>
	<favourite name="Goofy" thumb="http://thegamesdb.net/banners/boxart/original/front/4398-1.jpg">ActivateWindow(10025,&quot;plugin://plugin.program.iarl/Emulator/Genesis_ZachMorris/Game/Goofy%27s+Hysterical+History+Tour+%28USA%29?sf_options=desc%3D%26_options_sf&quot;,return)</favourite>
	<favourite name="Goofy" thumb="http://www.mobygames.com/images/covers/l/175457-goofy-s-railway-express-dos-media.jpg">ActivateWindow(10025,&quot;plugin://plugin.program.iarl/Emulator/IA_MSDOS_ZachMorris/Game/Goofy%27s+Railway+Express?sf_options=desc%3D%26_options_sf&quot;,return)</favourite>
	<favourite name="Goofy" thumb="https://archive.org/download/C64Games_201705/C64_Artwork.zip/Commodore%2064%20Artwork%2FGoofy%27s%20Railway%20Express%20%28USA%29%2FCover-Goofy%27s_Railway_Express.jpg">ActivateWindow(10025,&quot;plugin://plugin.program.iarl/Emulator/C64_ZachMorris/Game/Goofy%27s+Railway+Express+%28USA%29?sf_options=desc%3D%26_options_sf&quot;,return)</favourite>
	<favourite name="Great Circus Mystery Starring Mickey &amp; Minnie, The" thumb="http://i.imgur.com/rhZMsua.jpg">ActivateWindow(10025,&quot;plugin://plugin.program.iarl/Emulator/SNES_ZachMorris/Game/Great+Circus+Mystery+Starring+Mickey+%26+Minnie%2C+The+%28USA%29?sf_options=desc%3D%26_options_sf&quot;,return)</favourite>
	<favourite name="Great Circus Mystery Starring Mickey &amp; Minnie, The" thumb="http://static.giantbomb.com/uploads/scale_large/9/93770/2363860-snes_greatcircusmysterystarringmickeymouse.jpg">ActivateWindow(10025,&quot;plugin://plugin.program.iarl/Emulator/Genesis_ZachMorris/Game/Great+Circus+Mystery+Starring+Mickey+%26+Minnie%2C+The+%28USA%29?sf_options=desc%3D%26_options_sf&quot;,return)</favourite>
	<favourite name="High School Musical - Livin" thumb="http://img.gamefaqs.net/screens/4/2/0/gfs_101702_1_1.jpg">ActivateWindow(10025,&quot;plugin://plugin.program.iarl/Emulator/GBA_ZachMorris/Game/High+School+Musical+-+Livin%27+the+Dream+%28USA%29?sf_options=desc%3D%26_options_sf&quot;,return)</favourite>
	<favourite name="Home on the Range" thumb="http://thegamesdb.net/banners/boxart/original/front/3385-1.jpg">ActivateWindow(10025,&quot;plugin://plugin.program.iarl/Emulator/GBA_ZachMorris/Game/Home+on+the+Range+%28USA%29+%28En%2CFr%29?sf_options=desc%3D%26_options_sf&quot;,return)</favourite>
	<favourite name="Hunchback of Notre Dame, The - 5 Foolishly Fun Topsy Turvy Games" thumb="http://thegamesdb.net/banners/boxart/original/front/21654-1.jpg">ActivateWindow(10025,&quot;plugin://plugin.program.iarl/Emulator/GB_Classic_ZachMorris/Game/Hunchback+of+Notre+Dame%2C+The+-+5+Foolishly+Fun+Topsy+Turvy+Games+%28USA%2C+Europe%29+%28SGB+Enhanced%29?sf_options=desc%3D%26_options_sf&quot;,return)</favourite>
	<favourite name="Kermit" thumb="https://archive.org/download/C64Games_201705/C64_Artwork.zip/Commodore%2064%20Artwork%2FKermit%27s%20Electronic%20Storymaker%20%28USA%29%2FCover-Kermit%27s_Electronic_Storymaker.jpg">ActivateWindow(10025,&quot;plugin://plugin.program.iarl/Emulator/C64_ZachMorris/Game/Kermit%27s+Electronic+Storymaker+%28USA%29?sf_options=desc%3D%26_options_sf&quot;,return)</favourite>
	<favourite name="Meteos - Disney Magic" thumb="http://thegamesdb.net/banners/boxart/original/front/6847-1.jpg">ActivateWindow(10025,&quot;plugin://plugin.program.iarl/Emulator/NINTENDO_DS_N3RDFLIX/Game/Meteos+-+Disney+Magic+%28USA%29?sf_options=desc%3D%26_options_sf&quot;,return)</favourite>
	<favourite name="Kim Possible - Revenge of Monkey Fist" thumb="http://static.giantbomb.com/uploads/scale_large/0/5226/290859-kim_possible_1.jpg">ActivateWindow(10025,&quot;plugin://plugin.program.iarl/Emulator/GBA_ZachMorris/Game/Kim+Possible+-+Revenge+of+Monkey+Fist+%28USA%29?sf_options=desc%3D%26_options_sf&quot;,return)</favourite>
	<favourite name="Kim Possible 2 - Drakken" thumb="http://static.giantbomb.com/uploads/scale_large/13/135472/1898602-920848_58966_front.jpg">ActivateWindow(10025,&quot;plugin://plugin.program.iarl/Emulator/GBA_ZachMorris/Game/Kim+Possible+2+-+Drakken%27s+Demise+%28USA%29+%28En%2CFr%29?sf_options=desc%3D%26_options_sf&quot;,return)</favourite>
	<favourite name="Kim Possible III - Team Possible" thumb="http://thegamesdb.net/banners/boxart/original/front/3475-1.jpg">ActivateWindow(10025,&quot;plugin://plugin.program.iarl/Emulator/GBA_ZachMorris/Game/Kim+Possible+III+-+Team+Possible+%28USA%29+%28En%2CFr%29?sf_options=desc%3D%26_options_sf&quot;,return)</favourite>
	<favourite name="Land of Illusion Starring Mickey Mouse" thumb="http://thegamesdb.net/banners/boxart/original/front/2881-1.jpg">ActivateWindow(10025,&quot;plugin://plugin.program.iarl/Emulator/Master_System_ZachMorris/Game/Land+of+Illusion+Starring+Mickey+Mouse+%28Europe%29?sf_options=desc%3D%26_options_sf&quot;,return)</favourite>
	<favourite name="Land of Illusion Starring Mickey Mouse" thumb="http://thegamesdb.net/banners/boxart/original/front/5745-1.jpg">ActivateWindow(10025,&quot;plugin://plugin.program.iarl/Emulator/Game_Gear_ZachMorris/Game/Land+of+Illusion+Starring+Mickey+Mouse+%28USA%2C+Europe%29?sf_options=desc%3D%26_options_sf&quot;,return)</favourite>
	<favourite name="Legend of Illusion Starring Mickey Mouse" thumb="http://thegamesdb.net/banners/boxart/original/front/2884-1.jpg">ActivateWindow(10025,&quot;plugin://plugin.program.iarl/Emulator/Master_System_ZachMorris/Game/Legend+of+Illusion+Starring+Mickey+Mouse+%28Brazil%29?sf_options=desc%3D%26_options_sf&quot;,return)</favourite>
	<favourite name="Legend of Illusion Starring Mickey Mouse" thumb="http://thegamesdb.net/banners/boxart/original/front/21320-1.jpg">ActivateWindow(10025,&quot;plugin://plugin.program.iarl/Emulator/Game_Gear_ZachMorris/Game/Legend+of+Illusion+Starring+Mickey+Mouse+%28USA%2C+Europe%29?sf_options=desc%3D%26_options_sf&quot;,return)</favourite>
	<favourite name="Lilo &amp; Stitch 2" thumb="http://thegamesdb.net/banners/boxart/original/front/14673-1.jpg">ActivateWindow(10025,&quot;plugin://plugin.program.iarl/Emulator/GBA_ZachMorris/Game/Lilo+%26+Stitch+2+%28Europe%29+%28En%2CFr%2CDe%2CEs%29?sf_options=desc%3D%26_options_sf&quot;,return)</favourite>
	<favourite name="Lilo &amp; Stitch 2 - Haemsterviel Havoc" thumb="http://static.giantbomb.com/uploads/scale_large/1/10831/491288-920849_60005_front.jpg">ActivateWindow(10025,&quot;plugin://plugin.program.iarl/Emulator/GBA_ZachMorris/Game/Lilo+%26+Stitch+2+-+Haemsterviel+Havoc+%28USA%29?sf_options=desc%3D%26_options_sf&quot;,return)</favourite>
	<favourite name="Lion King, The" thumb="http://i.imgur.com/DbUgDVQ.jpg">ActivateWindow(10025,&quot;plugin://plugin.program.iarl/Emulator/NES_ZachMorris/Game/Lion+King%2C+The+%28Europe%29?sf_options=desc%3D%26_options_sf&quot;,return)</favourite>
	<favourite name="Lion King, The" thumb="http://thegamesdb.net/banners/boxart/original/front/3064-2.jpg">ActivateWindow(10025,&quot;plugin://plugin.program.iarl/Emulator/Master_System_ZachMorris/Game/Lion+King%2C+The+%28Europe%29?sf_options=desc%3D%26_options_sf&quot;,return)</favourite>
	<favourite name="Lion King, The" thumb="http://i.imgur.com/zPDddLZ.jpg">ActivateWindow(10025,&quot;plugin://plugin.program.iarl/Emulator/SNES_ZachMorris/Game/Lion+King%2C+The+%28Europe%29?sf_options=desc%3D%26_options_sf&quot;,return)</favourite>
	<favourite name="Lion King, The" thumb="http://thegamesdb.net/banners/boxart/original/front/22626-1.jpg">ActivateWindow(10025,&quot;plugin://plugin.program.iarl/Emulator/GBA_ZachMorris/Game/Lion+King%2C+The+%28Europe%29+%28En%2CFr%2CDe%2CEs%2CIt%2CNl%2CSv%2CDa%29?sf_options=desc%3D%26_options_sf&quot;,return)</favourite>
	<favourite name="Lion King, The" thumb="http://thegamesdb.net/banners/boxart/original/front/5746-1.jpg">ActivateWindow(10025,&quot;plugin://plugin.program.iarl/Emulator/Game_Gear_ZachMorris/Game/Lion+King%2C+The+%28USA%29?sf_options=desc%3D%26_options_sf&quot;,return)</favourite>
	<favourite name="Lion King, The" thumb="http://static.giantbomb.com/uploads/scale_large/9/93770/2370715-genesis_thelionking_cropped.jpg">ActivateWindow(10025,&quot;plugin://plugin.program.iarl/Emulator/GB_Classic_ZachMorris/Game/Lion+King%2C+The+%28USA%29?sf_options=desc%3D%26_options_sf&quot;,return)</favourite>
	<favourite name="Lion King, The" thumb="http://thegamesdb.net/banners/boxart/original/front/669-1.jpg">ActivateWindow(10025,&quot;plugin://plugin.program.iarl/Emulator/Genesis_ZachMorris/Game/Lion+King%2C+The+%28World%29?sf_options=desc%3D%26_options_sf&quot;,return)</favourite>
	<favourite name="Lion King, The - Simba" thumb="http://thegamesdb.net/banners/boxart/original/front/17788-1.jpg">ActivateWindow(10025,&quot;plugin://plugin.program.iarl/Emulator/GBC_ZachMorris/Game/Lion+King%2C+The+-+Simba%27s+Mighty+Adventure+%28USA%2C+Europe%29?sf_options=desc%3D%26_options_sf&quot;,return)</favourite>
	<favourite name="Lion King 1 1-2, The" thumb="http://thegamesdb.net/banners/boxart/original/front/24946-1.jpg">ActivateWindow(10025,&quot;plugin://plugin.program.iarl/Emulator/GBA_ZachMorris/Game/Lion+King+1+1-2%2C+The+%28USA%29?sf_options=desc%3D%26_options_sf&quot;,return)</favourite>
	<favourite name="Little Mermaid, The" thumb="http://static.giantbomb.com/uploads/scale_large/9/93770/2361965-nes_littlemermaid.jpg">ActivateWindow(10025,&quot;plugin://plugin.program.iarl/Emulator/GB_Classic_ZachMorris/Game/Little+Mermaid%2C+The+%28USA%29?sf_options=desc%3D%26_options_sf&quot;,return)</favourite>
	<favourite name="Little Mermaid, The" thumb="http://i.imgur.com/f58qPS0.jpg">ActivateWindow(10025,&quot;plugin://plugin.program.iarl/Emulator/NES_ZachMorris/Game/Little+Mermaid%2C+The+%28USA%29?sf_options=desc%3D%26_options_sf&quot;,return)</favourite>
	<favourite name="Little Mermaid, The - Magic in Two Kingdoms" thumb="http://thegamesdb.net/banners/boxart/original/front/27946-1.jpg">ActivateWindow(10025,&quot;plugin://plugin.program.iarl/Emulator/GBA_ZachMorris/Game/Little+Mermaid%2C+The+-+Magic+in+Two+Kingdoms+%28USA%2C+Europe%29+%28En%2CFr%2CDe%2CEs%2CIt%29?sf_options=desc%3D%26_options_sf&quot;,return)</favourite>
	<favourite name="Little Mermaid II, The - Pinball Frenzy" thumb="http://static.giantbomb.com/uploads/scale_large/4/48222/1377791-472569_44201_front.jpg">ActivateWindow(10025,&quot;plugin://plugin.program.iarl/Emulator/GBC_ZachMorris/Game/Little+Mermaid+II%2C+The+-+Pinball+Frenzy+%28USA%29+%28En%2CFr%2CDe%2CEs%2CIt%29+%28Rumble+Version%29?sf_options=desc%3D%26_options_sf&quot;,return)</favourite>
	<favourite name="Lizzie McGuire - On the Go!" thumb="http://thegamesdb.net/banners/boxart/original/front/28169-1.png">ActivateWindow(10025,&quot;plugin://plugin.program.iarl/Emulator/GBA_ZachMorris/Game/Lizzie+McGuire+-+On+the+Go%21+%28USA%29?sf_options=desc%3D%26_options_sf&quot;,return)</favourite>
	<favourite name="Lizzie McGuire 2 - Lizzie Diaries" thumb="http://thegamesdb.net/banners/boxart/original/front/28170-1.jpg">ActivateWindow(10025,&quot;plugin://plugin.program.iarl/Emulator/GBA_ZachMorris/Game/Lizzie+McGuire+2+-+Lizzie+Diaries+%28USA%29+%28En%2CFr%29?sf_options=desc%3D%26_options_sf&quot;,return)</favourite>
	<favourite name="Lizzie McGuire 3 - Homecoming Havoc" thumb="http://thegamesdb.net/banners/boxart/original/front/28171-1.jpg">ActivateWindow(10025,&quot;plugin://plugin.program.iarl/Emulator/GBA_ZachMorris/Game/Lizzie+McGuire+3+-+Homecoming+Havoc+%28USA%29?sf_options=desc%3D%26_options_sf&quot;,return)</favourite>
	<favourite name="Lucky Dime Caper Starring Donald Duck, The" thumb="http://thegamesdb.net/banners/boxart/original/front/3065-1.jpg">ActivateWindow(10025,&quot;plugin://plugin.program.iarl/Emulator/Master_System_ZachMorris/Game/Lucky+Dime+Caper+Starring+Donald+Duck%2C+The+%28Europe%29?sf_options=desc%3D%26_options_sf&quot;,return)</favourite>
	<favourite name="Lucky Dime Caper Starring Donald Duck, The" thumb="http://thegamesdb.net/banners/boxart/original/front/5739-1.jpg">ActivateWindow(10025,&quot;plugin://plugin.program.iarl/Emulator/Game_Gear_ZachMorris/Game/Lucky+Dime+Caper+Starring+Donald+Duck%2C+The+%28USA%2C+Europe%29?sf_options=desc%3D%26_options_sf&quot;,return)</favourite>
	<favourite name="Magical Quest 2 Starring Mickey &amp; Minnie" thumb="http://thegamesdb.net/banners/boxart/original/front/3386-1.jpg">ActivateWindow(10025,&quot;plugin://plugin.program.iarl/Emulator/GBA_ZachMorris/Game/Magical+Quest+2+Starring+Mickey+%26+Minnie+%28USA%29+%28En%2CFr%2CDe%29?sf_options=desc%3D%26_options_sf&quot;,return)</favourite>
	<favourite name="Magical Quest Starring Mickey &amp; Minnie" thumb="http://i.imgur.com/4wSbdFG.jpg">ActivateWindow(10025,&quot;plugin://plugin.program.iarl/Emulator/GBA_ZachMorris/Game/Magical+Quest+Starring+Mickey+%26+Minnie+%28USA%29?sf_options=desc%3D%26_options_sf&quot;,return)</favourite>
	<favourite name="Magical Quest Starring Mickey Mouse, The" thumb="http://i.imgur.com/jHmat1o.png">ActivateWindow(10025,&quot;plugin://plugin.program.iarl/Emulator/SNES_ZachMorris/Game/Magical+Quest+Starring+Mickey+Mouse%2C+The+%28USA%29?sf_options=desc%3D%26_options_sf&quot;,return)</favourite>
	<favourite name="Matterhorn Screamer" thumb="https://archive.org/download/C64Games_201705/C64_Screenshots.zip/C64_Screenshots%2FMatterhorn%20Screamer%20%28USA%29_snapshot1.png">ActivateWindow(10025,&quot;plugin://plugin.program.iarl/Emulator/C64_ZachMorris/Game/Matterhorn+Screamer+%28USA%29?sf_options=desc%3D%26_options_sf&quot;,return)</favourite>
	<favourite name="Meet the Robinsons" thumb="http://thegamesdb.net/banners/boxart/original/front/47324-1.jpg">ActivateWindow(10025,&quot;plugin://plugin.program.iarl/Emulator/NINTENDO_DS_N3RDFLIX/Game/Meet+the+Robinsons+%28USA%29?sf_options=desc%3D%26_options_sf&quot;,return)</favourite>
	<favourite name="Meet the Robinsons" thumb="http://static.giantbomb.com/uploads/scale_large/8/87790/2285674-box_mtr.png">ActivateWindow(10025,&quot;plugin://plugin.program.iarl/Emulator/GBA_ZachMorris/Game/Meet+the+Robinsons+%28USA%29?sf_options=desc%3D%26_options_sf&quot;,return)</favourite>
	<favourite name="Mickey" thumb="http://i.imgur.com/LT0O29A.jpg">ActivateWindow(10025,&quot;plugin://plugin.program.iarl/Emulator/NES_ZachMorris/Game/Mickey%27s+Adventure+in+Numberland+%28USA%29?sf_options=desc%3D%26_options_sf&quot;,return)</favourite>
	<favourite name="Mickey" thumb="http://thegamesdb.net/banners/boxart/original/front/18688-1.jpg">ActivateWindow(10025,&quot;plugin://plugin.program.iarl/Emulator/GB_Classic_ZachMorris/Game/Mickey%27s+Chase+%28Japan%29?sf_options=desc%3D%26_options_sf&quot;,return)</favourite>
	<favourite name="Mickey" thumb="http://static.giantbomb.com/uploads/scale_large/0/5779/290335-585800_3033_front.jpg">ActivateWindow(10025,&quot;plugin://plugin.program.iarl/Emulator/GB_Classic_ZachMorris/Game/Mickey%27s+Dangerous+Chase+%28USA%29?sf_options=desc%3D%26_options_sf&quot;,return)</favourite>
	<favourite name="Mickey" thumb="http://www.mobygames.com/images/covers/l/175281-mickey-s-jigsaw-puzzles-dos-front-cover.jpg">ActivateWindow(10025,&quot;plugin://plugin.program.iarl/Emulator/IA_MSDOS_ZachMorris/Game/Mickey%27s+Jigsaw+Puzzles?sf_options=desc%3D%26_options_sf&quot;,return)</favourite>
	<favourite name="Mickey" thumb="http://www.mobygames.com/images/covers/l/237794-mickey-s-memory-challenge-dos-front-cover.jpg">ActivateWindow(10025,&quot;plugin://plugin.program.iarl/Emulator/IA_MSDOS_ZachMorris/Game/Mickey%27s+Memory+Challenge?sf_options=desc%3D%26_options_sf&quot;,return)</favourite>
	<favourite name="Mickey" thumb="http://i.imgur.com/maLWhRA.jpg">ActivateWindow(10025,&quot;plugin://plugin.program.iarl/Emulator/SNES_ZachMorris/Game/Mickey%27s+Playtown+Adventure+-+A+Day+of+Discovery%21+%28USA%29+%28Proto%29?sf_options=desc%3D%26_options_sf&quot;,return)</favourite>
	<favourite name="Mickey" thumb="http://thegamesdb.net/banners/boxart/original/front/17348-1.png">ActivateWindow(10025,&quot;plugin://plugin.program.iarl/Emulator/GBC_ZachMorris/Game/Mickey%27s+Racing+Adventure+%28USA%2C+Europe%29+%28En%2CFr%2CDe%2CEs%2CIt%29?sf_options=desc%3D%26_options_sf&quot;,return)</favourite>
	<favourite name="Mickey" thumb="http://www.mobygames.com/images/covers/l/175354-mickey-s-runaway-zoo-dos-front-cover.jpg">ActivateWindow(10025,&quot;plugin://plugin.program.iarl/Emulator/IA_MSDOS_ZachMorris/Game/Mickey%27s+Runaway+Zoo?sf_options=desc%3D%26_options_sf&quot;,return)</favourite>
	<favourite name="Mickey" thumb="https://archive.org/download/C64Games_201705/C64_Artwork.zip/Commodore%2064%20Artwork%2FMickey%27s%20Runaway%20Zoo%20%28USA%29%2FCover-Mickey%27s_Runaway_Zoo.jpg">ActivateWindow(10025,&quot;plugin://plugin.program.iarl/Emulator/C64_ZachMorris/Game/Mickey%27s+Runaway+Zoo+%28USA%29?sf_options=desc%3D%26_options_sf&quot;,return)</favourite>
	<favourite name="Mickey" thumb="http://i.imgur.com/0UYPnVM.png">ActivateWindow(10025,&quot;plugin://plugin.program.iarl/Emulator/NES_ZachMorris/Game/Mickey%27s+Safari+in+Letterland+%28USA%29?sf_options=desc%3D%26_options_sf&quot;,return)</favourite>
	<favourite name="Mickey" thumb="https://archive.org/download/C64Games_201705/C64_Artwork.zip/Commodore%2064%20Artwork%2FMickey%27s%20Space%20Adventure%20%28USA%29%20%28Disk%201%20Side%20A%29%2FCover-Mickey%27s_Space_Adventure.jpg">ActivateWindow(10025,&quot;plugin://plugin.program.iarl/Emulator/C64_ZachMorris/Game/Mickey%27s+Space+Adventure?sf_options=desc%3D%26_options_sf&quot;,return)</favourite>
	<favourite name="Mickey" thumb="http://www.mobygames.com/images/covers/l/232857-mickey-s-space-adventure-dos-front-cover.jpg">ActivateWindow(10025,&quot;plugin://plugin.program.iarl/Emulator/IA_MSDOS_ZachMorris/Game/Mickey%27s+Space+Adventure?sf_options=desc%3D%26_options_sf&quot;,return)</favourite>
	<favourite name="Mickey" thumb="http://thegamesdb.net/banners/boxart/original/front/14886-1.jpg">ActivateWindow(10025,&quot;plugin://plugin.program.iarl/Emulator/SCUMMVM_ZachMorris/Game/Mickey%27s+Space+Adventure+%28Floppy+DOS%29?sf_options=desc%3D%26_options_sf&quot;,return)</favourite>
	<favourite name="Mickey" thumb="http://static.giantbomb.com/uploads/scale_large/8/87790/2543562-box_msusa.png">ActivateWindow(10025,&quot;plugin://plugin.program.iarl/Emulator/N64_ZachMorris/Game/Mickey%27s+Speedway+USA+%28USA%29?sf_options=desc%3D%26_options_sf&quot;,return)</favourite>
	<favourite name="Mickey" thumb="http://thegamesdb.net/banners/boxart/original/front/8634-1.jpg">ActivateWindow(10025,&quot;plugin://plugin.program.iarl/Emulator/GBC_ZachMorris/Game/Mickey%27s+Speedway+USA+%28USA%2C+Europe%29+%28En%2CFr%2CDe%2CEs%29?sf_options=desc%3D%26_options_sf&quot;,return)</favourite>
	<favourite name="Mickey" thumb="http://thegamesdb.net/banners/boxart/original/front/2913-1.jpg">ActivateWindow(10025,&quot;plugin://plugin.program.iarl/Emulator/Master_System_ZachMorris/Game/Mickey%27s+Ultimate+Challenge+%28Brazil%29?sf_options=desc%3D%26_options_sf&quot;,return)</favourite>
	<favourite name="Mickey" thumb="http://thegamesdb.net/banners/boxart/original/front/25135-1.png">ActivateWindow(10025,&quot;plugin://plugin.program.iarl/Emulator/Game_Gear_ZachMorris/Game/Mickey%27s+Ultimate+Challenge+%28USA%29?sf_options=desc%3D%26_options_sf&quot;,return)</favourite>
	<favourite name="Mickey" thumb="http://i.imgur.com/8NnEQVb.jpg">ActivateWindow(10025,&quot;plugin://plugin.program.iarl/Emulator/SNES_ZachMorris/Game/Mickey%27s+Ultimate+Challenge+%28USA%29?sf_options=desc%3D%26_options_sf&quot;,return)</favourite>
	<favourite name="Mickey" thumb="http://thegamesdb.net/banners/boxart/original/front/4503-1.jpg">ActivateWindow(10025,&quot;plugin://plugin.program.iarl/Emulator/Genesis_ZachMorris/Game/Mickey%27s+Ultimate+Challenge+%28USA%29?sf_options=desc%3D%26_options_sf&quot;,return)</favourite>
	<favourite name="Mickey" thumb="http://thegamesdb.net/banners/boxart/original/front/21597-1.jpg">ActivateWindow(10025,&quot;plugin://plugin.program.iarl/Emulator/GB_Classic_ZachMorris/Game/Mickey%27s+Ultimate+Challenge+%28USA%2C+Europe%29?sf_options=desc%3D%26_options_sf&quot;,return)</favourite>
	<favourite name="Mickey Mania - The Timeless Adventures Of Mickey Mouse" thumb="http://thegamesdb.net/banners/boxart/original/front/5062-1.png">ActivateWindow(10025,&quot;plugin://plugin.program.iarl/Emulator/Sega_CD_ZachMorris/Game/Mickey+Mania+-+The+Timeless+Adventures+Of+Mickey+Mouse?sf_options=desc%3D%26_options_sf&quot;,return)</favourite>
	<favourite name="Mickey Mania - The Timeless Adventures of Mickey Mouse" thumb="http://i.imgur.com/aQzEg6C.png">ActivateWindow(10025,&quot;plugin://plugin.program.iarl/Emulator/SNES_ZachMorris/Game/Mickey+Mania+-+The+Timeless+Adventures+of+Mickey+Mouse+%28USA%29?sf_options=desc%3D%26_options_sf&quot;,return)</favourite>
	<favourite name="Mickey Mouse" thumb="https://archive.org/download/C64Games_201705/C64_Artwork.zip/Commodore%2064%20Artwork%2FMickey%20Mouse%20%28Europe%29%2FCover-Mickey_Mouse.jpg">ActivateWindow(10025,&quot;plugin://plugin.program.iarl/Emulator/C64_ZachMorris/Game/Mickey+Mouse+%28Europe%29?sf_options=desc%3D%26_options_sf&quot;,return)</favourite>
	<favourite name="Mickey Mouse - Fushigi no Kuni no Daibouken" thumb="http://i.imgur.com/V8dgxTc.jpg">ActivateWindow(10025,&quot;plugin://plugin.program.iarl/Emulator/NES_ZachMorris/Game/Mickey+Mouse+-+Fushigi+no+Kuni+no+Daibouken+%28Japan%29?sf_options=desc%3D%26_options_sf&quot;,return)</favourite>
	<favourite name="Mickey Mouse - Magic Wands" thumb="http://thegamesdb.net/banners/boxart/original/front/18686-1.jpg">ActivateWindow(10025,&quot;plugin://plugin.program.iarl/Emulator/GB_Classic_ZachMorris/Game/Mickey+Mouse+-+Magic+Wands+%28USA%2C+Europe%29+%28SGB+Enhanced%29?sf_options=desc%3D%26_options_sf&quot;,return)</favourite>
	<favourite name="Mickey Mouse Densetsu no Oukoku - Legend of Illusion" thumb="http://thegamesdb.net/banners/boxart/original/front/21320-1.jpg">ActivateWindow(10025,&quot;plugin://plugin.program.iarl/Emulator/Game_Gear_ZachMorris/Game/Mickey+Mouse+Densetsu+no+Oukoku+-+Legend+of+Illusion+%28Japan%29?sf_options=desc%3D%26_options_sf&quot;,return)</favourite>
	<favourite name="Mickey Mouse II" thumb="http://thegamesdb.net/banners/boxart/original/front/18328-1.jpg">ActivateWindow(10025,&quot;plugin://plugin.program.iarl/Emulator/GB_Classic_ZachMorris/Game/Mickey+Mouse+II+%28Japan%29?sf_options=desc%3D%26_options_sf&quot;,return)</favourite>
	<favourite name="Mickey Mouse III - Yume Fuusen" thumb="http://i.imgur.com/rGaOFdi.jpg">ActivateWindow(10025,&quot;plugin://plugin.program.iarl/Emulator/NES_ZachMorris/Game/Mickey+Mouse+III+-+Yume+Fuusen+%28Japan%29?sf_options=desc%3D%26_options_sf&quot;,return)</favourite>
	<favourite name="Mickey Mouse IV" thumb="http://thegamesdb.net/banners/boxart/original/front/24526-1.jpg">ActivateWindow(10025,&quot;plugin://plugin.program.iarl/Emulator/GB_Classic_ZachMorris/Game/Mickey+Mouse+IV+%28Japan%29?sf_options=desc%3D%26_options_sf&quot;,return)</favourite>
	<favourite name="Mickey Mouse V" thumb="http://thegamesdb.net/banners/boxart/original/front/18686-1.jpg">ActivateWindow(10025,&quot;plugin://plugin.program.iarl/Emulator/GB_Classic_ZachMorris/Game/Mickey+Mouse+V+%28Japan%29?sf_options=desc%3D%26_options_sf&quot;,return)</favourite>
	<favourite name="Mickey Mouse no Castle Illusion" thumb="http://thegamesdb.net/banners/boxart/original/front/21344-1.jpg">ActivateWindow(10025,&quot;plugin://plugin.program.iarl/Emulator/Game_Gear_ZachMorris/Game/Mickey+Mouse+no+Castle+Illusion+%28Japan%29?sf_options=desc%3D%26_options_sf&quot;,return)</favourite>
	<favourite name="Mickey Mouse no Mahou no Crystal" thumb="http://thegamesdb.net/banners/boxart/original/front/5745-1.jpg">ActivateWindow(10025,&quot;plugin://plugin.program.iarl/Emulator/Game_Gear_ZachMorris/Game/Mickey+Mouse+no+Mahou+no+Crystal+%28Japan%29?sf_options=desc%3D%26_options_sf&quot;,return)</favourite>
	<favourite name="Mickey Mousecapade" thumb="http://i.imgur.com/V8dgxTc.jpg">ActivateWindow(10025,&quot;plugin://plugin.program.iarl/Emulator/NES_ZachMorris/Game/Mickey+Mousecapade+%28USA%29?sf_options=desc%3D%26_options_sf&quot;,return)</favourite>
	<favourite name="Mickey no Tokyo Disneyland Daibouken" thumb="http://i.imgur.com/firYxir.jpg">ActivateWindow(10025,&quot;plugin://plugin.program.iarl/Emulator/SNES_ZachMorris/Game/Mickey+no+Tokyo+Disneyland+Daibouken+%28Japan%29?sf_options=desc%3D%26_options_sf&quot;,return)</favourite>
	<favourite name="My Disney Kitchen" thumb="http://thegamesdb.net/banners/boxart/original/front/27798-1.jpg">ActivateWindow(10025,&quot;plugin://plugin.program.iarl/Emulator/PS1_ZachMorris/Game/My+Disney+Kitchen+%28USA%29?sf_options=desc%3D%26_options_sf&quot;,return)</favourite>
	<favourite name="Peter Pan - Return to Neverland" thumb="http://thegamesdb.net/banners/boxart/original/front/20916-1.jpg">ActivateWindow(10025,&quot;plugin://plugin.program.iarl/Emulator/GBA_ZachMorris/Game/Peter+Pan+-+Return+to+Neverland+%28USA%29?sf_options=desc%3D%26_options_sf&quot;,return)</favourite>
	<favourite name="Peter Pan in Disney" thumb="http://thegamesdb.net/banners/boxart/original/front/17049-1.jpg">ActivateWindow(10025,&quot;plugin://plugin.program.iarl/Emulator/PS1_ZachMorris/Game/Peter+Pan+in+Disney%27s+Return+to+Never+Land+%28USA%29?sf_options=desc%3D%26_options_sf&quot;,return)</favourite>
	<favourite name="Piglet" thumb="http://thegamesdb.net/banners/boxart/original/front/3527-1.jpg">ActivateWindow(10025,&quot;plugin://plugin.program.iarl/Emulator/GBA_ZachMorris/Game/Piglet%27s+Big+Game+%28USA%29?sf_options=desc%3D%26_options_sf&quot;,return)</favourite>
	<favourite name="Pinocchio" thumb="http://static.giantbomb.com/uploads/scale_large/9/93770/2371350-genesis_pinocchio_eu_cropped.jpg">ActivateWindow(10025,&quot;plugin://plugin.program.iarl/Emulator/GB_Classic_ZachMorris/Game/Pinocchio+%28USA%29?sf_options=desc%3D%26_options_sf&quot;,return)</favourite>
	<favourite name="Pinocchio" thumb="http://i.imgur.com/svb189j.jpg">ActivateWindow(10025,&quot;plugin://plugin.program.iarl/Emulator/SNES_ZachMorris/Game/Pinocchio+%28USA%29?sf_options=desc%3D%26_options_sf&quot;,return)</favourite>
	<favourite name="Pinocchio" thumb="http://static.giantbomb.com/uploads/scale_large/9/93770/2371350-genesis_pinocchio_eu_cropped.jpg">ActivateWindow(10025,&quot;plugin://plugin.program.iarl/Emulator/Genesis_ZachMorris/Game/Pinocchio+%28USA%29?sf_options=desc%3D%26_options_sf&quot;,return)</favourite>
	<favourite name="Pocahontas" thumb="http://static.giantbomb.com/uploads/scale_large/9/93770/2371352-genesis_pocahontas.jpg">ActivateWindow(10025,&quot;plugin://plugin.program.iarl/Emulator/Genesis_ZachMorris/Game/Pocahontas+%28USA%29?sf_options=desc%3D%26_options_sf&quot;,return)</favourite>
	<favourite name="Pocahontas" thumb="http://thegamesdb.net/banners/boxart/original/front/21698-1.jpg">ActivateWindow(10025,&quot;plugin://plugin.program.iarl/Emulator/GB_Classic_ZachMorris/Game/Pocahontas+%28USA%2C+Europe%29+%28SGB+Enhanced%29?sf_options=desc%3D%26_options_sf&quot;,return)</favourite>
	<favourite name="QuackShot Starring Donald Duck ~ QuackShot - I Love Donald Duck - Guruzia Ou no Hihou" thumb="http://thegamesdb.net/banners/boxart/original/front/2276-1.jpg">ActivateWindow(10025,&quot;plugin://plugin.program.iarl/Emulator/Genesis_ZachMorris/Game/QuackShot+Starring+Donald+Duck+%7E+QuackShot+-+I+Love+Donald+Duck+-+Guruzia+Ou+no+Hihou+%28World%29?sf_options=desc%3D%26_options_sf&quot;,return)</favourite>
	<favourite name="QuackShot Starring Donald Duck ~ QuackShot - I Love Donald Duck - Guruzia Ou no Hihou" thumb="http://static.giantbomb.com/uploads/scale_large/9/93770/2371372-genesis_quackshot_eu.jpg">ActivateWindow(10025,&quot;plugin://plugin.program.iarl/Emulator/Genesis_ZachMorris/Game/QuackShot+Starring+Donald+Duck+%7E+QuackShot+-+I+Love+Donald+Duck+-+Guruzia+Ou+no+Hihou+%28World%29+%28v1.1%29?sf_options=desc%3D%26_options_sf&quot;,return)</favourite>
	<favourite name="Sega Ages - I Love Mickey Mouse - Fushigi no Oshiro Daibouken &amp; I Love Donald Duck - Georgia Ou no Hihou" thumb="">ActivateWindow(10025,&quot;plugin://plugin.program.iarl/Emulator/Sega_Saturn_ZachMorris/Game/Sega+Ages+-+I+Love+Mickey+Mouse+-+Fushigi+no+Oshiro+Daibouken+%26+I+Love+Donald+Duck+-+Georgia+Ou+no+Hihou+%28Japan%29?sf_options=desc%3D%26_options_sf&quot;,return)</favourite>
	<favourite name="Spy Kids 3-D - Game Over" thumb="http://thegamesdb.net/banners/boxart/original/front/26180-1.jpg">ActivateWindow(10025,&quot;plugin://plugin.program.iarl/Emulator/GBA_ZachMorris/Game/Spy+Kids+3-D+-+Game+Over+%28USA%29?sf_options=desc%3D%26_options_sf&quot;,return)</favourite>
	<favourite name="Spy Kids Challenger" thumb="http://thegamesdb.net/banners/boxart/original/front/26181-1.png">ActivateWindow(10025,&quot;plugin://plugin.program.iarl/Emulator/GBA_ZachMorris/Game/Spy+Kids+Challenger+%28USA%29?sf_options=desc%3D%26_options_sf&quot;,return)</favourite>
	<favourite name="Tokyo Disneyland - Mickey no Cinderella-jou Mystery Tour" thumb="http://img.gamefaqs.net/box/5/2/2/30522_front.jpg">ActivateWindow(10025,&quot;plugin://plugin.program.iarl/Emulator/GB_Classic_ZachMorris/Game/Tokyo+Disneyland+-+Mickey+no+Cinderella-jou+Mystery+Tour+%28Japan%29+%28SGB+Enhanced%29?sf_options=desc%3D%26_options_sf&quot;,return)</favourite>
	<favourite name="Toy Story" thumb="http://i.imgur.com/UKSndvo.png">ActivateWindow(10025,&quot;plugin://plugin.program.iarl/Emulator/SNES_ZachMorris/Game/Toy+Story+%28USA%29?sf_options=desc%3D%26_options_sf&quot;,return)</favourite>
	<favourite name="Toy Story" thumb="http://static.giantbomb.com/uploads/scale_large/0/8272/1124915-586557_46808_front.jpg">ActivateWindow(10025,&quot;plugin://plugin.program.iarl/Emulator/Genesis_ZachMorris/Game/Toy+Story+%28USA%29?sf_options=desc%3D%26_options_sf&quot;,return)</favourite>
	<favourite name="Toy Story" thumb="http://thegamesdb.net/banners/boxart/original/front/21792-1.jpg">ActivateWindow(10025,&quot;plugin://plugin.program.iarl/Emulator/GB_Classic_ZachMorris/Game/Toy+Story+%28USA%29+%28Rev+A%29+%28SGB+Enhanced%29?sf_options=desc%3D%26_options_sf&quot;,return)</favourite>
	<favourite name="Toy Story" thumb="http://static.giantbomb.com/uploads/scale_large/0/8272/1124915-586557_46808_front.jpg">ActivateWindow(10025,&quot;plugin://plugin.program.iarl/Emulator/GB_Classic_ZachMorris/Game/Toy+Story+%28USA%29+%28SGB+Enhanced%29?sf_options=desc%3D%26_options_sf&quot;,return)</favourite>
	<favourite name="Toy Story 2" thumb="http://thegamesdb.net/banners/boxart/original/front/22109-1.jpg">ActivateWindow(10025,&quot;plugin://plugin.program.iarl/Emulator/GBC_ZachMorris/Game/Toy+Story+2+%28USA%2C+Europe%29+%28SGB+Enhanced%29?sf_options=desc%3D%26_options_sf&quot;,return)</favourite>
	<favourite name="Toy Story 2 - Buzz Lightyear to the Rescue!" thumb="http://static.giantbomb.com/uploads/scale_large/8/87790/2284722-box_ts2.png">ActivateWindow(10025,&quot;plugin://plugin.program.iarl/Emulator/N64_ZachMorris/Game/Toy+Story+2+-+Buzz+Lightyear+to+the+Rescue%21+%28USA%29+%28Rev+A%29?sf_options=desc%3D%26_options_sf&quot;,return)</favourite>
	<favourite name="Toy Story 2 - Buzz l" thumb="http://thegamesdb.net/banners/boxart/original/front/1223-1.jpg">ActivateWindow(10025,&quot;plugin://plugin.program.iarl/Emulator/N64_ZachMorris/Game/Toy+Story+2+-+Buzz+l%27Eclair+a+la+Rescousse%21+%28France%29?sf_options=desc%3D%26_options_sf&quot;,return)</favourite>
	<favourite name="Toy Story 3" thumb="http://thegamesdb.net/banners/boxart/original/front/33506-1.jpg">ActivateWindow(10025,&quot;plugin://plugin.program.iarl/Emulator/NINTENDO_DS_N3RDFLIX/Game/Toy+Story+3+%28USA%29?sf_options=desc%3D%26_options_sf&quot;,return)</favourite>
	<favourite name="Toy Story 3" thumb="http://thegamesdb.net/banners/boxart/original/front/17876-1.jpg">ActivateWindow(10025,&quot;plugin://plugin.program.iarl/Emulator/PSP_N3RDFLIX/Game/Toy+Story+3+%28USA%29?sf_options=desc%3D%26_options_sf&quot;,return)</favourite>
	<favourite name="Toy Story 3" thumb="http://thegamesdb.net/banners/boxart/original/front/33506-1.jpg">ActivateWindow(10025,&quot;plugin://plugin.program.iarl/Emulator/NINTENDO_DS_N3RDFLIX/Game/Toy+Story+3+%28USA%29?sf_options=desc%3D%26_options_sf&quot;,return)</favourite>
	<favourite name="Toy Story 3" thumb="http://thegamesdb.net/banners/boxart/original/front/17876-1.jpg">ActivateWindow(10025,&quot;plugin://plugin.program.iarl/Emulator/PSP_N3RDFLIX/Game/Toy+Story+3+%28USA%29?sf_options=desc%3D%26_options_sf&quot;,return)</favourite>
	<favourite name="Toy Story 3" thumb="http://thegamesdb.net/banners/boxart/original/front/22505-1.jpg">ActivateWindow(10025,&quot;plugin://plugin.program.iarl/Emulator/Sony_Playstation_2_N3RDFLIX/Game/Toy+Story+3+%28USA%29?sf_options=desc%3D%26_options_sf&quot;,return)</favourite>
    <favourite name="Treasure Planet" thumb="http://thegamesdb.net/banners/boxart/original/front/3390-1.jpg">ActivateWindow(10025,&quot;plugin://plugin.program.iarl/Emulator/GBA_ZachMorris/Game/Treasure+Planet+%28USA%29?sf_options=desc%3D%26_options_sf&quot;,return)</favourite>
	<favourite name="W.i.t.c.h." thumb="http://img.gamefaqs.net/box/1/2/4/72124_front.jpg">ActivateWindow(10025,&quot;plugin://plugin.program.iarl/Emulator/GBA_ZachMorris/Game/W.i.t.c.h.+%28Europe%29+%28En%2CFr%2CDe%2CEs%2CIt%29?sf_options=desc%3D%26_options_sf&quot;,return)</favourite>
	<favourite name="Walt Disney" thumb="http://thegamesdb.net/banners/boxart/original/front/2294-1.jpg">ActivateWindow(10025,&quot;plugin://plugin.program.iarl/Emulator/PS1_ZachMorris/Game/Walt+Disney%27s+The+Jungle+Book+-+Rhythm+n%27+Groove+%28USA%29?sf_options=desc%3D%26_options_sf&quot;,return)</favourite>
	<favourite name="Walt Disney World Quest - Magical Racing Tour" thumb="http://thegamesdb.net/banners/boxart/original/front/13366-1.jpg">ActivateWindow(10025,&quot;plugin://plugin.program.iarl/Emulator/PS1_ZachMorris/Game/Walt+Disney+World+Quest+-+Magical+Racing+Tour+%28USA%29?sf_options=desc%3D%26_options_sf&quot;,return)</favourite>
	<favourite name="Walt Disney World Quest - Magical Racing Tour" thumb="http://thegamesdb.net/banners/boxart/original/front/29247-1.jpg">ActivateWindow(10025,&quot;plugin://plugin.program.iarl/Emulator/Sega_Dreamcast_ZachMorris/Game/Walt+Disney+World+Quest+-+Magical+Racing+Tour+%28USA%29?sf_options=desc%3D%26_options_sf&quot;,return)</favourite>
	<favourite name="Who Framed Roger Rabbit" thumb="http://www.mobygames.com/images/covers/l/216936-who-framed-roger-rabbit-dos-front-cover.jpg">ActivateWindow(10025,&quot;plugin://plugin.program.iarl/Emulator/IA_MSDOS_ZachMorris/Game/Who+Framed+Roger+Rabbit?sf_options=desc%3D%26_options_sf&quot;,return)</favourite>
	<favourite name="Who Framed Roger Rabbit" thumb="https://archive.org/download/C64Games_201705/C64_Artwork.zip/Commodore%2064%20Artwork%2FWho%20Framed%20Roger%20Rabbit%20%28USA%29%2FCover-Who_Framed_Roger_Rabbit.jpg">ActivateWindow(10025,&quot;plugin://plugin.program.iarl/Emulator/C64_ZachMorris/Game/Who+Framed+Roger+Rabbit+%28USA%29?sf_options=desc%3D%26_options_sf&quot;,return)</favourite>
	<favourite name="Who Framed Roger Rabbit" thumb="http://i.imgur.com/TQqEsYb.jpg">ActivateWindow(10025,&quot;plugin://plugin.program.iarl/Emulator/NES_ZachMorris/Game/Who+Framed+Roger+Rabbit+%28USA%29?sf_options=desc%3D%26_options_sf&quot;,return)</favourite>
	<favourite name="Who Framed Roger Rabbit" thumb="http://static.giantbomb.com/uploads/scale_large/9/93770/2362605-nes_whoframedrogerrabbit.jpg">ActivateWindow(10025,&quot;plugin://plugin.program.iarl/Emulator/GB_Classic_ZachMorris/Game/Who+Framed+Roger+Rabbit+%28USA%29?sf_options=desc%3D%26_options_sf&quot;,return)</favourite>
	<favourite name="Win, Lose or Draw" thumb="https://archive.org/download/C64Games_201705/C64_Artwork.zip/Commodore%2064%20Artwork%2FWin%2C%20Lose%20or%20Draw%20%28USA%29%20%28Side%20A%29%2FCover-Win_Lose_or_Draw.jpg">ActivateWindow(10025,&quot;plugin://plugin.program.iarl/Emulator/C64_ZachMorris/Game/Win%2C+Lose+or+Draw+%28USA%29?sf_options=desc%3D%26_options_sf&quot;,return)</favourite>
	<favourite name="Win, Lose or Draw" thumb="http://thegamesdb.net/banners/boxart/original/front/1394-1.jpg">ActivateWindow(10025,&quot;plugin://plugin.program.iarl/Emulator/NES_ZachMorris/Game/Win%2C+Lose+or+Draw+%28USA%29?sf_options=desc%3D%26_options_sf&quot;,return)</favourite>
	<favourite name="Win, Lose or Draw - Second Edition" thumb="https://archive.org/download/C64Games_201705/C64_Artwork.zip/Commodore%2064%20Artwork%2FWin%2C%20Lose%20or%20Draw%20-%20Second%20Edition%20%28USA%29%20%28Side%20A%29%2FCover-Win_Lose_or_Draw_-_Second_Edition.jpg">ActivateWindow(10025,&quot;plugin://plugin.program.iarl/Emulator/C64_ZachMorris/Game/Win%2C+Lose+or+Draw+-+Second+Edition+%28USA%29?sf_options=desc%3D%26_options_sf&quot;,return)</favourite>
	<favourite name="Winnie the Pooh in the Hundred Acre Wood" thumb="http://www.mobygames.com/images/shots/l/32029-winnie-the-pooh-in-the-hundred-acre-wood-dos-screenshot-title.jpg">ActivateWindow(10025,&quot;plugin://plugin.program.iarl/Emulator/IA_MSDOS_ZachMorris/Game/Winnie+the+Pooh+in+the+Hundred+Acre+Wood?sf_options=desc%3D%26_options_sf&quot;,return)</favourite>
	<favourite name="Winnie the Pooh in the Hundred Acre Wood" thumb="http://thegamesdb.net/banners/boxart/original/front/12965-1.jpg">ActivateWindow(10025,&quot;plugin://plugin.program.iarl/Emulator/SCUMMVM_ZachMorris/Game/Winnie+the+Pooh+in+the+Hundred+Acre+Wood+%28Floppy+DOS%29?sf_options=desc%3D%26_options_sf&quot;,return)</favourite>
	<favourite name="Winnie the Pooh in the Hundred Acre Wood" thumb="https://archive.org/download/C64Games_201705/C64_Artwork.zip/Commodore%2064%20Artwork%2FWinnie%20the%20Pooh%20in%20the%20Hundred%20Acre%20Wood%20%28USA%29%2FCover-Winnie_the_Pooh_in_the_Hundred_Acre_Wood.jpg">ActivateWindow(10025,&quot;plugin://plugin.program.iarl/Emulator/C64_ZachMorris/Game/Winnie+the+Pooh+in+the+Hundred+Acre+Wood+%28USA%29?sf_options=desc%3D%26_options_sf&quot;,return)</favourite>
	<favourite name="World of Illusion Starring Mickey Mouse and Donald Duck" thumb="http://static.giantbomb.com/uploads/scale_large/9/93770/2389662-genesis_worldofillusion.jpg">ActivateWindow(10025,&quot;plugin://plugin.program.iarl/Emulator/Genesis_ZachMorris/Game/World+of+Illusion+Starring+Mickey+Mouse+and+Donald+Duck+%28USA%2C+Korea%29?sf_options=desc%3D%26_options_sf&quot;,return)</favourite>
</favourites>