<favourites>
	<favourite name="Commodore 64" thumb="special://home/addons/plugin.program.iarl/resources/skins/Default/media/40-1.jpg">ActivateWindow(10025,&quot;plugin://plugin.program.iarl/Emulator/C64_ZachMorris/1&quot;,return)</favourite>
	<favourite name="MS-DOS Games" thumb="special://home/addons/plugin.program.iarl/resources/skins/Default/media/MS_DOS_boxart.jpg">ActivateWindow(10025,&quot;plugin://plugin.program.iarl/Emulator/IA_MSDOS_ZachMorris/1&quot;,return)</favourite>
	<favourite name="Vectrex" thumb="http://i.imgur.com/kAOXEcp.jpg">ActivateWindow(10025,&quot;plugin://plugin.program.iarl/Emulator/Vectrex_ZachMorris/1&quot;,return)</favourite>
	<favourite name="Scumm VM" thumb="http://i.imgur.com/1r0915y.jpg">ActivateWindow(10025,&quot;plugin://plugin.program.iarl/Emulator/SCUMMVM_ZachMorris/1?sf_options=fanart%3Dhttp%3A%2F%2Fi.imgur.com%2FFMa6g71.jpg%26desc%3DScummVM+List+by+Zach+Morris%2C+filtered+to+remove+duplicates.++This+list+focuses+on+the+original+floppy+DOS+versions+of+the+game.++For+a+newer+version+%28CD+ROM%2C+Windows%2C+etc%29+please+see+the+full%2Funfiltered+archive+listing.%5BCR%5DSCUMMVM+originally+stood+for%3A+Script+Creation+Utility+for+Maniac+Mansion+Virtual+Machine%2C+but+now+ScummVM+is+a+general+game+emulator%2C+allowing+the+user+to+play+supported+adventure+games+on+their+platform+of+choice.%26_options_sf&quot;,return)</favourite>
</favourites>