<?xml version='1.0' encoding='UTF-8'?>
<shortcuts>
	<shortcut>
		<defaultID>plugin.program.iarl/Emulator/C64_ZachMorris/1</defaultID>
		<label>Commodore 64</label>
		<label2>Favourite</label2>
		<icon>special://skin/extras/icons/files.png</icon>
		<thumb>special://home/addons/plugin.program.iarl/resources/skins/Default/media/40-1.jpg</thumb>
		<action>ActivateWindow(10025,"plugin://plugin.program.iarl/Emulator/C64_ZachMorris/1",return)</action>
	</shortcut>
	<shortcut>
		<defaultID>plugin.program.iarl/Emulator/IA_MSDOS_ZachMorris/1</defaultID>
		<label>MS-DOS Games</label>
		<label2>Favourite</label2>
		<icon>special://skin/extras/icons/files.png</icon>
		<thumb>special://home/addons/plugin.program.iarl/resources/skins/Default/media/MS_DOS_boxart.jpg</thumb>
		<action>ActivateWindow(10025,"plugin://plugin.program.iarl/Emulator/IA_MSDOS_ZachMorris/1",return)</action>
	</shortcut>
	<shortcut>
		<defaultID>plugin.program.iarl/Emulator/Amiga_Full_ZRL/1</defaultID>
		<label>Amiga</label>
		<label2>Favourite</label2>
		<icon>special://skin/extras/icons/files.png</icon>
		<thumb>special://home/addons/plugin.program.iarl/resources/skins/Default/media/4911-1.jpg</thumb>
		<action>ActivateWindow(10025,"plugin://plugin.program.iarl/Emulator/Amiga_Full_ZRL/1",return)</action>
	</shortcut>
	<shortcut>
		<defaultID>plugin.program.iarl/Emulator/MSX_ZachMorris/1</defaultID>
		<label>MSX</label>
		<label2>Favourite</label2>
		<icon>special://skin/extras/icons/files.png</icon>
		<thumb>special://home/addons/plugin.program.iarl/resources/skins/Default/media/4929-1.jpg</thumb>
		<action>ActivateWindow(10025,"plugin://plugin.program.iarl/Emulator/MSX_ZachMorris/1",return)</action>
	</shortcut>
	<shortcut>
		<defaultID>plugin.program.iarl/Emulator/x68000_ZachMorris/1</defaultID>
		<label>x68000</label>
		<label2>Favourite</label2>
		<icon>special://skin/extras/icons/files.png</icon>
		<thumb>http://i.imgur.com/HLzkiBD.jpg</thumb>
		<action>ActivateWindow(10025,"plugin://plugin.program.iarl/Emulator/x68000_ZachMorris/1",return)</action>
	</shortcut>
	<shortcut>
		<defaultID>plugin.program.iarl/Emulator/ZX_Spectrum_ZachMorris/1</defaultID>
		<label>ZX Spectrum</label>
		<label2>Favourite</label2>
		<icon>special://skin/extras/icons/files.png</icon>
		<thumb>special://home/addons/plugin.program.iarl/resources/skins/Default/media/4913-1.jpg</thumb>
		<action>ActivateWindow(10025,"plugin://plugin.program.iarl/Emulator/ZX_Spectrum_ZachMorris/1",return)</action>
	</shortcut>
	<shortcut>
		<defaultID>plugin.program.iarl/Emulator/Atari_800_ZachMorris/1</defaultID>
		<label>Atari 800</label>
		<label2>Favourite</label2>
		<icon>special://skin/extras/icons/files.png</icon>
		<thumb>http://i.imgur.com/noDv7Rh.jpg</thumb>
		<action>ActivateWindow(10025,"plugin://plugin.program.iarl/Emulator/Atari_800_ZachMorris/1",return)</action>
	</shortcut>
</shortcuts>
