<?xml version='1.0' encoding='UTF-8'?>
<shortcuts>
	<shortcut>
		<defaultID />
		<label>NINTENDO</label>
		<label2>Custom item</label2>
		<icon>DefaultShortcut.png</icon>
		<thumb>special://skin/extras/icons/Nintendo-Logo.png</thumb>
		<action>ActivateWindow(Videos,"plugin://plugin.program.super.favourites/?label=NINTENDO&amp;mode=400&amp;path=Z%3A%5Cportable_data%5Cuserdata%5Caddon_data%5Cplugin.program.super.favourites%5CSuper+Favourites%5CGAMES%5CNINTENDO&amp;image=special%3A%2F%2Fhome%2Faddons%2Fplugin.program.iarl%2Fresources%2Fskins%2FDefault%2Fmedia%2F6-1.jpg&amp;fanart=C%3A%5CUsers%5CWELLINGTON%5CDesktop%5CN3rdFlix%5Cportable_data%5Caddons%5Cplugin.program.super.favourites%5Cfanart.jpg&amp;content_type=",return)</action>
	</shortcut>
	<shortcut>
		<defaultID>tvshows</defaultID>
		<label>SEGA</label>
		<label2>Custom item</label2>
		<icon>special://skin/extras/icons/tv.png</icon>
		<thumb>special://skin/extras/icons/Sega-logo.png</thumb>
		<action>ActivateWindow(Videos,"plugin://plugin.program.super.favourites/?label=SEGA&amp;mode=400&amp;path=Z%3A%5Cportable_data%5Cuserdata%5Caddon_data%5Cplugin.program.super.favourites%5CSuper+Favourites%5CGAMES%5CSEGA&amp;image=special%3A%2F%2Fhome%2Faddons%2Fplugin.program.iarl%2Fresources%2Fskins%2FDefault%2Fmedia%2F35-1.jpg&amp;fanart=C%3A%5CUsers%5CWELLINGTON%5CDesktop%5CN3rdFlix%5Cportable_data%5Caddons%5Cplugin.program.super.favourites%5Cfanart.jpg&amp;content_type=",return)</action>
	</shortcut>
	<shortcut>
		<defaultID>settings</defaultID>
		<label>SONY</label>
		<label2>Custom item</label2>
		<icon>special://skin/extras/icons/settings.png</icon>
		<thumb>special://skin/extras/icons/sony-logo2.png</thumb>
		<action>ActivateWindow(Videos,"plugin://plugin.program.super.favourites/?label=SONY&amp;mode=400&amp;path=Z%3A%5Cportable_data%5Cuserdata%5Caddon_data%5Cplugin.program.super.favourites%5CSuper+Favourites%5CGAMES%5CSONY&amp;image=special%3A%2F%2Fhome%2Faddons%2Fplugin.program.iarl%2Fresources%2Fskins%2FDefault%2Fmedia%2F10-1.jpg&amp;fanart=C%3A%5CUsers%5CWELLINGTON%5CDesktop%5CN3rdFlix%5Cportable_data%5Caddons%5Cplugin.program.super.favourites%5Cfanart.jpg&amp;content_type=",return)</action>
	</shortcut>
	<shortcut>
		<defaultID>programs</defaultID>
		<label>ARCADE</label>
		<label2>Custom item</label2>
		<icon>special://skin/extras/icons/addons.png</icon>
		<thumb>special://skin/extras/icons/mame-logo.png</thumb>
		<action>ActivateWindow(Videos,"plugin://plugin.program.super.favourites/?label=ARCADE&amp;mode=400&amp;path=Z%3A%5Cportable_data%5Cuserdata%5Caddon_data%5Cplugin.program.super.favourites%5CSuper+Favourites%5CGAMES%5CARCADE&amp;image=http%3A%2F%2Fi.imgur.com%2FvMusn2o.jpg&amp;fanart=C%3A%5CUsers%5CWELLINGTON%5CDesktop%5CN3rdFlix%5Cportable_data%5Caddons%5Cplugin.program.super.favourites%5Cfanart.jpg&amp;content_type=",return)</action>
	</shortcut>
	<shortcut>
		<defaultID>videos</defaultID>
		<label>ATARI</label>
		<label2>Custom item</label2>
		<icon>special://skin/extras/icons/video-addons.png</icon>
		<thumb>special://skin/extras/icons/atari_logo.png</thumb>
		<action>ActivateWindow(Videos,"plugin://plugin.program.super.favourites/?label=ATARI&amp;mode=400&amp;path=Z%3A%5Cportable_data%5Cuserdata%5Caddon_data%5Cplugin.program.super.favourites%5CSuper+Favourites%5CGAMES%5CATARI&amp;image=http%3A%2F%2Fi.imgur.com%2FnoDv7Rh.jpg&amp;fanart=C%3A%5CUsers%5CWELLINGTON%5CDesktop%5CN3rdFlix%5Cportable_data%5Caddons%5Cplugin.program.super.favourites%5Cfanart.jpg&amp;content_type=",return)</action>
	</shortcut>
	<shortcut>
		<defaultID>music</defaultID>
		<label>SNK</label>
		<label2>Custom item</label2>
		<icon>special://skin/extras/icons/songs.png</icon>
		<thumb>special://skin/extras/icons/Neo-geo_logo.png</thumb>
		<action>ActivateWindow(Videos,"plugin://plugin.program.super.favourites/?label=SNK&amp;mode=400&amp;path=Z%3A%5Cportable_data%5Cuserdata%5Caddon_data%5Cplugin.program.super.favourites%5CSuper+Favourites%5CGAMES%5CSNK&amp;image=special%3A%2F%2Fhome%2Faddons%2Fplugin.program.iarl%2Fresources%2Fskins%2FDefault%2Fmedia%2F24-1.jpg&amp;fanart=C%3A%5CUsers%5CWELLINGTON%5CDesktop%5CN3rdFlix%5Cportable_data%5Caddons%5Cplugin.program.super.favourites%5Cfanart.jpg&amp;content_type=",return)</action>
	</shortcut>
	<shortcut>
		<defaultID />
		<label>COMPUTERS</label>
		<label2>Custom item</label2>
		<icon>DefaultShortcut.png</icon>
		<thumb>special://skin/extras/icons/computer.png</thumb>
		<action>ActivateWindow(Videos,"plugin://plugin.program.super.favourites/?label=COMPUTERS&amp;mode=400&amp;path=Z%3A%5Cportable_data%5Cuserdata%5Caddon_data%5Cplugin.program.super.favourites%5CSuper+Favourites%5CGAMES%5CCOMPUTERS&amp;image=special%3A%2F%2Fhome%2Faddons%2Fplugin.program.iarl%2Fresources%2Fskins%2FDefault%2Fmedia%2F40-1.jpg&amp;fanart=http%3A%2F%2Fi.imgur.com%2Fqye3osb.jpg&amp;content_type=",return)</action>
	</shortcut>
	<shortcut>
		<defaultID>pictures</defaultID>
		<label>GOODIES</label>
		<label2>Custom item</label2>
		<icon>special://skin/extras/icons/pictures.png</icon>
		<thumb>special://skin/extras/icons/3DO.png</thumb>
		<action>ActivateWindow(Videos,"plugin://plugin.program.super.favourites/?label=OTHER&amp;mode=400&amp;path=Z%3A%5Cportable_data%5Cuserdata%5Caddon_data%5Cplugin.program.super.favourites%5CSuper+Favourites%5CGAMES%5COTHER&amp;image=special%3A%2F%2Fhome%2Faddons%2Fplugin.program.iarl%2Fresources%2Fskins%2FDefault%2Fmedia%2F25-1.jpg&amp;fanart=C%3A%5CUsers%5CWELLINGTON%5CDesktop%5CN3rdFlix%5Cportable_data%5Caddons%5Cplugin.program.super.favourites%5Cfanart.jpg&amp;content_type=",return)</action>
	</shortcut>
	<shortcut>
		<defaultID />
		<label>FAN GAMES</label>
		<label2>Custom item</label2>
		<icon>DefaultShortcut.png</icon>
		<thumb>special://skin/extras/icons/fan_games.png</thumb>
		<action>ActivateWindow(Videos,"plugin://plugin.program.super.favourites/?label=FAN+GAMES&amp;mode=400&amp;path=Z%3A%5Cportable_data%5Cuserdata%5Caddon_data%5Cplugin.program.super.favourites%5CSuper+Favourites%5CGAMES%5CN3RDFLIX%5CFAN+GAMES&amp;image=special%3A%2F%2Fhome%2Faddons%5Cskin.eminence.2%5Cextras%5Cicons%5Cmetroid_am2r.jpg&amp;fanart=special%3A%2F%2Fhome%2Faddons%5Cskin.eminence.2%5Cextras%5Cicons%5Cmetroid_am2r_fanart.jpg&amp;content_type=",return)</action>
	</shortcut>
	<shortcut>
		<defaultID>livetv</defaultID>
		<label>ALL GAMES</label>
		<label2>Custom item</label2>
		<icon>special://skin/extras/icons/livetv.png</icon>
		<thumb>special://skin/extras/icons/111.png</thumb>
		<action>ActivateWindow(Videos,"plugin://plugin.program.iarl",return)</action>
	</shortcut>
	<shortcut>
		<defaultID />
		<label>BEST GAMES</label>
		<label2>Custom item</label2>
		<icon>DefaultShortcut.png</icon>
		<thumb>special://skin/extras/icons/trophy.png</thumb>
		<action>ActivateWindow(Videos,"plugin://plugin.program.super.favourites/?label=BEST+GAMES&amp;mode=400&amp;path=Z%3A%5Cportable_data%5Cuserdata%5Caddon_data%5Cplugin.program.super.favourites%5CSuper+Favourites%5CGAMES%5CN3RDFLIX%5CBEST+GAMES&amp;image=special%3A%2F%2Fhome%2Faddons%2Fplugin.program.iarl%2Fresources%2Fskins%2FDefault%2Fmedia%2Fbestof_GBA.jpg&amp;fanart=http%3A%2F%2Farcadesushi.com%2Ffiles%2F2013%2F01%2FGBA-Collage.jpg&amp;content_type=",return)</action>
	</shortcut>
	<shortcut>
		<defaultID />
		<label>COLLECTION</label>
		<label2>Custom item</label2>
		<icon>DefaultShortcut.png</icon>
		<thumb>special://skin/extras/icons/collections_logo.png</thumb>
		<action>ActivateWindow(Videos,"plugin://plugin.program.super.favourites/?label=COLLECTIONS&amp;mode=400&amp;path=Z%3A%5Cportable_data%5Cuserdata%5Caddon_data%5Cplugin.program.super.favourites%5CSuper+Favourites%5CGAMES%5CCOLLECTIONS&amp;image=C%3A%5CUsers%5CWELLINGTON%5CDesktop%5CN3rdFlix%5Cportable_data%5Caddons%5Cplugin.program.super.favourites%5Cicon.png&amp;fanart=C%3A%5CUsers%5CWELLINGTON%5CDesktop%5CN3rdFlix%5Cportable_data%5Caddons%5Cplugin.program.super.favourites%5Cfanart.jpg&amp;content_type=",return)</action>
	</shortcut>
	<shortcut>
		<defaultID />
		<label>BUGS</label>
		<label2>Custom item</label2>
		<icon>DefaultShortcut.png</icon>
		<thumb>special://skin/extras/icons/BUGS.png</thumb>
		<action>ActivateWindow(Videos,"plugin://plugin.program.super.favourites/?label=BUGS&amp;mode=400&amp;path=Z%3A%5Cportable_data%5Cuserdata%5Caddon_data%5Cplugin.program.super.favourites%5CSuper+Favourites%5CGAMES%5CN3RDFLIX%5CBUGS&amp;image=special%3A%2F%2Fhome%2Faddons%2Fplugin.video.n3rdflixupdater%2Ficon.png&amp;fanart=Z%3A%5Cportable_data%5Caddons%5Cplugin.program.super.favourites%5Cfanart.jpg&amp;content_type=",return)</action>
	</shortcut>
	<shortcut>
		<defaultID />
		<label>HELP</label>
		<label2>Custom item</label2>
		<icon>DefaultShortcut.png</icon>
		<thumb>special://skin/extras/icons/help-button.png</thumb>
		<action>ActivateWindow(Videos,"plugin://plugin.program.super.favourites/?label=HELP+VIDEOS&amp;mode=400&amp;path=Z%3A%5Cportable_data%5Cuserdata%5Caddon_data%5Cplugin.program.super.favourites%5CSuper+Favourites%5CGAMES%5CN3RDFLIX%5CHELP+VIDEOS&amp;image=C%3A%5CUsers%5CWELLINGTON%5CDesktop%5CN3rdFlix%5Cportable_data%5Caddons%5Cplugin.program.super.favourites%5Cicon.png&amp;fanart=C%3A%5CUsers%5CWELLINGTON%5CDesktop%5CN3rdFlix%5Cportable_data%5Caddons%5Cplugin.program.super.favourites%5Cfanart.jpg&amp;content_type=",return)</action>
	</shortcut>
	<shortcut>
		<defaultID />
		<label>VIDEOS</label>
		<label2>Custom item</label2>
		<icon>DefaultShortcut.png</icon>
		<thumb>special://skin/extras/icons/videos.png</thumb>
		<action>ActivateWindow(Videos,"plugin://plugin.program.super.favourites/?label=VIDEOS&amp;mode=400&amp;path=Z%3A%5Cportable_data%5Cuserdata%5Caddon_data%5Cplugin.program.super.favourites%5CSuper+Favourites%5CGAMES%5CN3RDFLIX%5CVIDEOS&amp;image=C%3A%5CUsers%5CWELLINGTON%5CDesktop%5CN3rdFlix%5Cportable_data%5Caddons%5Cplugin.program.super.favourites%5Cicon.png&amp;fanart=C%3A%5CUsers%5CWELLINGTON%5CDesktop%5CN3rdFlix%5Cportable_data%5Caddons%5Cplugin.program.super.favourites%5Cfanart.jpg&amp;content_type=",return)</action>
	</shortcut>
	<shortcut>
		<defaultID />
		<label>UPDATE</label>
		<label2>Custom item</label2>
		<icon>DefaultShortcut.png</icon>
		<thumb>special://skin/extras/icons/update icon.png</thumb>
		<action>ActivateWindow(Videos,"plugin://plugin.program.super.favourites/?label=UPDATE&amp;mode=400&amp;path=Z%3A%5Cportable_data%5Cuserdata%5Caddon_data%5Cplugin.program.super.favourites%5CSuper+Favourites%5CGAMES%5CN3RDFLIX%5CUPDATE&amp;image=special%3A%2F%2Fhome%2Faddons%2Fplugin.video.n3rdflixupdater%2Ficon.png&amp;fanart=Z%3A%5Cportable_data%5Caddons%5Cplugin.program.super.favourites%5Cfanart.jpg&amp;content_type=",return)</action>
	</shortcut>
	<shortcut>
		<defaultID />
		<label>SETTINGS</label>
		<label2>Custom item</label2>
		<icon>special://skin/extras/icons/settings.png</icon>
		<thumb>special://skin/extras/icons/Settings_logo.png</thumb>
		<action>ActivateWindow(Settings)</action>
	</shortcut>
	<shortcut>
		<defaultID>power</defaultID>
		<label>QUIT</label>
		<label2>Custom item</label2>
		<icon>special://skin/extras/icons/power.png</icon>
		<thumb>special://skin/extras/icons/game_over.png</thumb>
		<action>Quit</action>
	</shortcut>
</shortcuts>
