<favourites>
	<favourite name="Silent Hill - Shattered Memories" thumb="http://thegamesdb.net/banners/boxart/original/front/16920-1.jpg">ActivateWindow(10025,&quot;plugin://plugin.program.iarl/Emulator/PSP_N3RDFLIX/Game/Silent+Hill+-+Shattered+Memories+%28USA%29?sf_options=desc%3D%26_options_sf&quot;,return)</favourite>
	<favourite name="Silent Hill" thumb="http://thegamesdb.net/banners/boxart/original/front/1014-1.jpg">ActivateWindow(10025,&quot;plugin://plugin.program.iarl/Emulator/PS1_ZachMorris/Game/Silent+Hill+%28USA%29?sf_options=desc%3D%26_options_sf&quot;,return)</favourite>
	<favourite name="Silent Hill - Shattered Memories" thumb="http://thegamesdb.net/banners/boxart/original/front/7632-1.jpg">ActivateWindow(10025,&quot;plugin://plugin.program.iarl/Emulator/Sony_Playstation_2_N3RDFLIX/Game/Silent+Hill+-+Shattered+Memories+%28USA%29?sf_options=desc%3D%26_options_sf&quot;,return)</favourite>
	<favourite name="Silent Hill 2" thumb="http://thegamesdb.net/banners/boxart/original/front/12822-1.jpg">ActivateWindow(10025,&quot;plugin://plugin.program.iarl/Emulator/Sony_Playstation_2_N3RDFLIX/Game/Silent+Hill+2+%28USA%29?sf_options=desc%3D%26_options_sf&quot;,return)</favourite>
	<favourite name="Silent Hill 2 - Director" thumb="http://thegamesdb.net/banners/boxart/original/front/37353-1.jpg">ActivateWindow(10025,&quot;plugin://plugin.program.iarl/Emulator/Sony_Playstation_2_N3RDFLIX/Game/Silent+Hill+2+-+Director%27s+Cut+%28Europe%29?sf_options=desc%3D%26_options_sf&quot;,return)</favourite>
	<favourite name="Silent Hill 3" thumb="http://thegamesdb.net/banners/boxart/original/front/4794-1.jpg">ActivateWindow(10025,&quot;plugin://plugin.program.iarl/Emulator/Sony_Playstation_2_N3RDFLIX/Game/Silent+Hill+3+%28USA%29?sf_options=desc%3D%26_options_sf&quot;,return)</favourite>
	<favourite name="Silent Hill 4 - The Room" thumb="http://thegamesdb.net/banners/boxart/original/front/5387-1.jpg">ActivateWindow(10025,&quot;plugin://plugin.program.iarl/Emulator/Sony_Playstation_2_N3RDFLIX/Game/Silent+Hill+4+-+The+Room+%28USA%29?sf_options=desc%3D%26_options_sf&quot;,return)</favourite>
	<favourite name="Silent Hill Origins" thumb="http://thegamesdb.net/banners/boxart/original/front/12892-1.jpg">ActivateWindow(10025,&quot;plugin://plugin.program.iarl/Emulator/Sony_Playstation_2_N3RDFLIX/Game/Silent+Hill+Origins+%28USA%29?sf_options=desc%3D%26_options_sf&quot;,return)</favourite>
	<favourite name="Silent Hill Origins" thumb="http://thegamesdb.net/banners/boxart/original/front/16921-1.jpg">ActivateWindow(10025,&quot;plugin://plugin.program.iarl/Emulator/PSP_N3RDFLIX/Game/Silent+Hill+Origins+%28USA%29?sf_options=desc%3D%26_options_sf&quot;,return)</favourite>
	<favourite name="8.  Silent Hill" thumb="http://thegamesdb.net/banners/boxart/original/front/1014-1.jpg">ActivateWindow(10025,&quot;plugin://plugin.program.iarl/Emulator/PS1_Bestof_ZachMorris/Game/8.++Silent+Hill?sf_options=desc%3D%26_options_sf&quot;,return)</favourite>
	<favourite name="Play Novel - Silent Hill" thumb="http://img.gamefaqs.net/box/4/0/8/61408_front.jpg">ActivateWindow(10025,&quot;plugin://plugin.program.iarl/Emulator/GBA_ZachMorris/Game/Play+Novel+-+Silent+Hill+%28Japan%29?sf_options=desc%3D%26_options_sf&quot;,return)</favourite>
</favourites>