<favourites>
	<favourite name="Metal Gear" thumb="http://i.imgur.com/xBFk41q.jpg">ActivateWindow(10025,&quot;plugin://plugin.program.iarl/Emulator/NES_ZachMorris/Game/Metal+Gear+%28USA%29?sf_options=desc%3D%26_options_sf&quot;,return)</favourite>
	<favourite name="Metal Gear" thumb="https://archive.org/download/C64Games_201705/C64_Artwork.zip/Commodore%2064%20Artwork%2FMetal%20Gear%20%28USA%29%20%28Disk%201%20Side%20A%29%2FCover-Metal_Gear.jpg">ActivateWindow(10025,&quot;plugin://plugin.program.iarl/Emulator/C64_ZachMorris/Game/Metal+Gear?sf_options=desc%3D%26_options_sf&quot;,return)</favourite>
	<favourite name="Metal Gear - Ghost Babel" thumb="http://thegamesdb.net/banners/boxart/original/front/8633-1.jpg">ActivateWindow(10025,&quot;plugin://plugin.program.iarl/Emulator/GBC_ZachMorris/Game/Metal+Gear+-+Ghost+Babel+%28Japan%29?sf_options=desc%3D%26_options_sf&quot;,return)</favourite>
	<favourite name="Metal Gear Solid" thumb="http://static.giantbomb.com/uploads/scale_large/8/87790/1789942-box_mgsgbc.png">ActivateWindow(10025,&quot;plugin://plugin.program.iarl/Emulator/GBC_ZachMorris/Game/Metal+Gear+Solid+%28USA%29?sf_options=desc%3D%26_options_sf&quot;,return)</favourite>
	<favourite name="Metal Gear Solid" thumb="http://thegamesdb.net/banners/boxart/original/front/196-2.jpg">ActivateWindow(10025,&quot;plugin://plugin.program.iarl/Emulator/PS1_ZachMorris/Game/Metal+Gear+Solid+%28USA%29+%28v1.1%29?sf_options=desc%3D%26_options_sf&quot;,return)</favourite>
	<favourite name="Metal Gear Solid - Digital Graphic Novel" thumb="http://thegamesdb.net/banners/boxart/original/front/22134-1.jpg">ActivateWindow(10025,&quot;plugin://plugin.program.iarl/Emulator/PSP_N3RDFLIX/Game/Metal+Gear+Solid+-+Digital+Graphic+Novel+%28USA%29?sf_options=desc%3D%26_options_sf&quot;,return)</favourite>
	<favourite name="Metal Gear Solid - Peace Walker" thumb="http://thegamesdb.net/banners/boxart/original/front/3927-1.jpg">ActivateWindow(10025,&quot;plugin://plugin.program.iarl/Emulator/PSP_N3RDFLIX/Game/Metal+Gear+Solid+-+Peace+Walker+%28USA%29?sf_options=desc%3D%26_options_sf&quot;,return)</favourite>
	<favourite name="Metal Gear Solid - Portable Ops" thumb="http://thegamesdb.net/banners/boxart/original/front/3926-1.jpg">ActivateWindow(10025,&quot;plugin://plugin.program.iarl/Emulator/PSP_N3RDFLIX/Game/Metal+Gear+Solid+-+Portable+Ops+%28USA%29?sf_options=desc%3D%26_options_sf&quot;,return)</favourite>
	<favourite name="Metal Gear Solid - Portable Ops Plus" thumb="http://thegamesdb.net/banners/boxart/original/front/7103-1.jpg">ActivateWindow(10025,&quot;plugin://plugin.program.iarl/Emulator/PSP_N3RDFLIX/Game/Metal+Gear+Solid+-+Portable+Ops+Plus+%28USA%29?sf_options=desc%3D%26_options_sf&quot;,return)</favourite>
	<favourite name="Metal Gear Solid - The Twin Snakes" thumb="http://thegamesdb.net/banners/boxart/original/front/3925-1.jpg">ActivateWindow(10025,&quot;plugin://plugin.program.iarl/Emulator/Nintendo_Gamecube_N3RDFLIX/Game/Metal+Gear+Solid+-+The+Twin+Snakes+%28Disc+1%29?sf_options=desc%3D%26_options_sf&quot;,return)</favourite>
	<favourite name="Metal Gear Solid - The Twin Snakes" thumb="http://thegamesdb.net/banners/boxart/original/front/3925-1.jpg">ActivateWindow(10025,&quot;plugin://plugin.program.iarl/Emulator/Nintendo_Gamecube_N3RDFLIX/Game/Metal+Gear+Solid+-+The+Twin+Snakes+%28Disc+2%29?sf_options=desc%3D%26_options_sf&quot;,return)</favourite>
	<favourite name="Metal Gear Solid - VR Missions" thumb="http://thegamesdb.net/banners/boxart/original/front/9930-1.jpg">ActivateWindow(10025,&quot;plugin://plugin.program.iarl/Emulator/PS1_ZachMorris/Game/Metal+Gear+Solid+-+VR+Missions+%28USA%29?sf_options=desc%3D%26_options_sf&quot;,return)</favourite>
	<favourite name="Metal Gear Solid 2 - Sons of Liberty" thumb="http://thegamesdb.net/banners/boxart/original/front/3854-2.jpg">ActivateWindow(10025,&quot;plugin://plugin.program.iarl/Emulator/Sony_Playstation_2_N3RDFLIX/Game/Metal+Gear+Solid+2+-+Sons+of+Liberty+%28USA%29?sf_options=desc%3D%26_options_sf&quot;,return)</favourite>
	<favourite name="Metal Gear Solid 2 - Substance" thumb="http://thegamesdb.net/banners/boxart/original/front/7367-1.jpg">ActivateWindow(10025,&quot;plugin://plugin.program.iarl/Emulator/Sony_Playstation_2_N3RDFLIX/Game/Metal+Gear+Solid+2+-+Substance+%28USA%29?sf_options=desc%3D%26_options_sf&quot;,return)</favourite>
	<favourite name="Metal Gear Solid 3 - Snake Eater" thumb="http://thegamesdb.net/banners/boxart/original/front/41890-1.jpg">ActivateWindow(10025,&quot;plugin://plugin.program.iarl/Emulator/Sony_Playstation_2_N3RDFLIX/Game/Metal+Gear+Solid+3+-+Snake+Eater+%28USA%29?sf_options=desc%3D%26_options_sf&quot;,return)</favourite>
	<favourite name="2.  Metal Gear Solid" thumb="http://thegamesdb.net/banners/boxart/original/front/196-2.jpg">ActivateWindow(10025,&quot;plugin://plugin.program.iarl/Emulator/PS1_Bestof_ZachMorris/Game/2.++Metal+Gear+Solid?sf_options=desc%3D%26_options_sf&quot;,return)</favourite>
	<favourite name="7.  Metal Gear" thumb="http://i.imgur.com/xBFk41q.jpg">ActivateWindow(10025,&quot;plugin://plugin.program.iarl/Emulator/NES_Bestof_ZachMorris/Game/7.++Metal+Gear?sf_options=desc%3D%26_options_sf&quot;,return)</favourite>
	<favourite name="Document of Metal Gear Solid 2, The" thumb="http://thegamesdb.net/banners/boxart/original/front/13791-1.jpg">ActivateWindow(10025,&quot;plugin://plugin.program.iarl/Emulator/Sony_Playstation_2_N3RDFLIX/Game/Document+of+Metal+Gear+Solid+2%2C+The+%28Europe%29?sf_options=desc%3D%26_options_sf&quot;,return)</favourite>
	<favourite name="Snake&apos;s Revenge" thumb="http://i.imgur.com/tptSkJt.jpg">ActivateWindow(10025,&quot;plugin://plugin.program.iarl/Emulator/NES_ZachMorris/Game/Snake%27s+Revenge+%28USA%29?sf_options=desc%3D%5BCR%5D%5BB%5DOverview%3A%5B%2FB%5D%5BCR%5DMight+be+hard+to+sneak+around+as+a+heavily-buffed+commando%2C+Snake.%5BCR%5DSnake%27s+Revenge+is+an+espionage+hybrid+top-down%2Fsidescrolling+action-adventure+game+developed+by+Ultra+and+published+by+Konami+for+the+Nintendo+Entertainment+System+in+April+1990+%28for+North+America+only%2C+later+released+on+March+1992+in+Europe%29.+It+is+an+unofficial+sequel+to+the+NES+version+of+Metal+Gear+and+is+considered+non-canon+to+the+Metal+Gear+franchise.%5BCR%5DSet+in+1998%2C+three+years+after+a+recruit+of+the+elite+United+States+special+forces+unit+FOXHOUND+%28codenamed+%22Solid+Snake%22%29+destroyed+the+bi-pedal+nuclear-equipped+tank+Metal+Gear.+After+learning+that+an+undisclosed+Middle+East+nation+may+have+plans+for+the+superweapon+and+may+be+secretly+constructing+a+new+model%2C+players+reprise+the+role+of+Snake%2C+who+is+now+he+leader+of+a+three-man+team+%28Operation+747%2C+comprised+of+himself%2C+former+Navy+intelligence+agent+John+Turner%2C+and+former+Marine+explosives+expert+Nick+Myer%29+sent+to+infiltrate+a+heavily-guarded+facility.%5BCR%5DMuch+of+the+gameplay+mechanics+from+the+predecessor%2C+including+stealth+and+item+tactics%2C+remain+in+Snake%27s+Revenge.+However%2C+the+game+simplifies+the+game%27s+action%2C+giving+less+emphasis+on+stealth+and+more+on+action+combat+%28particularly+in+the+new+side-scrolling+sequences%2C+which+build+upon+the+elevator+sequence+in+the+original%29.%5BCR%5D%5BB%5DGameplay%3A%5B%2FB%5D%5BCR%5DOne+of+the+games+side-scrolling+sequences%5BCR%5DThe+gameplay+of+Snake%27s+Revenge+is+similar+to+that+of+the+original++Metal+Gear+except+that+it+has+less+of+an+emphasis+on++stealth+and+is+much+more+action+oriented.+The+player+starts+the+game+with+two+weapons+%28a++knife+and+a++pistol%29+unlike+in+the+original+where+the+player+starts+the+game+unarmed.+Throughout+the+game+one+can+essentially+run+through+most+of+the+game+shooting+enemies+and+moving+from+area+to+area+without+having+to+worry+about+being+stealthy.+The+game+adds++side-scrolling+stages+between+the+main+overhead+areas.+These+stages+are+fast-paced+and+action+packed%2C+similar+to+the+rest+of+the+game.%5BCR%5D%26_options_sf&quot;,return)</favourite>
    <favourite name="Document of Metal Gear Solid 2, The" thumb="http://thegamesdb.net/banners/boxart/original/front/13791-1.jpg">ActivateWindow(10025,&quot;plugin://plugin.program.iarl/Emulator/Sony_Playstation_2_N3RDFLIX/Game/Document+of+Metal+Gear+Solid+2%2C+The+%28Europe%29?sf_options=desc%3D%26_options_sf&quot;,return)</favourite>
	<favourite name="Metal Gear Acid 2" thumb="http://thegamesdb.net/banners/boxart/original/front/7102-1.jpg">ActivateWindow(10025,&quot;plugin://plugin.program.iarl/Emulator/PSP_N3RDFLIX/Game/Metal+Gear+Acid+2+%28J%29%28DMU%29?sf_options=desc%3D%26_options_sf&quot;,return)</favourite>
	<favourite name="Metal Gear Solid - Digital Graphic Novel" thumb="http://thegamesdb.net/banners/boxart/original/front/22134-1.jpg">ActivateWindow(10025,&quot;plugin://plugin.program.iarl/Emulator/PSP_N3RDFLIX/Game/Metal+Gear+Solid+-+Digital+Graphic+Novel+%28USA%29?sf_options=desc%3D%26_options_sf&quot;,return)</favourite>
	<favourite name="Metal Gear Solid - Peace Walker" thumb="http://thegamesdb.net/banners/boxart/original/front/44273-1.jpg">ActivateWindow(10025,&quot;plugin://plugin.program.iarl/Emulator/PSP_N3RDFLIX/Game/Metal+Gear+Solid+-+Peace+Walker+%28J%29%28Caravan%29?sf_options=desc%3D%26_options_sf&quot;,return)</favourite>
	<favourite name="Metal Gear Solid - Peace Walker" thumb="http://thegamesdb.net/banners/boxart/original/front/3927-1.jpg">ActivateWindow(10025,&quot;plugin://plugin.program.iarl/Emulator/PSP_N3RDFLIX/Game/Metal+Gear+Solid+-+Peace+Walker+%28USA%29?sf_options=desc%3D%26_options_sf&quot;,return)</favourite>
	<favourite name="Metal Gear Solid - Portable Ops" thumb="http://thegamesdb.net/banners/boxart/original/front/3926-1.jpg">ActivateWindow(10025,&quot;plugin://plugin.program.iarl/Emulator/PSP_N3RDFLIX/Game/Metal+Gear+Solid+-+Portable+Ops+%28USA%29?sf_options=desc%3D%26_options_sf&quot;,return)</favourite>
	<favourite name="Metal Gear Solid - Portable Ops Plus" thumb="http://thegamesdb.net/banners/boxart/original/front/7103-1.jpg">ActivateWindow(10025,&quot;plugin://plugin.program.iarl/Emulator/PSP_N3RDFLIX/Game/Metal+Gear+Solid+-+Portable+Ops+Plus+%28USA%29?sf_options=desc%3D%26_options_sf&quot;,return)</favourite>
	<favourite name="Metal Gear Solid - The Twin Snakes" thumb="http://thegamesdb.net/banners/boxart/original/front/3925-1.jpg">ActivateWindow(10025,&quot;plugin://plugin.program.iarl/Emulator/Nintendo_Gamecube_N3RDFLIX/Game/Metal+Gear+Solid+-+The+Twin+Snakes+%28Disc+1%29?sf_options=desc%3D%26_options_sf&quot;,return)</favourite>
	<favourite name="Metal Gear Solid - The Twin Snakes" thumb="http://thegamesdb.net/banners/boxart/original/front/3925-1.jpg">ActivateWindow(10025,&quot;plugin://plugin.program.iarl/Emulator/Nintendo_Gamecube_N3RDFLIX/Game/Metal+Gear+Solid+-+The+Twin+Snakes+%28Disc+2%29?sf_options=desc%3D%26_options_sf&quot;,return)</favourite>
	<favourite name="Metal Gear Solid 2 - Sons of Liberty" thumb="http://thegamesdb.net/banners/boxart/original/front/3854-2.jpg">ActivateWindow(10025,&quot;plugin://plugin.program.iarl/Emulator/Sony_Playstation_2_N3RDFLIX/Game/Metal+Gear+Solid+2+-+Sons+of+Liberty+%28USA%29?sf_options=desc%3D%26_options_sf&quot;,return)</favourite>
	<favourite name="Metal Gear Solid 2 - Substance" thumb="http://thegamesdb.net/banners/boxart/original/front/7367-1.jpg">ActivateWindow(10025,&quot;plugin://plugin.program.iarl/Emulator/Sony_Playstation_2_N3RDFLIX/Game/Metal+Gear+Solid+2+-+Substance+%28USA%29?sf_options=desc%3D%26_options_sf&quot;,return)</favourite>
	<favourite name="Metal Gear Solid 3 - Snake Eater" thumb="http://thegamesdb.net/banners/boxart/original/front/41890-1.jpg">ActivateWindow(10025,&quot;plugin://plugin.program.iarl/Emulator/Sony_Playstation_2_N3RDFLIX/Game/Metal+Gear+Solid+3+-+Snake+Eater+%28USA%29?sf_options=desc%3D%26_options_sf&quot;,return)</favourite>
	<favourite name="Metal Gear Solid 3 - Subsistence - Subsistence Disc" thumb="http://thegamesdb.net/banners/boxart/original/front/6378-1.jpg">ActivateWindow(10025,&quot;plugin://plugin.program.iarl/Emulator/Sony_Playstation_2_N3RDFLIX/Game/Metal+Gear+Solid+3+-+Subsistence+-+Subsistence+Disc?sf_options=desc%3D%26_options_sf&quot;,return)</favourite>

    
    </favourites>