<favourites>
	<favourite name="29.  Out Run" thumb="http://static.giantbomb.com/uploads/scale_large/9/93770/2371323-genesis_outrun_eu.jpg">ActivateWindow(10025,&quot;plugin://plugin.program.iarl/Emulator/Game_Gear_Bestof_ZachMorris/Game/29.++Out+Run?sf_options=desc%3D%26_options_sf&quot;,return)</favourite>
	<favourite name="22.  Out Run" thumb="http://thegamesdb.net/banners/boxart/original/front/2947-1.jpg">ActivateWindow(10025,&quot;plugin://plugin.program.iarl/Emulator/Master_System_Bestof_ZachMorris/Game/22.++Out+Run?sf_options=desc%3D%26_options_sf&quot;,return)</favourite>
	<favourite name="30.  Out Run" thumb="http://thegamesdb.net/banners/boxart/original/front/26094-1.jpg">ActivateWindow(10025,&quot;plugin://plugin.program.iarl/Emulator/TG16_Bestof_ZachMorris/Game/30.++Out+Run?sf_options=desc%3D%26_options_sf&quot;,return)</favourite>
	<favourite name="31.  OutRun" thumb="http://static.giantbomb.com/uploads/scale_large/9/93770/2371323-genesis_outrun_eu.jpg">ActivateWindow(10025,&quot;plugin://plugin.program.iarl/Emulator/Genesis_Bestof_ZachMorris/Game/31.++OutRun?sf_options=desc%3D%26_options_sf&quot;,return)</favourite>
	<favourite name="49.  Out Run Europa" thumb="http://thegamesdb.net/banners/boxart/original/front/2951-2.jpg">ActivateWindow(10025,&quot;plugin://plugin.program.iarl/Emulator/Master_System_Bestof_ZachMorris/Game/49.++Out+Run+Europa?sf_options=desc%3D%26_options_sf&quot;,return)</favourite>
	<favourite name="Battle Out Run" thumb="http://thegamesdb.net/banners/boxart/original/front/2704-1.jpg">ActivateWindow(10025,&quot;plugin://plugin.program.iarl/Emulator/Master_System_ZachMorris/Game/Battle+Out+Run+%28Europe%29?sf_options=desc%3D%26_options_sf&quot;,return)</favourite>
	<favourite name="Out Run" thumb="https://archive.org/download/C64Games_201705/C64_Artwork.zip/Commodore%2064%20Artwork%2FOut%20Run%20%28USA%29%2F%5B1.Front%5D%20Front1%20%282%29.jpg">ActivateWindow(10025,&quot;plugin://plugin.program.iarl/Emulator/C64_ZachMorris/Game/Out+Run?sf_options=desc%3D%26_options_sf&quot;,return)</favourite>
	<favourite name="Out Run" thumb="http://static.giantbomb.com/uploads/scale_large/9/93770/2371323-genesis_outrun_eu.jpg">ActivateWindow(10025,&quot;plugin://plugin.program.iarl/Emulator/Game_Gear_ZachMorris/Game/Out+Run+%28Europe%29?sf_options=desc%3D%26_options_sf&quot;,return)</favourite>
	<favourite name="Out Run" thumb="http://thegamesdb.net/banners/boxart/original/front/26094-1.jpg">ActivateWindow(10025,&quot;plugin://plugin.program.iarl/Emulator/TG16_ZachMorris/Game/Out+Run+%28Japan%29?sf_options=desc%3D%26_options_sf&quot;,return)</favourite>
	<favourite name="Out Run" thumb="http://thegamesdb.net/banners/boxart/original/front/7874-1.jpg">ActivateWindow(10025,&quot;plugin://plugin.program.iarl/Emulator/MAME_ZachMorris/Game/Out+Run+%28Mega-Tech%2C+SMS+based%29?sf_options=desc%3D%26_options_sf&quot;,return)</favourite>
	<favourite name="Out Run" thumb="https://archive.org/download/C64Games_201705/C64_Artwork.zip/Commodore%2064%20Artwork%2FOut%20Run%20%28USA%29%2F%5B1.Front%5D%20Front1%20%282%29.jpg">ActivateWindow(10025,&quot;plugin://plugin.program.iarl/Emulator/C64_ZachMorris/Game/Out+Run+%28USA%29?sf_options=desc%3D%26_options_sf&quot;,return)</favourite>
	<favourite name="Out Run" thumb="http://thegamesdb.net/banners/boxart/original/front/2947-1.jpg">ActivateWindow(10025,&quot;plugin://plugin.program.iarl/Emulator/Master_System_ZachMorris/Game/Out+Run+%28World%29?sf_options=desc%3D%26_options_sf&quot;,return)</favourite>
	<favourite name="Out Run" thumb="http://thegamesdb.net/banners/boxart/original/front/7874-1.jpg">ActivateWindow(10025,&quot;plugin://plugin.program.iarl/Emulator/MAME_ZachMorris/Game/Out+Run+%28sitdown%2Fupright%2C+Rev+B%29?sf_options=desc%3D%26_options_sf&quot;,return)</favourite>
	<favourite name="Out Run" thumb="http://images.launchbox-app.com/8754d0cb-98db-4a1f-ab93-964c18867efb.jpg">ActivateWindow(10025,&quot;plugin://plugin.program.iarl/Emulator/FBA_ZachMorris/Game/Out+Run+%28sitdown%2Fupright%2C+Rev+B%29?sf_options=desc%3D%26_options_sf&quot;,return)</favourite>
	<favourite name="Out Run" thumb="http://thegamesdb.net/banners/boxart/original/front/7874-1.jpg">ActivateWindow(10025,&quot;plugin://plugin.program.iarl/Emulator/MAME_2014_ZachMorris/Game/Out+Run+%28sitdown%2Fupright%2C+Rev+B%29?sf_options=desc%3D%26_options_sf&quot;,return)</favourite>
	<favourite name="Out Run 3-D" thumb="http://thegamesdb.net/banners/boxart/original/front/2949-2.jpg">ActivateWindow(10025,&quot;plugin://plugin.program.iarl/Emulator/Master_System_ZachMorris/Game/Out+Run+3-D+%28Europe%29?sf_options=desc%3D%26_options_sf&quot;,return)</favourite>
	<favourite name="Out Run Europa" thumb="https://archive.org/download/C64Games_201705/C64_Artwork.zip/Commodore%2064%20Artwork%2FOut%20Run%20Europa%20%28Europe%29%20%28Side%20A%29%2F%5B1.Front%5D%20Front1.jpg">ActivateWindow(10025,&quot;plugin://plugin.program.iarl/Emulator/C64_ZachMorris/Game/Out+Run+Europa?sf_options=desc%3D%26_options_sf&quot;,return)</favourite>
	<favourite name="Out Run Europa" thumb="http://thegamesdb.net/banners/boxart/original/front/2951-2.jpg">ActivateWindow(10025,&quot;plugin://plugin.program.iarl/Emulator/Master_System_ZachMorris/Game/Out+Run+Europa+%28Europe%29?sf_options=desc%3D%26_options_sf&quot;,return)</favourite>
	<favourite name="Out Run Europa" thumb="http://static.giantbomb.com/uploads/scale_large/0/1270/641246-out_run_europa_budget.jpg">ActivateWindow(10025,&quot;plugin://plugin.program.iarl/Emulator/Game_Gear_ZachMorris/Game/Out+Run+Europa+%28USA%29?sf_options=desc%3D%26_options_sf&quot;,return)</favourite>
	<favourite name="OutRun" thumb="http://static.giantbomb.com/uploads/scale_large/9/93770/2371323-genesis_outrun_eu.jpg">ActivateWindow(10025,&quot;plugin://plugin.program.iarl/Emulator/Genesis_ZachMorris/Game/OutRun+%28USA%2C+Europe%29?sf_options=desc%3D%26_options_sf&quot;,return)</favourite>
	<favourite name="OutRun 2006 - Coast 2 Coast" thumb="http://thegamesdb.net/banners/boxart/original/front/4809-1.jpg">ActivateWindow(10025,&quot;plugin://plugin.program.iarl/Emulator/Sony_Playstation_2_N3RDFLIX/Game/OutRun+2006+-+Coast+2+Coast+%28USA%29?sf_options=desc%3D%26_options_sf&quot;,return)</favourite>
	<favourite name="OutRun 2006 - Coast 2 Coast" thumb="http://thegamesdb.net/banners/boxart/original/front/16935-1.png">ActivateWindow(10025,&quot;plugin://plugin.program.iarl/Emulator/PSP_N3RDFLIX/Game/OutRun+2006+-+Coast+2+Coast+%28USA%29?sf_options=desc%3D%26_options_sf&quot;,return)</favourite>
	<favourite name="OutRunners" thumb="http://static.giantbomb.com/uploads/scale_large/9/93770/2371325-genesis_outrunners.jpg">ActivateWindow(10025,&quot;plugin://plugin.program.iarl/Emulator/Genesis_ZachMorris/Game/OutRunners+%28USA%29?sf_options=desc%3D%26_options_sf&quot;,return)</favourite>
	<favourite name="OutRunners" thumb="http://thegamesdb.net/banners/boxart/original/front/26854-1.jpg">ActivateWindow(10025,&quot;plugin://plugin.program.iarl/Emulator/MAME_2014_ZachMorris/Game/OutRunners+%28World%29?sf_options=desc%3D%26_options_sf&quot;,return)</favourite>
	<favourite name="OutRunners" thumb="http://thegamesdb.net/banners/boxart/original/front/26854-1.jpg">ActivateWindow(10025,&quot;plugin://plugin.program.iarl/Emulator/MAME_ZachMorris/Game/OutRunners+%28World%29?sf_options=desc%3D%26_options_sf&quot;,return)</favourite>
	<favourite name="Racing:  14.  OutRunners" thumb="http://thegamesdb.net/banners/boxart/original/front/26854-1.jpg">ActivateWindow(10025,&quot;plugin://plugin.program.iarl/Emulator/MAME_Bestof_ZachMorris/Game/Racing%3A++14.++OutRunners?sf_options=desc%3D%26_options_sf&quot;,return)</favourite>
	<favourite name="Racing:  3.  Out Run" thumb="http://thegamesdb.net/banners/boxart/original/front/7874-1.jpg">ActivateWindow(10025,&quot;plugin://plugin.program.iarl/Emulator/MAME_Bestof_ZachMorris/Game/Racing%3A++3.++Out+Run?sf_options=desc%3D%26_options_sf&quot;,return)</favourite>
	<favourite name="Turbo Out Run" thumb="http://www.mobygames.com/images/covers/l/219153-turbo-out-run-dos-front-cover.jpg">ActivateWindow(10025,&quot;plugin://plugin.program.iarl/Emulator/IA_MSDOS_ZachMorris/Game/Turbo+Out+Run?sf_options=desc%3D%26_options_sf&quot;,return)</favourite>
	<favourite name="Turbo Out Run" thumb="https://archive.org/download/C64Games_201705/C64_Artwork.zip/Commodore%2064%20Artwork%2FTurbo%20Out%20Run%20%28Europe%29%20%28Side%20A%29%2F%5B1.Front%5D%20Front1.jpg">ActivateWindow(10025,&quot;plugin://plugin.program.iarl/Emulator/C64_ZachMorris/Game/Turbo+Out+Run+%28Europe%29?sf_options=desc%3D%26_options_sf&quot;,return)</favourite>
	<favourite name="Turbo Out Run" thumb="http://archive.org/download/Mame172arcdcmplt/flyers.zip/toutrun.png">ActivateWindow(10025,&quot;plugin://plugin.program.iarl/Emulator/MAME_ZachMorris/Game/Turbo+Out+Run+%28Out+Run+upgrade%29+%28FD1094+317-0118%29?sf_options=desc%3D%26_options_sf&quot;,return)</favourite>
	<favourite name="Turbo Out Run" thumb="http://images.launchbox-app.com/toutrun.png">ActivateWindow(10025,&quot;plugin://plugin.program.iarl/Emulator/FBA_ZachMorris/Game/Turbo+Out+Run+%28Out+Run+upgrade%29+%28FD1094+317-0118%29?sf_options=desc%3D%26_options_sf&quot;,return)</favourite>
	<favourite name="Turbo Out Run" thumb="http://archive.org/download/Mame172arcdcmplt/flyers.zip/toutrun.png">ActivateWindow(10025,&quot;plugin://plugin.program.iarl/Emulator/MAME_2014_ZachMorris/Game/Turbo+Out+Run+%28Out+Run+upgrade%2C+FD1094+317-0118%29?sf_options=desc%3D%26_options_sf&quot;,return)</favourite>
	<favourite name="Turbo OutRun" thumb="http://thegamesdb.net/banners/boxart/original/front/20443-1.jpg">ActivateWindow(10025,&quot;plugin://plugin.program.iarl/Emulator/Genesis_ZachMorris/Game/Turbo+OutRun+%28Japan%2C+Europe%29?sf_options=desc%3D%26_options_sf&quot;,return)</favourite>
	<favourite name="Turbo Outrun" thumb="http://archive.org/download/Mame172arcdcmplt/flyers.zip/megatech.png">ActivateWindow(10025,&quot;plugin://plugin.program.iarl/Emulator/MAME_ZachMorris/Game/Turbo+Outrun+%28Mega-Tech%29?sf_options=desc%3D%26_options_sf&quot;,return)</favourite>
    <favourite name="OutRun 2006 - Coast 2 Coast" thumb="http://thegamesdb.net/banners/boxart/original/front/4809-1.jpg">ActivateWindow(10025,&quot;plugin://plugin.program.iarl/Emulator/Sony_Playstation_2_N3RDFLIX/Game/OutRun+2006+-+Coast+2+Coast+%28USA%29?sf_options=desc%3D%26_options_sf&quot;,return)</favourite>
	<favourite name="OutRun 2006 - Coast 2 Coast" thumb="http://thegamesdb.net/banners/boxart/original/front/16935-1.png">ActivateWindow(10025,&quot;plugin://plugin.program.iarl/Emulator/PSP_N3RDFLIX/Game/OutRun+2006+-+Coast+2+Coast+%28USA%29?sf_options=desc%3D%26_options_sf&quot;,return)</favourite>
</favourites>