<favourites>
	<favourite name="Conflict - Desert Storm" thumb="http://thegamesdb.net/banners/boxart/original/front/30804-1.jpg">ActivateWindow(10025,&quot;plugin://plugin.program.iarl/Emulator/Nintendo_Gamecube_N3RDFLIX/Game/Conflict+-+Desert+Storm+%28Europe%29?sf_options=desc%3D%26_options_sf&quot;,return)</favourite>
	<favourite name="Conflict - Desert Storm" thumb="http://thegamesdb.net/banners/boxart/original/front/5935-1.jpg">ActivateWindow(10025,&quot;plugin://plugin.program.iarl/Emulator/Sony_Playstation_2_N3RDFLIX/Game/Conflict+-+Desert+Storm+%28USA%29?sf_options=desc%3D%26_options_sf&quot;,return)</favourite>
	<favourite name="Conflict - Desert Storm II" thumb="http://thegamesdb.net/banners/boxart/original/front/9645-1.jpg">ActivateWindow(10025,&quot;plugin://plugin.program.iarl/Emulator/Sony_Playstation_2_N3RDFLIX/Game/Conflict+-+Desert+Storm+II+%28Europe%29?sf_options=desc%3D%26_options_sf&quot;,return)</favourite>
    <favourite name="Conflict - Desert Storm" thumb="http://thegamesdb.net/banners/boxart/original/front/30804-1.jpg">ActivateWindow(10025,&quot;plugin://plugin.program.iarl/Emulator/Nintendo_Gamecube_N3RDFLIX/Game/Conflict+-+Desert+Storm+%28Europe%29?sf_options=desc%3D%26_options_sf&quot;,return)</favourite>
	<favourite name="Conflict - Desert Storm" thumb="http://thegamesdb.net/banners/boxart/original/front/5935-1.jpg">ActivateWindow(10025,&quot;plugin://plugin.program.iarl/Emulator/Sony_Playstation_2_N3RDFLIX/Game/Conflict+-+Desert+Storm+%28USA%29?sf_options=desc%3D%26_options_sf&quot;,return)</favourite>
	<favourite name="Conflict - Desert Storm II" thumb="http://thegamesdb.net/banners/boxart/original/front/9645-1.jpg">ActivateWindow(10025,&quot;plugin://plugin.program.iarl/Emulator/Sony_Playstation_2_N3RDFLIX/Game/Conflict+-+Desert+Storm+II+%28Europe%29?sf_options=desc%3D%26_options_sf&quot;,return)</favourite>
	<favourite name="Conflict - Desert Storm II - Back to Baghdad" thumb="http://thegamesdb.net/banners/boxart/original/front/11619-1.jpg">ActivateWindow(10025,&quot;plugin://plugin.program.iarl/Emulator/Nintendo_Gamecube_N3RDFLIX/Game/Conflict+-+Desert+Storm+II+-+Back+to+Baghdad?sf_options=desc%3D%26_options_sf&quot;,return)</favourite>
</favourites>