<favourites>
	<favourite name="Joust" thumb="http://static.giantbomb.com/uploads/scale_large/9/93770/2367712-a2600_joust_none.jpg">ActivateWindow(10025,&quot;plugin://plugin.program.iarl/Emulator/Atari_800_ZachMorris/Game/Joust?sf_options=desc%3D%26_options_sf&quot;,return)</favourite>
	<favourite name="19.  Joust" thumb="http://thegamesdb.net/banners/boxart/original/front/1350-1.jpg">ActivateWindow(10025,&quot;plugin://plugin.program.iarl/Emulator/Atari_2600_Bestof_ZachMorris/Game/19.++Joust?sf_options=desc%3D%26_options_sf&quot;,return)</favourite>
	<favourite name="Arcade Classic No. 4 - Defender &amp; Joust" thumb="http://thegamesdb.net/banners/boxart/original/front/18605-1.jpg">ActivateWindow(10025,&quot;plugin://plugin.program.iarl/Emulator/GB_Classic_ZachMorris/Game/Arcade+Classic+No.+4+-+Defender+%26+Joust+%28USA%2C+Europe%29+%28SGB+Enhanced%29?sf_options=desc%3D%26_options_sf&quot;,return)</favourite>
	<favourite name="Arcade Hits - Joust &amp; Defender" thumb="http://thegamesdb.net/banners/boxart/original/front/22007-1.jpg">ActivateWindow(10025,&quot;plugin://plugin.program.iarl/Emulator/GBC_ZachMorris/Game/Arcade+Hits+-+Joust+%26+Defender+%28USA%2C+Europe%29?sf_options=desc%3D%26_options_sf&quot;,return)</favourite>
	<favourite name="Classics:  9.  Joust" thumb="http://thegamesdb.net/banners/boxart/original/front/8817-1.jpg">ActivateWindow(10025,&quot;plugin://plugin.program.iarl/Emulator/MAME_Bestof_ZachMorris/Game/Classics%3A++9.++Joust?sf_options=desc%3D%26_options_sf&quot;,return)</favourite>
	<favourite name="Joust" thumb="http://www.mobygames.com/images/shots/l/15167-joust-pc-booter-screenshot-title-screen.jpg">ActivateWindow(10025,&quot;plugin://plugin.program.iarl/Emulator/IA_MSDOS_ZachMorris/Game/Joust?sf_options=desc%3D%26_options_sf&quot;,return)</favourite>
	<favourite name="Joust" thumb="http://thegamesdb.net/banners/boxart/original/front/5167-1.jpg">ActivateWindow(10025,&quot;plugin://plugin.program.iarl/Emulator/Atari_5200_ZachMorris/Game/Joust?sf_options=desc%3D%26_options_sf&quot;,return)</favourite>
	<favourite name="Joust" thumb="http://thegamesdb.net/banners/boxart/original/front/10116-1.jpg">ActivateWindow(10025,&quot;plugin://plugin.program.iarl/Emulator/Colecovision_ZachMorris/Game/Joust+%28Prototype%29?sf_options=desc%3D%26_options_sf&quot;,return)</favourite>
	<favourite name="Joust" thumb="http://i.imgur.com/Az5onVO.jpg">ActivateWindow(10025,&quot;plugin://plugin.program.iarl/Emulator/NES_ZachMorris/Game/Joust+%28USA%29?sf_options=desc%3D%26_options_sf&quot;,return)</favourite>
	<favourite name="Joust" thumb="http://thegamesdb.net/banners/boxart/original/front/8817-1.jpg">ActivateWindow(10025,&quot;plugin://plugin.program.iarl/Emulator/MAME_AKNF_Full/Game/Joust+%28White%2FGreen+label%29?sf_options=desc%3D%26_options_sf&quot;,return)</favourite>
	<favourite name="Joust" thumb="http://thegamesdb.net/banners/boxart/original/front/8817-1.jpg">ActivateWindow(10025,&quot;plugin://plugin.program.iarl/Emulator/MAME_ZachMorris/Game/Joust+%28White%2FGreen+label%29?sf_options=desc%3D%26_options_sf&quot;,return)</favourite>
	<favourite name="Joust" thumb="http://thegamesdb.net/banners/boxart/original/front/8817-1.jpg">ActivateWindow(10025,&quot;plugin://plugin.program.iarl/Emulator/MAME_2014_ZachMorris/Game/Joust+%28White%2FGreen+label%29?sf_options=desc%3D%26_options_sf&quot;,return)</favourite>
	<favourite name="Joust 2 - Survival of the Fittest" thumb="http://thegamesdb.net/banners/boxart/original/front/12307-1.jpg">ActivateWindow(10025,&quot;plugin://plugin.program.iarl/Emulator/MAME_AKNF_Full/Game/Joust+2+-+Survival+of+the+Fittest+%28revision+2%29?sf_options=desc%3D%26_options_sf&quot;,return)</favourite>
	<favourite name="Joust 2 - Survival of the Fittest" thumb="http://thegamesdb.net/banners/boxart/original/front/12307-1.jpg">ActivateWindow(10025,&quot;plugin://plugin.program.iarl/Emulator/MAME_ZachMorris/Game/Joust+2+-+Survival+of+the+Fittest+%28revision+2%29?sf_options=desc%3D%26_options_sf&quot;,return)</favourite>
	<favourite name="Joust 2 - Survival of the Fittest" thumb="http://thegamesdb.net/banners/boxart/original/front/12307-1.jpg">ActivateWindow(10025,&quot;plugin://plugin.program.iarl/Emulator/MAME_2014_ZachMorris/Game/Joust+2+-+Survival+of+the+Fittest+%28revision+2%29?sf_options=desc%3D%26_options_sf&quot;,return)</favourite>
	<favourite name="Joust VGA" thumb="http://www.mobygames.com/images/shots/l/241847-joust-vga-dos-screenshot-title-screen.jpg">ActivateWindow(10025,&quot;plugin://plugin.program.iarl/Emulator/IA_MSDOS_ZachMorris/Game/Joust+VGA?sf_options=desc%3D%26_options_sf&quot;,return)</favourite>
</favourites>