<favourites>
	<favourite name="100 ps2 games" thumb="special://home/addons\plugin.video.youtube\resources\media\search.png">ActivateWindow(10025,&quot;plugin://plugin.video.youtube/kodion/search/query/?q=100%20ps2%20games&amp;sf_options=fanart%3Dspecial%3A%2F%2Fhome%2Faddons%5Cplugin.video.youtube%5Cresources%5Cmedia%5Cfanart.jpg%26meta%3Dlabel%253D100%252Bps2%252Bgames%26_options_sf&quot;,return)</favourite>
	<favourite name="100 psx games" thumb="special://home/addons\plugin.video.youtube\resources\media\search.png">ActivateWindow(10025,&quot;plugin://plugin.video.youtube/kodion/search/query/?q=100%20psx%20games&amp;sf_options=fanart%3Dspecial%3A%2F%2Fhome%2Faddons%5Cplugin.video.youtube%5Cresources%5Cmedia%5Cfanart.jpg%26meta%3Dlabel%253D100%252Bpsx%252Bgames%26_options_sf&quot;,return)</favourite>
	<favourite name="100 psp games" thumb="special://home/addons\plugin.video.youtube\resources\media\search.png">ActivateWindow(10025,&quot;plugin://plugin.video.youtube/kodion/search/query/?q=100%20psp%20games&amp;sf_options=fanart%3Dspecial%3A%2F%2Fhome%2Faddons%5Cplugin.video.youtube%5Cresources%5Cmedia%5Cfanart.jpg%26meta%3Dlabel%253D100%252Bpsp%252Bgames%26_options_sf&quot;,return)</favourite>
	<favourite name="100 nes games" thumb="special://home/addons\plugin.video.youtube\resources\media\search.png">ActivateWindow(10025,&quot;plugin://plugin.video.youtube/kodion/search/query/?q=100%20nes%20games&amp;sf_options=fanart%3Dspecial%3A%2F%2Fhome%2Faddons%5Cplugin.video.youtube%5Cresources%5Cmedia%5Cfanart.jpg%26meta%3Dlabel%253D100%252Bnes%252Bgames%26_options_sf&quot;,return)</favourite>
	<favourite name="100 snes games" thumb="special://home/addons\plugin.video.youtube\resources\media\search.png">ActivateWindow(10025,&quot;plugin://plugin.video.youtube/kodion/search/query/?q=100%20snes%20games&amp;sf_options=fanart%3Dspecial%3A%2F%2Fhome%2Faddons%5Cplugin.video.youtube%5Cresources%5Cmedia%5Cfanart.jpg%26meta%3Dlabel%253D100%252Bsnes%252Bgames%26_options_sf&quot;,return)</favourite>
	<favourite name="100 nintendo 64 games" thumb="special://home/addons\plugin.video.youtube\resources\media\search.png">ActivateWindow(10025,&quot;plugin://plugin.video.youtube/kodion/search/query/?q=100%20nintendo%2064%20games&amp;sf_options=fanart%3Dspecial%3A%2F%2Fhome%2Faddons%5Cplugin.video.youtube%5Cresources%5Cmedia%5Cfanart.jpg%26meta%3Dlabel%253D100%252Bnintendo%252B64%252Bgames%26_options_sf&quot;,return)</favourite>
	<favourite name="100 gamecube games" thumb="special://home/addons\plugin.video.youtube\resources\media\search.png">ActivateWindow(10025,&quot;plugin://plugin.video.youtube/kodion/search/query/?q=100%20gamecube%20games&amp;sf_options=fanart%3Dspecial%3A%2F%2Fhome%2Faddons%5Cplugin.video.youtube%5Cresources%5Cmedia%5Cfanart.jpg%26meta%3Dlabel%253D100%252Bgamecube%252Bgames%26_options_sf&quot;,return)</favourite>
	<favourite name="100 gameboy classic games" thumb="special://home/addons\plugin.video.youtube\resources\media\search.png">ActivateWindow(10025,&quot;plugin://plugin.video.youtube/kodion/search/query/?q=100%20gameboy%20classic%20games&amp;sf_options=fanart%3Dspecial%3A%2F%2Fhome%2Faddons%5Cplugin.video.youtube%5Cresources%5Cmedia%5Cfanart.jpg%26meta%3Dlabel%253D100%252Bgameboy%252Bclassic%252Bgames%26_options_sf&quot;,return)</favourite>
	<favourite name="100 gameboy color games" thumb="special://home/addons\plugin.video.youtube\resources\media\search.png">ActivateWindow(10025,&quot;plugin://plugin.video.youtube/kodion/search/query/?q=100%20gameboy%20color%20games&amp;sf_options=fanart%3Dspecial%3A%2F%2Fhome%2Faddons%5Cplugin.video.youtube%5Cresources%5Cmedia%5Cfanart.jpg%26meta%3Dlabel%253D100%252Bgameboy%252Bcolor%252Bgames%26_options_sf&quot;,return)</favourite>
	<favourite name="100 gameboy advanced games" thumb="special://home/addons\plugin.video.youtube\resources\media\search.png">ActivateWindow(10025,&quot;plugin://plugin.video.youtube/kodion/search/query/?q=100%20gameboy%20advanced%20games&amp;sf_options=fanart%3Dspecial%3A%2F%2Fhome%2Faddons%5Cplugin.video.youtube%5Cresources%5Cmedia%5Cfanart.jpg%26meta%3Dlabel%253D100%252Bgameboy%252Badvanced%252Bgames%26_options_sf&quot;,return)</favourite>
	<favourite name="100 nintendo ds games" thumb="special://home/addons\plugin.video.youtube\resources\media\search.png">ActivateWindow(10025,&quot;plugin://plugin.video.youtube/kodion/search/query/?q=100%20nintendo%20ds%20games&amp;sf_options=fanart%3Dspecial%3A%2F%2Fhome%2Faddons%5Cplugin.video.youtube%5Cresources%5Cmedia%5Cfanart.jpg%26meta%3Dlabel%253D100%252Bnintendo%252Bds%252Bgames%26_options_sf&quot;,return)</favourite>
	<favourite name="100 master system games" thumb="special://home/addons\plugin.video.youtube\resources\media\search.png">ActivateWindow(10025,&quot;plugin://plugin.video.youtube/kodion/search/query/?q=100%20master%20system%20games&amp;sf_options=fanart%3Dspecial%3A%2F%2Fhome%2Faddons%5Cplugin.video.youtube%5Cresources%5Cmedia%5Cfanart.jpg%26meta%3Dlabel%253D100%252Bmaster%252Bsystem%252Bgames%26_options_sf&quot;,return)</favourite>
	<favourite name="100 sega 32x games" thumb="special://home/addons\plugin.video.youtube\resources\media\search.png">ActivateWindow(10025,&quot;plugin://plugin.video.youtube/kodion/search/query/?q=100%20sega%2032x%20games&amp;sf_options=fanart%3Dspecial%3A%2F%2Fhome%2Faddons%5Cplugin.video.youtube%5Cresources%5Cmedia%5Cfanart.jpg%26meta%3Dlabel%253D100%252Bsega%252B32x%252Bgames%26_options_sf&quot;,return)</favourite>
	<favourite name="100 sega cd games" thumb="special://home/addons\plugin.video.youtube\resources\media\search.png">ActivateWindow(10025,&quot;plugin://plugin.video.youtube/kodion/search/query/?q=100%20sega%20cd%20games&amp;sf_options=fanart%3Dspecial%3A%2F%2Fhome%2Faddons%5Cplugin.video.youtube%5Cresources%5Cmedia%5Cfanart.jpg%26meta%3Dlabel%253D100%252Bsega%252Bcd%252Bgames%26_options_sf&quot;,return)</favourite>
	<favourite name="100 sega dreamcast games" thumb="special://home/addons\plugin.video.youtube\resources\media\search.png">ActivateWindow(10025,&quot;plugin://plugin.video.youtube/kodion/search/query/?q=100%20sega%20dreamcast%20games&amp;sf_options=fanart%3Dspecial%3A%2F%2Fhome%2Faddons%5Cplugin.video.youtube%5Cresources%5Cmedia%5Cfanart.jpg%26meta%3Dlabel%253D100%252Bsega%252Bdreamcast%252Bgames%26_options_sf&quot;,return)</favourite>
	<favourite name="100 sega genesis games" thumb="special://home/addons\plugin.video.youtube\resources\media\search.png">ActivateWindow(10025,&quot;plugin://plugin.video.youtube/kodion/search/query/?q=100%20sega%20genesis%20games&amp;sf_options=fanart%3Dspecial%3A%2F%2Fhome%2Faddons%5Cplugin.video.youtube%5Cresources%5Cmedia%5Cfanart.jpg%26meta%3Dlabel%253D100%252Bsega%252Bgenesis%252Bgames%26_options_sf&quot;,return)</favourite>
	<favourite name="100 sega saturn games" thumb="special://home/addons\plugin.video.youtube\resources\media\search.png">ActivateWindow(10025,&quot;plugin://plugin.video.youtube/kodion/search/query/?q=100%20sega%20saturn%20games&amp;sf_options=fanart%3Dspecial%3A%2F%2Fhome%2Faddons%5Cplugin.video.youtube%5Cresources%5Cmedia%5Cfanart.jpg%26meta%3Dlabel%253D100%252Bsega%252Bsaturn%252Bgames%26_options_sf&quot;,return)</favourite>
	<favourite name="100 game gear games" thumb="special://home/addons\plugin.video.youtube\resources\media\search.png">ActivateWindow(10025,&quot;plugin://plugin.video.youtube/kodion/search/query/?q=100%20game%20gear%20games&amp;sf_options=fanart%3Dspecial%3A%2F%2Fhome%2Faddons%5Cplugin.video.youtube%5Cresources%5Cmedia%5Cfanart.jpg%26meta%3Dlabel%253D100%252Bgame%252Bgear%252Bgames%26_options_sf&quot;,return)</favourite>
	<favourite name="100 sega sg 1000" thumb="special://home/addons\plugin.video.youtube\resources\media\search.png">ActivateWindow(10025,&quot;plugin://plugin.video.youtube/kodion/search/query/?q=100%20sega%20sg%201000&amp;sf_options=fanart%3Dspecial%3A%2F%2Fhome%2Faddons%5Cplugin.video.youtube%5Cresources%5Cmedia%5Cfanart.jpg%26meta%3Dlabel%253D100%252Bsega%252Bsg%252B1000%26_options_sf&quot;,return)</favourite>
	<favourite name="100 classic arcade games" thumb="special://home/addons\plugin.video.youtube\resources\media\search.png">ActivateWindow(10025,&quot;plugin://plugin.video.youtube/kodion/search/query/?q=100%20classic%20arcade%20games&amp;sf_options=fanart%3Dspecial%3A%2F%2Fhome%2Faddons%5Cplugin.video.youtube%5Cresources%5Cmedia%5Cfanart.jpg%26meta%3Dlabel%253D100%252Bclassic%252Barcade%252Bgames%26_options_sf&quot;,return)</favourite>
	<favourite name="100 mame games" thumb="special://home/addons\plugin.video.youtube\resources\media\search.png">ActivateWindow(10025,&quot;plugin://plugin.video.youtube/kodion/search/query/?q=100%20mame%20games&amp;sf_options=fanart%3Dspecial%3A%2F%2Fhome%2Faddons%5Cplugin.video.youtube%5Cresources%5Cmedia%5Cfanart.jpg%26meta%3Dlabel%253D100%252Bmame%252Bgames%26_options_sf&quot;,return)</favourite>
	<favourite name="best capcom arcade games" thumb="special://home/addons\plugin.video.youtube\resources\media\search.png">ActivateWindow(10025,&quot;plugin://plugin.video.youtube/kodion/search/query/?q=best%20capcom%20arcade%20games&amp;sf_options=fanart%3Dspecial%3A%2F%2Fhome%2Faddons%5Cplugin.video.youtube%5Cresources%5Cmedia%5Cfanart.jpg%26meta%3Dlabel%253Dbest%252Bcapcom%252Barcade%252Bgames%26_options_sf&quot;,return)</favourite>
	<favourite name="100 sega arcade classics" thumb="special://home/addons\plugin.video.youtube\resources\media\search.png">ActivateWindow(10025,&quot;plugin://plugin.video.youtube/kodion/search/query/?q=100%20sega%20arcade%20classics&amp;sf_options=fanart%3Dspecial%3A%2F%2Fhome%2Faddons%5Cplugin.video.youtube%5Cresources%5Cmedia%5Cfanart.jpg%26meta%3Dlabel%253D100%252Bsega%252Barcade%252Bclassics%26_options_sf&quot;,return)</favourite>
	<favourite name="Best atari 800 games" thumb="special://home/addons\plugin.video.youtube\resources\media\search.png">ActivateWindow(10025,&quot;plugin://plugin.video.youtube/kodion/search/query/?q=Best%20atari%20800%20games&amp;sf_options=fanart%3Dspecial%3A%2F%2Fhome%2Faddons%5Cplugin.video.youtube%5Cresources%5Cmedia%5Cfanart.jpg%26meta%3Dlabel%253DBest%252Batari%252B800%252Bgames%26_options_sf&quot;,return)</favourite>
	<favourite name="Best atari 2600 games" thumb="special://home/addons\plugin.video.youtube\resources\media\search.png">ActivateWindow(10025,&quot;plugin://plugin.video.youtube/kodion/search/query/?q=Best%20atari%202600%20games&amp;sf_options=fanart%3Dspecial%3A%2F%2Fhome%2Faddons%5Cplugin.video.youtube%5Cresources%5Cmedia%5Cfanart.jpg%26meta%3Dlabel%253DBest%252Batari%252B2600%252Bgames%26_options_sf&quot;,return)</favourite>
	<favourite name="Best atari 5200 games" thumb="special://home/addons\plugin.video.youtube\resources\media\search.png">ActivateWindow(10025,&quot;plugin://plugin.video.youtube/kodion/search/query/?q=Best%20atari%205200%20games&amp;sf_options=fanart%3Dspecial%3A%2F%2Fhome%2Faddons%5Cplugin.video.youtube%5Cresources%5Cmedia%5Cfanart.jpg%26meta%3Dlabel%253DBest%252Batari%252B5200%252Bgames%26_options_sf&quot;,return)</favourite>
	<favourite name="Best atari 7800 games" thumb="special://home/addons\plugin.video.youtube\resources\media\search.png">ActivateWindow(10025,&quot;plugin://plugin.video.youtube/kodion/search/query/?q=Best%20atari%207800%20games&amp;sf_options=fanart%3Dspecial%3A%2F%2Fhome%2Faddons%5Cplugin.video.youtube%5Cresources%5Cmedia%5Cfanart.jpg%26meta%3Dlabel%253DBest%252Batari%252B7800%252Bgames%26_options_sf&quot;,return)</favourite>
	<favourite name="Best atari jaguar games" thumb="special://home/addons\plugin.video.youtube\resources\media\search.png">ActivateWindow(10025,&quot;plugin://plugin.video.youtube/kodion/search/query/?q=Best%20atari%20jaguar%20games&amp;sf_options=fanart%3Dspecial%3A%2F%2Fhome%2Faddons%5Cplugin.video.youtube%5Cresources%5Cmedia%5Cfanart.jpg%26meta%3Dlabel%253DBest%252Batari%252Bjaguar%252Bgames%26_options_sf&quot;,return)</favourite>
	<favourite name="Best atari lynx games" thumb="special://home/addons\plugin.video.youtube\resources\media\search.png">ActivateWindow(10025,&quot;plugin://plugin.video.youtube/kodion/search/query/?q=Best%20atari%20lynx%20games&amp;sf_options=fanart%3Dspecial%3A%2F%2Fhome%2Faddons%5Cplugin.video.youtube%5Cresources%5Cmedia%5Cfanart.jpg%26meta%3Dlabel%253DBest%252Batari%252Blynx%252Bgames%26_options_sf&quot;,return)</favourite>
	<favourite name="Best neo geo CD games" thumb="special://home/addons\plugin.video.youtube\resources\media\search.png">ActivateWindow(10025,&quot;plugin://plugin.video.youtube/kodion/search/query/?q=Best%20neo%20geo%20CD%20games&amp;sf_options=fanart%3Dspecial%3A%2F%2Fhome%2Faddons%5Cplugin.video.youtube%5Cresources%5Cmedia%5Cfanart.jpg%26meta%3Dlabel%253DBest%252Bneo%252Bgeo%252BCD%252Bgames%26_options_sf&quot;,return)</favourite>
	<favourite name="Best neo geo pocket color games" thumb="special://home/addons\plugin.video.youtube\resources\media\search.png">ActivateWindow(10025,&quot;plugin://plugin.video.youtube/kodion/search/query/?q=Best%20neo%20geo%20pocket%20color%20games&amp;sf_options=fanart%3Dspecial%3A%2F%2Fhome%2Faddons%5Cplugin.video.youtube%5Cresources%5Cmedia%5Cfanart.jpg%26meta%3Dlabel%253DBest%252Bneo%252Bgeo%252Bpocket%252Bcolor%252Bgames%26_options_sf&quot;,return)</favourite>
	<favourite name="Best commodore 64 games" thumb="special://home/addons\plugin.video.youtube\resources\media\search.png">ActivateWindow(10025,&quot;plugin://plugin.video.youtube/kodion/search/query/?q=Best%20commodore%2064%20games&amp;sf_options=fanart%3Dspecial%3A%2F%2Fhome%2Faddons%5Cplugin.video.youtube%5Cresources%5Cmedia%5Cfanart.jpg%26meta%3Dlabel%253DBest%252Bcommodore%252B64%252Bgames%26_options_sf&quot;,return)</favourite>
	<favourite name="best ms dos games" thumb="special://home/addons\plugin.video.youtube\resources\media\search.png">ActivateWindow(10025,&quot;plugin://plugin.video.youtube/kodion/search/query/?q=best%20ms%20dos%20games&amp;sf_options=fanart%3Dspecial%3A%2F%2Fhome%2Faddons%5Cplugin.video.youtube%5Cresources%5Cmedia%5Cfanart.jpg%26meta%3Dlabel%253Dbest%252Bms%252Bdos%252Bgames%26_options_sf&quot;,return)</favourite>
	<favourite name="Best amiga games" thumb="special://home/addons\plugin.video.youtube\resources\media\search.png">ActivateWindow(10025,&quot;plugin://plugin.video.youtube/kodion/search/query/?q=Best%20amiga%20games&amp;sf_options=fanart%3Dspecial%3A%2F%2Fhome%2Faddons%5Cplugin.video.youtube%5Cresources%5Cmedia%5Cfanart.jpg%26meta%3Dlabel%253DBest%252Bamiga%252Bgames%26_options_sf&quot;,return)</favourite>
	<favourite name="Best amiga cd 32 games" thumb="special://home/addons\plugin.video.youtube\resources\media\search.png">ActivateWindow(10025,&quot;plugin://plugin.video.youtube/kodion/search/query/?q=Best%20amiga%20cd%2032%20games&amp;sf_options=fanart%3Dspecial%3A%2F%2Fhome%2Faddons%5Cplugin.video.youtube%5Cresources%5Cmedia%5Cfanart.jpg%26meta%3Dlabel%253DBest%252Bamiga%252Bcd%252B32%252Bgames%26_options_sf&quot;,return)</favourite>
	<favourite name="Best msx games" thumb="special://home/addons\plugin.video.youtube\resources\media\search.png">ActivateWindow(10025,&quot;plugin://plugin.video.youtube/kodion/search/query/?q=Best%20msx%20games&amp;sf_options=fanart%3Dspecial%3A%2F%2Fhome%2Faddons%5Cplugin.video.youtube%5Cresources%5Cmedia%5Cfanart.jpg%26meta%3Dlabel%253DBest%252Bmsx%252Bgames%26_options_sf&quot;,return)</favourite>
	<favourite name="Best x68000 games" thumb="special://home/addons\plugin.video.youtube\resources\media\search.png">ActivateWindow(10025,&quot;plugin://plugin.video.youtube/kodion/search/query/?q=Best%20x68000%20games&amp;sf_options=fanart%3Dspecial%3A%2F%2Fhome%2Faddons%5Cplugin.video.youtube%5Cresources%5Cmedia%5Cfanart.jpg%26meta%3Dlabel%253DBest%252Bx68000%252Bgames%26_options_sf&quot;,return)</favourite>
	<favourite name="Best zx spectrum games" thumb="special://home/addons\plugin.video.youtube\resources\media\search.png">ActivateWindow(10025,&quot;plugin://plugin.video.youtube/kodion/search/query/?q=Best%20zx%20spectrum%20games&amp;sf_options=fanart%3Dspecial%3A%2F%2Fhome%2Faddons%5Cplugin.video.youtube%5Cresources%5Cmedia%5Cfanart.jpg%26meta%3Dlabel%253DBest%252Bzx%252Bspectrum%252Bgames%26_options_sf&quot;,return)</favourite>
	<favourite name="Best 3DO games" thumb="special://home/addons\plugin.video.youtube\resources\media\search.png">ActivateWindow(10025,&quot;plugin://plugin.video.youtube/kodion/search/query/?q=Best%203DO%20games&amp;sf_options=fanart%3Dspecial%3A%2F%2Fhome%2Faddons%5Cplugin.video.youtube%5Cresources%5Cmedia%5Cfanart.jpg%26meta%3Dlabel%253DBest%252B3DO%252Bgames%26_options_sf&quot;,return)</favourite>
	<favourite name="Best Scumm VM games" thumb="special://home/addons\plugin.video.youtube\resources\media\search.png">ActivateWindow(10025,&quot;plugin://plugin.video.youtube/kodion/search/query/?q=Best%20Scumm%20VM%20games&amp;sf_options=fanart%3Dspecial%3A%2F%2Fhome%2Faddons%5Cplugin.video.youtube%5Cresources%5Cmedia%5Cfanart.jpg%26meta%3Dlabel%253DBest%252BScumm%252BVM%252Bgames%26_options_sf&quot;,return)</favourite>
	<favourite name="best pce cd games" thumb="special://home/addons\plugin.video.youtube\resources\media\search.png">ActivateWindow(10025,&quot;plugin://plugin.video.youtube/kodion/search/query/?q=best%20pce%20cd%20games&amp;sf_options=fanart%3Dspecial%3A%2F%2Fhome%2Faddons%5Cplugin.video.youtube%5Cresources%5Cmedia%5Cfanart.jpg%26meta%3Dlabel%253Dbest%252Bpce%252Bcd%252Bgames%26_options_sf&quot;,return)</favourite>
	<favourite name="best turbografx16 games" thumb="special://home/addons\plugin.video.youtube\resources\media\search.png">ActivateWindow(10025,&quot;plugin://plugin.video.youtube/kodion/search/query/?q=best%20turbografx16%20games&amp;sf_options=fanart%3Dspecial%3A%2F%2Fhome%2Faddons%5Cplugin.video.youtube%5Cresources%5Cmedia%5Cfanart.jpg%26meta%3Dlabel%253Dbest%252Bturbografx16%252Bgames%26_options_sf&quot;,return)</favourite>
	<favourite name="Best intellivision games" thumb="special://home/addons\plugin.video.youtube\resources\media\search.png">ActivateWindow(10025,&quot;plugin://plugin.video.youtube/kodion/search/query/?q=Best%20intellivision%20games&amp;sf_options=fanart%3Dspecial%3A%2F%2Fhome%2Faddons%5Cplugin.video.youtube%5Cresources%5Cmedia%5Cfanart.jpg%26meta%3Dlabel%253DBest%252Bintellivision%252Bgames%26_options_sf&quot;,return)</favourite>
	<favourite name="best Wonderswan games" thumb="special://home/addons\plugin.video.youtube\resources\media\search.png">ActivateWindow(10025,&quot;plugin://plugin.video.youtube/kodion/search/query/?q=best%20Wonderswan%20games&amp;sf_options=fanart%3Dspecial%3A%2F%2Fhome%2Faddons%5Cplugin.video.youtube%5Cresources%5Cmedia%5Cfanart.jpg%26meta%3Dlabel%253Dbest%252BWonderswan%252Bgames%26_options_sf&quot;,return)</favourite>
	<favourite name="Best wonderswan color games" thumb="special://home/addons\plugin.video.youtube\resources\media\search.png">ActivateWindow(10025,&quot;plugin://plugin.video.youtube/kodion/search/query/?q=Best%20wonderswan%20color%20games&amp;sf_options=fanart%3Dspecial%3A%2F%2Fhome%2Faddons%5Cplugin.video.youtube%5Cresources%5Cmedia%5Cfanart.jpg%26meta%3Dlabel%253DBest%252Bwonderswan%252Bcolor%252Bgames%26_options_sf&quot;,return)</favourite>
	<favourite name="Best magnavox odyssey2" thumb="special://home/addons\plugin.video.youtube\resources\media\search.png">ActivateWindow(10025,&quot;plugin://plugin.video.youtube/kodion/search/query/?q=Best%20magnavox%20odyssey2&amp;sf_options=fanart%3Dspecial%3A%2F%2Fhome%2Faddons%5Cplugin.video.youtube%5Cresources%5Cmedia%5Cfanart.jpg%26meta%3Dlabel%253DBest%252Bmagnavox%252Bodyssey2%26_options_sf&quot;,return)</favourite>
	<favourite name="Best Vectrex games" thumb="special://home/addons\plugin.video.youtube\resources\media\search.png">ActivateWindow(10025,&quot;plugin://plugin.video.youtube/kodion/search/query/?q=Best%20Vectrex%20games&amp;sf_options=fanart%3Dspecial%3A%2F%2Fhome%2Faddons%5Cplugin.video.youtube%5Cresources%5Cmedia%5Cfanart.jpg%26meta%3Dlabel%253DBest%252BVectrex%252Bgames%26_options_sf&quot;,return)</favourite>
</favourites>