<favourites>
	<favourite name="Crash Bandicoot" thumb="http://thegamesdb.net/banners/boxart/original/front/1006-2.jpg">ActivateWindow(10025,&quot;plugin://plugin.program.iarl/Emulator/PS1_ZachMorris/Game/Crash+Bandicoot+%28USA%29?sf_options=desc%3D%26_options_sf&quot;,return)</favourite>
	<favourite name="19.  CTR - Crash Team Racing" thumb="http://thegamesdb.net/banners/boxart/original/front/1007-1.jpg">ActivateWindow(10025,&quot;plugin://plugin.program.iarl/Emulator/PS1_Bestof_ZachMorris/Game/19.++CTR+-+Crash+Team+Racing?sf_options=desc%3D%26_options_sf&quot;,return)</favourite>
	<favourite name="CTR - Crash Team Racing" thumb="http://thegamesdb.net/banners/boxart/original/front/1007-1.jpg">ActivateWindow(10025,&quot;plugin://plugin.program.iarl/Emulator/PS1_ZachMorris/Game/CTR+-+Crash+Team+Racing+%28USA%29?sf_options=desc%3D%26_options_sf&quot;,return)</favourite>
	<favourite name="Crash &amp; Spyro Super Pack Volume 1" thumb="">ActivateWindow(10025,&quot;plugin://plugin.program.iarl/Emulator/GBA_ZachMorris/Game/Crash+%26+Spyro+Super+Pack+Volume+1+%28Europe%29+%28En%2CFr%2CDe%2CEs%2CIt%2CNl%29?sf_options=desc%3D%26_options_sf&quot;,return)</favourite>
	<favourite name="Crash &amp; Spyro Super Pack Volume 2" thumb="">ActivateWindow(10025,&quot;plugin://plugin.program.iarl/Emulator/GBA_ZachMorris/Game/Crash+%26+Spyro+Super+Pack+Volume+2+%28Europe%29+%28En%2CFr%2CDe%2CEs%2CIt%2CNl%29?sf_options=desc%3D%26_options_sf&quot;,return)</favourite>
	<favourite name="Crash &amp; Spyro Super Pack Volume 3" thumb="">ActivateWindow(10025,&quot;plugin://plugin.program.iarl/Emulator/GBA_ZachMorris/Game/Crash+%26+Spyro+Super+Pack+Volume+3+%28Europe%29+%28En%2CFr%2CDe%2CEs%2CIt%29?sf_options=desc%3D%26_options_sf&quot;,return)</favourite>
	<favourite name="Crash &amp; Spyro Superpack - Spyro - Season of Ice + Crash Bandicoot - The Huge Adventure" thumb="http://static.giantbomb.com/uploads/scale_large/12/126726/1789016-930112_70385_front.jpg">ActivateWindow(10025,&quot;plugin://plugin.program.iarl/Emulator/GBA_ZachMorris/Game/Crash+%26+Spyro+Superpack+-+Spyro+-+Season+of+Ice+%2B+Crash+Bandicoot+-+The+Huge+Adventure+%28USA%29?sf_options=desc%3D%26_options_sf&quot;,return)</favourite>
	<favourite name="Crash &amp; Spyro Superpack - Spyro Orange - The Cortex Conspiracy + Crash Bandicoot Purple - Ripto" thumb="http://static.giantbomb.com/uploads/scale_large/12/126726/1789016-930112_70385_front.jpg">ActivateWindow(10025,&quot;plugin://plugin.program.iarl/Emulator/GBA_ZachMorris/Game/Crash+%26+Spyro+Superpack+-+Spyro+Orange+-+The+Cortex+Conspiracy+%2B+Crash+Bandicoot+Purple+-+Ripto%27s+Rampage+%28USA%29?sf_options=desc%3D%26_options_sf&quot;,return)</favourite>
	<favourite name="Crash - Mind Over Mutant" thumb="http://thegamesdb.net/banners/boxart/original/front/18930-1.jpg">ActivateWindow(10025,&quot;plugin://plugin.program.iarl/Emulator/Sony_Playstation_2_N3RDFLIX/Game/Crash+-+Mind+Over+Mutant+%28USA%29?sf_options=desc%3D%26_options_sf&quot;,return)</favourite>
	<favourite name="Crash - Mind Over Mutant" thumb="http://thegamesdb.net/banners/boxart/original/front/13952-1.jpg">ActivateWindow(10025,&quot;plugin://plugin.program.iarl/Emulator/NINTENDO_DS_N3RDFLIX/Game/Crash+-+Mind+Over+Mutant+%28USA%29?sf_options=desc%3D%26_options_sf&quot;,return)</favourite>
	<favourite name="Crash - Mind Over Mutant" thumb="http://thegamesdb.net/banners/boxart/original/front/22525-1.jpg">ActivateWindow(10025,&quot;plugin://plugin.program.iarl/Emulator/PSP_N3RDFLIX/Game/Crash+-+Mind+Over+Mutant+%28USA%29?sf_options=desc%3D%26_options_sf&quot;,return)</favourite>
	<favourite name="Crash - Mind Over Mutant" thumb="http://thegamesdb.net/banners/boxart/original/front/18930-1.jpg">ActivateWindow(10025,&quot;plugin://plugin.program.iarl/Emulator/Sony_Playstation_2_N3RDFLIX/Game/Crash+-+Mind+Over+Mutant+%28USA%29?sf_options=desc%3D%26_options_sf&quot;,return)</favourite>
	<favourite name="Crash - Mind Over Mutant" thumb="http://thegamesdb.net/banners/boxart/original/front/13952-1.jpg">ActivateWindow(10025,&quot;plugin://plugin.program.iarl/Emulator/NINTENDO_DS_N3RDFLIX/Game/Crash+-+Mind+Over+Mutant+%28USA%29?sf_options=desc%3D%26_options_sf&quot;,return)</favourite>
	<favourite name="Crash - Mind Over Mutant" thumb="http://thegamesdb.net/banners/boxart/original/front/22525-1.jpg">ActivateWindow(10025,&quot;plugin://plugin.program.iarl/Emulator/PSP_N3RDFLIX/Game/Crash+-+Mind+Over+Mutant+%28USA%29?sf_options=desc%3D%26_options_sf&quot;,return)</favourite>
	<favourite name="Crash Bandicoot - The Wrath of Cortex" thumb="http://thegamesdb.net/banners/boxart/original/front/8322-1.jpg">ActivateWindow(10025,&quot;plugin://plugin.program.iarl/Emulator/Sony_Playstation_2_N3RDFLIX/Game/Crash+Bandicoot+-+The+Wrath+of+Cortex+%28USA%29?sf_options=desc%3D%26_options_sf&quot;,return)</favourite>
	<favourite name="Crash Bandicoot The Wrath Of Cortex" thumb="http://thegamesdb.net/banners/boxart/original/front/8323-1.jpg">ActivateWindow(10025,&quot;plugin://plugin.program.iarl/Emulator/Nintendo_Gamecube_N3RDFLIX/Game/Crash+Bandicoot+The+Wrath+Of+Cortex?sf_options=desc%3D%26_options_sf&quot;,return)</favourite>
	<favourite name="Crash Boom Bang!" thumb="http://thegamesdb.net/banners/boxart/original/front/6711-1.jpg">ActivateWindow(10025,&quot;plugin://plugin.program.iarl/Emulator/NINTENDO_DS_N3RDFLIX/Game/Crash+Boom+Bang%21+%28USA%29?sf_options=desc%3D%26_options_sf&quot;,return)</favourite>
	<favourite name="Crash Nitro Kart" thumb="http://thegamesdb.net/banners/boxart/original/front/6954-1.jpg">ActivateWindow(10025,&quot;plugin://plugin.program.iarl/Emulator/Nintendo_Gamecube_N3RDFLIX/Game/Crash+Nitro+Kart+%28Europe%29?sf_options=desc%3D%26_options_sf&quot;,return)</favourite>
	<favourite name="Crash Nitro Kart" thumb="http://thegamesdb.net/banners/boxart/original/front/13655-1.jpg">ActivateWindow(10025,&quot;plugin://plugin.program.iarl/Emulator/Sony_Playstation_2_N3RDFLIX/Game/Crash+Nitro+Kart+%28USA%29?sf_options=desc%3D%26_options_sf&quot;,return)</favourite>
	<favourite name="Crash Tag Team Racing" thumb="http://thegamesdb.net/banners/boxart/original/front/6956-1.jpg">ActivateWindow(10025,&quot;plugin://plugin.program.iarl/Emulator/Nintendo_Gamecube_N3RDFLIX/Game/Crash+Tag+Team+Racing?sf_options=desc%3D%26_options_sf&quot;,return)</favourite>
	<favourite name="Crash Tag Team Racing" thumb="http://thegamesdb.net/banners/boxart/original/front/9872-1.jpg">ActivateWindow(10025,&quot;plugin://plugin.program.iarl/Emulator/Sony_Playstation_2_N3RDFLIX/Game/Crash+Tag+Team+Racing+%28USA%29?sf_options=desc%3D%26_options_sf&quot;,return)</favourite>
	<favourite name="Crash Tag Team Racing" thumb="http://thegamesdb.net/banners/boxart/original/front/25065-1.jpg">ActivateWindow(10025,&quot;plugin://plugin.program.iarl/Emulator/PSP_N3RDFLIX/Game/Crash+Tag+Team+Racing+%28USA%29?sf_options=desc%3D%26_options_sf&quot;,return)</favourite>
	<favourite name="Crash Twinsanity" thumb="http://thegamesdb.net/banners/boxart/original/front/9646-1.jpg">ActivateWindow(10025,&quot;plugin://plugin.program.iarl/Emulator/Sony_Playstation_2_N3RDFLIX/Game/Crash+Twinsanity+%28USA%29?sf_options=desc%3D%26_options_sf&quot;,return)</favourite>
	<favourite name="Crash of the Titans" thumb="http://thegamesdb.net/banners/boxart/original/front/11218-1.jpg">ActivateWindow(10025,&quot;plugin://plugin.program.iarl/Emulator/NINTENDO_DS_N3RDFLIX/Game/Crash+of+the+Titans+%28USA%29?sf_options=desc%3D%26_options_sf&quot;,return)</favourite>
	<favourite name="Crash of the Titans" thumb="http://thegamesdb.net/banners/boxart/original/front/5384-1.jpg">ActivateWindow(10025,&quot;plugin://plugin.program.iarl/Emulator/Sony_Playstation_2_N3RDFLIX/Game/Crash+of+the+Titans+%28USA%29?sf_options=desc%3D%26_options_sf&quot;,return)</favourite>
	<favourite name="Crash of the Titans" thumb="http://thegamesdb.net/banners/boxart/original/front/13501-1.jpg">ActivateWindow(10025,&quot;plugin://plugin.program.iarl/Emulator/PSP_N3RDFLIX/Game/Crash+of+the+Titans+%28USA%29?sf_options=desc%3D%26_options_sf&quot;,return)</favourite>
    <favourite name="Crash Bandicoot - The Huge Adventure" thumb="http://thegamesdb.net/banners/boxart/original/front/3361-1.jpg">ActivateWindow(10025,&quot;plugin://plugin.program.iarl/Emulator/GBA_ZachMorris/Game/Crash+Bandicoot+-+The+Huge+Adventure+%28USA%29?sf_options=desc%3D%26_options_sf&quot;,return)</favourite>
	<favourite name="Crash Bandicoot - The Wrath of Cortex" thumb="http://thegamesdb.net/banners/boxart/original/front/8322-1.jpg">ActivateWindow(10025,&quot;plugin://plugin.program.iarl/Emulator/Sony_Playstation_2_N3RDFLIX/Game/Crash+Bandicoot+-+The+Wrath+of+Cortex+%28USA%29?sf_options=desc%3D%26_options_sf&quot;,return)</favourite>
	<favourite name="Crash Bandicoot - Warped" thumb="http://thegamesdb.net/banners/boxart/original/front/515-1.jpg">ActivateWindow(10025,&quot;plugin://plugin.program.iarl/Emulator/PS1_ZachMorris/Game/Crash+Bandicoot+-+Warped+%28USA%29?sf_options=desc%3D%26_options_sf&quot;,return)</favourite>
	<favourite name="Crash Bandicoot 2 - Cortex Strikes Back" thumb="http://thegamesdb.net/banners/boxart/original/front/5689-2.jpg">ActivateWindow(10025,&quot;plugin://plugin.program.iarl/Emulator/PS1_ZachMorris/Game/Crash+Bandicoot+2+-+Cortex+Strikes+Back+%28USA%29?sf_options=desc%3D%26_options_sf&quot;,return)</favourite>
	<favourite name="Crash Bandicoot 2 - N-Tranced" thumb="http://thegamesdb.net/banners/boxart/original/front/3360-1.jpg">ActivateWindow(10025,&quot;plugin://plugin.program.iarl/Emulator/GBA_ZachMorris/Game/Crash+Bandicoot+2+-+N-Tranced+%28USA%29?sf_options=desc%3D%26_options_sf&quot;,return)</favourite>
	<favourite name="Crash Bandicoot Advance" thumb="http://thegamesdb.net/banners/boxart/original/front/3361-1.jpg">ActivateWindow(10025,&quot;plugin://plugin.program.iarl/Emulator/GBA_ZachMorris/Game/Crash+Bandicoot+Advance+%28Japan%29?sf_options=desc%3D%26_options_sf&quot;,return)</favourite>
	<favourite name="Crash Bandicoot Advance - Wakuwaku Tomodachi Daisakusen!" thumb="http://thegamesdb.net/banners/boxart/original/front/3362-1.jpg">ActivateWindow(10025,&quot;plugin://plugin.program.iarl/Emulator/GBA_ZachMorris/Game/Crash+Bandicoot+Advance+-+Wakuwaku+Tomodachi+Daisakusen%21+%28Japan%29?sf_options=desc%3D%26_options_sf&quot;,return)</favourite>
	<favourite name="Crash Bandicoot Advance 2 - Guruguru Saimin Dai-panic!" thumb="http://thegamesdb.net/banners/boxart/original/front/3360-1.jpg">ActivateWindow(10025,&quot;plugin://plugin.program.iarl/Emulator/GBA_ZachMorris/Game/Crash+Bandicoot+Advance+2+-+Guruguru+Saimin+Dai-panic%21+%28Japan%29?sf_options=desc%3D%26_options_sf&quot;,return)</favourite>
	<favourite name="Crash Bandicoot Bakusou Nitro Cart" thumb="http://thegamesdb.net/banners/boxart/original/front/3363-1.jpg">ActivateWindow(10025,&quot;plugin://plugin.program.iarl/Emulator/GBA_ZachMorris/Game/Crash+Bandicoot+Bakusou+Nitro+Cart+%28Japan%29?sf_options=desc%3D%26_options_sf&quot;,return)</favourite>
	<favourite name="Crash Bandicoot Fusion" thumb="http://thegamesdb.net/banners/boxart/original/front/3362-1.jpg">ActivateWindow(10025,&quot;plugin://plugin.program.iarl/Emulator/GBA_ZachMorris/Game/Crash+Bandicoot+Fusion+%28Europe%29+%28En%2CFr%2CDe%2CEs%2CIt%29?sf_options=desc%3D%26_options_sf&quot;,return)</favourite>
	<favourite name="Crash Bandicoot Purple - Ripto" thumb="http://static.giantbomb.com/uploads/scale_large/8/87790/1803622-box_crashbprr.png">ActivateWindow(10025,&quot;plugin://plugin.program.iarl/Emulator/GBA_ZachMorris/Game/Crash+Bandicoot+Purple+-+Ripto%27s+Rampage+%28USA%29?sf_options=desc%3D%26_options_sf&quot;,return)</favourite>
	<favourite name="Crash Bandicoot The Wrath Of Cortex" thumb="http://thegamesdb.net/banners/boxart/original/front/8323-1.jpg">ActivateWindow(10025,&quot;plugin://plugin.program.iarl/Emulator/Nintendo_Gamecube_N3RDFLIX/Game/Crash+Bandicoot+The+Wrath+Of+Cortex?sf_options=desc%3D%26_options_sf&quot;,return)</favourite>
	<favourite name="Crash Bandicoot XS" thumb="http://thegamesdb.net/banners/boxart/original/front/3361-1.jpg">ActivateWindow(10025,&quot;plugin://plugin.program.iarl/Emulator/GBA_ZachMorris/Game/Crash+Bandicoot+XS+%28Europe%29+%28En%2CFr%2CDe%2CEs%2CIt%2CNl%29?sf_options=desc%3D%26_options_sf&quot;,return)</favourite>
	<favourite name="Crash Bash" thumb="http://thegamesdb.net/banners/boxart/original/front/6680-1.jpg">ActivateWindow(10025,&quot;plugin://plugin.program.iarl/Emulator/PS1_ZachMorris/Game/Crash+Bash+%28USA%29?sf_options=desc%3D%26_options_sf&quot;,return)</favourite>
	<favourite name="Crash Boom Bang!" thumb="http://thegamesdb.net/banners/boxart/original/front/6711-1.jpg">ActivateWindow(10025,&quot;plugin://plugin.program.iarl/Emulator/NINTENDO_DS_N3RDFLIX/Game/Crash+Boom+Bang%21+%28USA%29?sf_options=desc%3D%26_options_sf&quot;,return)</favourite>
	<favourite name="Crash Nitro Kart" thumb="http://thegamesdb.net/banners/boxart/original/front/6954-1.jpg">ActivateWindow(10025,&quot;plugin://plugin.program.iarl/Emulator/Nintendo_Gamecube_N3RDFLIX/Game/Crash+Nitro+Kart+%28Europe%29?sf_options=desc%3D%26_options_sf&quot;,return)</favourite>
	<favourite name="Crash Nitro Kart" thumb="http://static.giantbomb.com/uploads/scale_large/8/87790/1881066-box_crashnk.png">ActivateWindow(10025,&quot;plugin://plugin.program.iarl/Emulator/GBA_ZachMorris/Game/Crash+Nitro+Kart+%28USA%29?sf_options=desc%3D%26_options_sf&quot;,return)</favourite>
	<favourite name="Crash Superpack" thumb="http://static.giantbomb.com/uploads/scale_large/0/7465/1765901-954987_115134_front.jpg">ActivateWindow(10025,&quot;plugin://plugin.program.iarl/Emulator/GBA_ZachMorris/Game/Crash+Superpack+%28USA%29?sf_options=desc%3D%26_options_sf&quot;,return)</favourite>
	<favourite name="Crash Tag Team Racing" thumb="http://thegamesdb.net/banners/boxart/original/front/6956-1.jpg">ActivateWindow(10025,&quot;plugin://plugin.program.iarl/Emulator/Nintendo_Gamecube_N3RDFLIX/Game/Crash+Tag+Team+Racing?sf_options=desc%3D%26_options_sf&quot;,return)</favourite>
	<favourite name="Crash Tag Team Racing" thumb="http://thegamesdb.net/banners/boxart/original/front/9872-1.jpg">ActivateWindow(10025,&quot;plugin://plugin.program.iarl/Emulator/Sony_Playstation_2_N3RDFLIX/Game/Crash+Tag+Team+Racing+%28USA%29?sf_options=desc%3D%26_options_sf&quot;,return)</favourite>
	<favourite name="Crash Tag Team Racing" thumb="http://thegamesdb.net/banners/boxart/original/front/25065-1.jpg">ActivateWindow(10025,&quot;plugin://plugin.program.iarl/Emulator/PSP_N3RDFLIX/Game/Crash+Tag+Team+Racing+%28USA%29?sf_options=desc%3D%26_options_sf&quot;,return)</favourite>
	<favourite name="Crash Twinsanity" thumb="http://thegamesdb.net/banners/boxart/original/front/9646-1.jpg">ActivateWindow(10025,&quot;plugin://plugin.program.iarl/Emulator/Sony_Playstation_2_N3RDFLIX/Game/Crash+Twinsanity+%28USA%29?sf_options=desc%3D%26_options_sf&quot;,return)</favourite>
	<favourite name="Crash of the Titans" thumb="http://thegamesdb.net/banners/boxart/original/front/11218-1.jpg">ActivateWindow(10025,&quot;plugin://plugin.program.iarl/Emulator/NINTENDO_DS_N3RDFLIX/Game/Crash+of+the+Titans+%28USA%29?sf_options=desc%3D%26_options_sf&quot;,return)</favourite>
	<favourite name="Crash of the Titans" thumb="http://thegamesdb.net/banners/boxart/original/front/5384-1.jpg">ActivateWindow(10025,&quot;plugin://plugin.program.iarl/Emulator/Sony_Playstation_2_N3RDFLIX/Game/Crash+of+the+Titans+%28USA%29?sf_options=desc%3D%26_options_sf&quot;,return)</favourite>
	<favourite name="Crash of the Titans" thumb="http://thegamesdb.net/banners/boxart/original/front/13501-1.jpg">ActivateWindow(10025,&quot;plugin://plugin.program.iarl/Emulator/PSP_N3RDFLIX/Game/Crash+of+the+Titans+%28USA%29?sf_options=desc%3D%26_options_sf&quot;,return)</favourite>
	<favourite name="Crash of the Titans" thumb="http://thegamesdb.net/banners/boxart/original/front/19436-1.jpg">ActivateWindow(10025,&quot;plugin://plugin.program.iarl/Emulator/GBA_ZachMorris/Game/Crash+of+the+Titans+%28USA%29+%28En%2CFr%29?sf_options=desc%3D%26_options_sf&quot;,return)</favourite>
</favourites>