<favourites>
	<favourite name="Stargate" thumb="http://thegamesdb.net/banners/boxart/original/front/4637-1.jpg">ActivateWindow(10025,&quot;plugin://plugin.program.iarl/Emulator/Genesis_ZachMorris/Game/Stargate+%28USA%2C+Europe%29?sf_options=desc%3D%26_options_sf&quot;,return)</favourite>
	<favourite name="Stargate" thumb="http://thegamesdb.net/banners/boxart/original/front/33570-1.jpg">ActivateWindow(10025,&quot;plugin://plugin.program.iarl/Emulator/MAME_ZachMorris/Game/Stargate?sf_options=desc%3D%26_options_sf&quot;,return)</favourite>
	<favourite name="Stargate" thumb="http://thegamesdb.net/banners/boxart/original/front/33570-1.jpg">ActivateWindow(10025,&quot;plugin://plugin.program.iarl/Emulator/MAME_2014_ZachMorris/Game/Stargate?sf_options=desc%3D%26_options_sf&quot;,return)</favourite>
	<favourite name="Stargate" thumb="http://www.mobygames.com/images/covers/l/215825-stargate-pc-booter-front-cover.jpg">ActivateWindow(10025,&quot;plugin://plugin.program.iarl/Emulator/IA_MSDOS_ZachMorris/Game/Stargate?sf_options=desc%3D%26_options_sf&quot;,return)</favourite>
	<favourite name="Stargate" thumb="http://static.giantbomb.com/uploads/scale_large/1/15568/623358-b_stargate_silver_front.jpg">ActivateWindow(10025,&quot;plugin://plugin.program.iarl/Emulator/Atari_2600_ZachMorris/Game/Stargate?sf_options=desc%3D%26_options_sf&quot;,return)</favourite>
	<favourite name="Stargate" thumb="http://thegamesdb.net/banners/boxart/original/front/34491-1.jpg">ActivateWindow(10025,&quot;plugin://plugin.program.iarl/Emulator/Atari_5200_ZachMorris/Game/Stargate+%28Prototype%29?sf_options=desc%3D%26_options_sf&quot;,return)</favourite>
	<favourite name="Stargate" thumb="http://static.giantbomb.com/uploads/scale_large/1/15568/623358-b_stargate_silver_front.jpg">ActivateWindow(10025,&quot;plugin://plugin.program.iarl/Emulator/Atari_800_ZachMorris/Game/Stargate+%28Prototype%29?sf_options=desc%3D%26_options_sf&quot;,return)</favourite>
	<favourite name="Stargate" thumb="http://i.imgur.com/2tpCkmV.jpg">ActivateWindow(10025,&quot;plugin://plugin.program.iarl/Emulator/SNES_ZachMorris/Game/Stargate+%28USA%29?sf_options=desc%3D%26_options_sf&quot;,return)</favourite>
	<favourite name="Stargate" thumb="http://thegamesdb.net/banners/boxart/original/front/23342-1.jpg">ActivateWindow(10025,&quot;plugin://plugin.program.iarl/Emulator/GB_Classic_ZachMorris/Game/Stargate+%28USA%2C+Europe%29?sf_options=desc%3D%26_options_sf&quot;,return)</favourite>
	<favourite name="Stargate" thumb="http://thegamesdb.net/banners/boxart/original/front/25224-1.jpg">ActivateWindow(10025,&quot;plugin://plugin.program.iarl/Emulator/Game_Gear_ZachMorris/Game/Stargate+%28World%29?sf_options=desc%3D%26_options_sf&quot;,return)</favourite>
</favourites>