<favourites>
	<favourite name="13.  Road Rash II" thumb="http://thegamesdb.net/banners/boxart/original/front/734-1.jpg">ActivateWindow(10025,&quot;plugin://plugin.program.iarl/Emulator/Genesis_Bestof_ZachMorris/Game/13.++Road+Rash+II?sf_options=desc%3D%26_options_sf&quot;,return)</favourite>
	<favourite name="2 Games in 1 - Moto GP + GT Advance 3 - Pro Concept Racing" thumb="http://img.gamefaqs.net/box/9/5/5/109955_front.jpg">ActivateWindow(10025,&quot;plugin://plugin.program.iarl/Emulator/GBA_ZachMorris/Game/2+Games+in+1+-+Moto+GP+%2B+GT+Advance+3+-+Pro+Concept+Racing+%28Europe%29+%28En%2CFr%2CDe%2CEs%2CIt%2BEn%29?sf_options=desc%3D%26_options_sf&quot;,return)</favourite>
	<favourite name="2.  Road Rash" thumb="http://static.giantbomb.com/uploads/scale_large/9/93770/2371391-genesis_roadrash.jpg">ActivateWindow(10025,&quot;plugin://plugin.program.iarl/Emulator/Game_Gear_Bestof_ZachMorris/Game/2.++Road+Rash?sf_options=desc%3D%26_options_sf&quot;,return)</favourite>
	<favourite name="3.  Road Rash" thumb="http://thegamesdb.net/banners/boxart/original/front/2557-1.jpg">ActivateWindow(10025,&quot;plugin://plugin.program.iarl/Emulator/Master_System_Bestof_ZachMorris/Game/3.++Road+Rash?sf_options=desc%3D%26_options_sf&quot;,return)</favourite>
	<favourite name="33.  GP Rider" thumb="http://thegamesdb.net/banners/boxart/original/front/2803-1.jpg">ActivateWindow(10025,&quot;plugin://plugin.program.iarl/Emulator/Master_System_Bestof_ZachMorris/Game/33.++GP+Rider?sf_options=desc%3D%26_options_sf&quot;,return)</favourite>
	<favourite name="49.  Out Run Europa" thumb="http://thegamesdb.net/banners/boxart/original/front/2951-2.jpg">ActivateWindow(10025,&quot;plugin://plugin.program.iarl/Emulator/Master_System_Bestof_ZachMorris/Game/49.++Out+Run+Europa?sf_options=desc%3D%26_options_sf&quot;,return)</favourite>
	<favourite name="50.  Hang-On" thumb="http://static.giantbomb.com/uploads/scale_large/13/139866/2439132-16003601.jpg">ActivateWindow(10025,&quot;plugin://plugin.program.iarl/Emulator/Master_System_Bestof_ZachMorris/Game/50.++Hang-On?sf_options=desc%3D%26_options_sf&quot;,return)</favourite>
	<favourite name="500cc Grand Prix" thumb="https://archive.org/download/C64Games_201705/C64_Artwork.zip/Commodore%2064%20Artwork%2F500cc%20Grand%20Prix%20%28France%29%2FCover%20%28EDOS%29-500cc_Grand_Prix_%28EDOS%29.jpg">ActivateWindow(10025,&quot;plugin://plugin.program.iarl/Emulator/C64_ZachMorris/Game/500cc+Grand+Prix?sf_options=desc%3D%26_options_sf&quot;,return)</favourite>
	<favourite name="500cc Grand Prix" thumb="https://archive.org/download/C64Games_201705/C64_Artwork.zip/Commodore%2064%20Artwork%2F500cc%20Grand%20Prix%20%28France%29%2FCover%20%28EDOS%29-500cc_Grand_Prix_%28EDOS%29.jpg">ActivateWindow(10025,&quot;plugin://plugin.program.iarl/Emulator/C64_ZachMorris/Game/500cc+Grand+Prix+%28France%29?sf_options=desc%3D%26_options_sf&quot;,return)</favourite>
	<favourite name="A.B. Cop" thumb="http://archive.org/download/Mame172arcdcmplt/cabinets.zip/abcop.png">ActivateWindow(10025,&quot;plugin://plugin.program.iarl/Emulator/FBA_ZachMorris/Game/A.B.+Cop+%28World%29+%28FD1094+317-0169b%29?sf_options=desc%3D%26_options_sf&quot;,return)</favourite>
	<favourite name="A.B. Cop" thumb="http://archive.org/download/Mame172arcdcmplt/cabinets.zip/abcop.png">ActivateWindow(10025,&quot;plugin://plugin.program.iarl/Emulator/MAME_ZachMorris/Game/A.B.+Cop+%28World%29+%28FD1094+317-0169b%29?sf_options=desc%3D%26_options_sf&quot;,return)</favourite>
	<favourite name="Action Biker" thumb="https://archive.org/download/C64Games_201705/C64_Artwork.zip/Commodore%2064%20Artwork%2FAction%20Biker%20%28Europe%29%2F%5B1.Front%5D%20Front1.jpg">ActivateWindow(10025,&quot;plugin://plugin.program.iarl/Emulator/C64_ZachMorris/Game/Action+Biker?sf_options=desc%3D%26_options_sf&quot;,return)</favourite>
	<favourite name="Angel Nieto Pole 500" thumb="http://www.mobygames.com/images/shots/l/242964-angel-nieto-pole-500-dos-screenshot-title-screen-vga.jpg">ActivateWindow(10025,&quot;plugin://plugin.program.iarl/Emulator/IA_MSDOS_ZachMorris/Game/Angel+Nieto+Pole+500?sf_options=desc%3D%26_options_sf&quot;,return)</favourite>
	<favourite name="Biker Mice from Mars" thumb="http://thegamesdb.net/banners/boxart/original/front/39630-1.jpg">ActivateWindow(10025,&quot;plugin://plugin.program.iarl/Emulator/NINTENDO_DS_N3RDFLIX/Game/Biker+Mice+from+Mars+%28USA%29?sf_options=desc%3D%26_options_sf&quot;,return)</favourite>
	<favourite name="Biker Mice from Mars" thumb="http://thegamesdb.net/banners/boxart/original/front/39631-1.jpg">ActivateWindow(10025,&quot;plugin://plugin.program.iarl/Emulator/Sony_Playstation_2_N3RDFLIX/Game/Biker+Mice+from+Mars+%28USA%29?sf_options=desc%3D%26_options_sf&quot;,return)</favourite>
	<favourite name="Biker Mice from Mars" thumb="http://i.imgur.com/ECNDZqD.jpg">ActivateWindow(10025,&quot;plugin://plugin.program.iarl/Emulator/SNES_ZachMorris/Game/Biker+Mice+from+Mars+%28USA%29?sf_options=desc%3D%26_options_sf&quot;,return)</favourite>
	<favourite name="Castrol Honda Superbike Racing" thumb="http://thegamesdb.net/banners/boxart/original/front/9282-1.jpg">ActivateWindow(10025,&quot;plugin://plugin.program.iarl/Emulator/PS1_ZachMorris/Game/Castrol+Honda+Superbike+Racing+%28USA%29?sf_options=desc%3D%26_options_sf&quot;,return)</favourite>
	<favourite name="Cool Riders" thumb="http://archive.org/download/Mame172arcdcmplt/flyers.zip/coolridr.png">ActivateWindow(10025,&quot;plugin://plugin.program.iarl/Emulator/MAME_ZachMorris/Game/Cool+Riders?sf_options=desc%3D%26_options_sf&quot;,return)</favourite>
	<favourite name="Crazy Bikers" thumb="http://thegamesdb.net/banners/boxart/original/front/21481-1.jpg">ActivateWindow(10025,&quot;plugin://plugin.program.iarl/Emulator/GBC_ZachMorris/Game/Crazy+Bikers+%28Europe%29?sf_options=desc%3D%26_options_sf&quot;,return)</favourite>
	<favourite name="Cycles, The - International Grand Prix Racing" thumb="https://archive.org/download/C64Games_201705/C64_Artwork.zip/Commodore%2064%20Artwork%2FCycles%2C%20The%20-%20International%20Grand%20Prix%20Racing%20%28USA%29%2FAdvert-Accolade7.jpg">ActivateWindow(10025,&quot;plugin://plugin.program.iarl/Emulator/C64_ZachMorris/Game/Cycles%2C+The+-+International+Grand+Prix+Racing+%28USA%29?sf_options=desc%3D%26_options_sf&quot;,return)</favourite>
	<favourite name="Downhill Bikers" thumb="http://archive.org/download/Mame172arcdcmplt/snap.zip/downhill.png">ActivateWindow(10025,&quot;plugin://plugin.program.iarl/Emulator/MAME_ZachMorris/Game/Downhill+Bikers+%28DH3+Ver.+A%29?sf_options=desc%3D%26_options_sf&quot;,return)</favourite>
	<favourite name="Ducati Moto" thumb="http://thegamesdb.net/banners/boxart/original/front/47157-1.jpg">ActivateWindow(10025,&quot;plugin://plugin.program.iarl/Emulator/NINTENDO_DS_N3RDFLIX/Game/Ducati+Moto+%28USA%29?sf_options=desc%3D%26_options_sf&quot;,return)</favourite>
	<favourite name="EA Sports Superbike 2000" thumb="http://thegamesdb.net/banners/boxart/original/front/11862-1.jpg">ActivateWindow(10025,&quot;plugin://plugin.program.iarl/Emulator/PS1_ZachMorris/Game/EA+Sports+Superbike+2000+%28USA%29?sf_options=desc%3D%26_options_sf&quot;,return)</favourite>
	<favourite name="Eddie Kidd Jump Challenge" thumb="https://archive.org/download/C64Games_201705/C64_Artwork.zip/Commodore%2064%20Artwork%2FEddie%20Kidd%20Jump%20Challenge%20%28Europe%29%2FAdvert-Martech_Eddie_Kidd_Jump_Challenge.jpg">ActivateWindow(10025,&quot;plugin://plugin.program.iarl/Emulator/C64_ZachMorris/Game/Eddie+Kidd+Jump+Challenge+%28Europe%29?sf_options=desc%3D%26_options_sf&quot;,return)</favourite>
	<favourite name="GP Rider" thumb="http://thegamesdb.net/banners/boxart/original/front/2803-1.jpg">ActivateWindow(10025,&quot;plugin://plugin.program.iarl/Emulator/Master_System_ZachMorris/Game/GP+Rider+%28Europe%29?sf_options=desc%3D%26_options_sf&quot;,return)</favourite>
	<favourite name="GP Rider" thumb="http://thegamesdb.net/banners/boxart/original/front/25109-1.png">ActivateWindow(10025,&quot;plugin://plugin.program.iarl/Emulator/Game_Gear_ZachMorris/Game/GP+Rider+%28USA%2C+Europe%29?sf_options=desc%3D%26_options_sf&quot;,return)</favourite>
	<favourite name="GP Rider" thumb="http://thegamesdb.net/banners/boxart/original/front/36416-1.jpg">ActivateWindow(10025,&quot;plugin://plugin.program.iarl/Emulator/MAME_ZachMorris/Game/GP+Rider+%28World%2C+FD1094+317-0163%29+%28Twin+setup%29?sf_options=desc%3D%26_options_sf&quot;,return)</favourite>
	<favourite name="GP Rider" thumb="http://images.launchbox-app.com/gpriderus.png">ActivateWindow(10025,&quot;plugin://plugin.program.iarl/Emulator/FBA_ZachMorris/Game/GP+Rider+%28World%2C+FD1094+317-0163%29+%28Twin+setup%29?sf_options=desc%3D%26_options_sf&quot;,return)</favourite>
	<favourite name="Grand Prix 500 2" thumb="http://www.mobygames.com/images/covers/l/258215-vulcan-the-tunisian-campaign-dos-front-cover.jpg">ActivateWindow(10025,&quot;plugin://plugin.program.iarl/Emulator/IA_MSDOS_ZachMorris/Game/Grand+Prix+500+2?sf_options=desc%3D%26_options_sf&quot;,return)</favourite>
	<favourite name="Grand Prix Master" thumb="https://archive.org/download/C64Games_201705/C64_Artwork.zip/Commodore%2064%20Artwork%2FGrand%20Prix%20Master%20%28Spain%29%2FCover-Grand-Prix_Master.jpg">ActivateWindow(10025,&quot;plugin://plugin.program.iarl/Emulator/C64_ZachMorris/Game/Grand+Prix+Master?sf_options=desc%3D%26_options_sf&quot;,return)</favourite>
	<favourite name="Grand Prix Master" thumb="http://www.mobygames.com/images/shots/l/80046-grand-prix-master-dos-screenshot-title-screen.jpg">ActivateWindow(10025,&quot;plugin://plugin.program.iarl/Emulator/IA_MSDOS_ZachMorris/Game/Grand+Prix+Master?sf_options=desc%3D%26_options_sf&quot;,return)</favourite>
	<favourite name="Hang-On & Astro Warrior" thumb="http://thegamesdb.net/banners/boxart/original/front/2819-1.jpg">ActivateWindow(10025,&quot;plugin://plugin.program.iarl/Emulator/Master_System_ZachMorris/Game/Hang-On+%26+Astro+Warrior+%28USA%29?sf_options=desc%3D%26_options_sf&quot;,return)</favourite>
	<favourite name="Hang-On & Safari Hunt" thumb="http://static.giantbomb.com/uploads/scale_large/16/164924/2413577-combo2.jpg">ActivateWindow(10025,&quot;plugin://plugin.program.iarl/Emulator/Master_System_ZachMorris/Game/Hang-On+%26+Safari+Hunt+%28USA%29?sf_options=desc%3D%26_options_sf&quot;,return)</favourite>
	<favourite name="Hang-On" thumb="http://static.giantbomb.com/uploads/scale_large/13/139866/2439132-16003601.jpg">ActivateWindow(10025,&quot;plugin://plugin.program.iarl/Emulator/Master_System_ZachMorris/Game/Hang-On+%28Europe%29?sf_options=desc%3D%26_options_sf&quot;,return)</favourite>
	<favourite name="Hang-On" thumb="http://thegamesdb.net/banners/boxart/original/front/26756-1.png">ActivateWindow(10025,&quot;plugin://plugin.program.iarl/Emulator/MAME_2014_ZachMorris/Game/Hang-On+%28Rev+A%29?sf_options=desc%3D%26_options_sf&quot;,return)</favourite>
	<favourite name="Hang-On" thumb="http://images.launchbox-app.com/hangon.png">ActivateWindow(10025,&quot;plugin://plugin.program.iarl/Emulator/FBA_ZachMorris/Game/Hang-On+%28Rev+A%29?sf_options=desc%3D%26_options_sf&quot;,return)</favourite>
	<favourite name="Hang-On" thumb="http://thegamesdb.net/banners/boxart/original/front/26756-1.png">ActivateWindow(10025,&quot;plugin://plugin.program.iarl/Emulator/MAME_ZachMorris/Game/Hang-On+%28Rev+A%29?sf_options=desc%3D%26_options_sf&quot;,return)</favourite>
	<favourite name="Hang-On Jr." thumb="http://archive.org/download/Mame172arcdcmplt/flyers.zip/hangonjr.png">ActivateWindow(10025,&quot;plugin://plugin.program.iarl/Emulator/MAME_ZachMorris/Game/Hang-On+Jr.?sf_options=desc%3D%26_options_sf&quot;,return)</favourite>
	<favourite name="Hang-On Jr." thumb="http://archive.org/download/Mame172arcdcmplt/flyers.zip/hangonjr.png">ActivateWindow(10025,&quot;plugin://plugin.program.iarl/Emulator/MAME_2014_ZachMorris/Game/Hang-On+Jr.?sf_options=desc%3D%26_options_sf&quot;,return)</favourite>
	<favourite name="Harley-Davidson Motor Cycles - Race Across America" thumb="http://thegamesdb.net/banners/boxart/original/front/21996-1.jpg">ActivateWindow(10025,&quot;plugin://plugin.program.iarl/Emulator/GBC_ZachMorris/Game/Harley-Davidson+Motor+Cycles+-+Race+Across+America+%28USA%29?sf_options=desc%3D%26_options_sf&quot;,return)</favourite>
	<favourite name="Hyper Biker" thumb="https://archive.org/download/C64Games_201705/C64_Artwork.zip/Commodore%2064%20Artwork%2FHyper%20Biker%20%28Europe%29%2F%5B1.Front%5D%20Front1.jpg">ActivateWindow(10025,&quot;plugin://plugin.program.iarl/Emulator/C64_ZachMorris/Game/Hyper+Biker+%28Europe%29?sf_options=desc%3D%26_options_sf&quot;,return)</favourite>
	<favourite name="Kawasaki Superbike Challenge" thumb="http://i.imgur.com/ugAyUwU.jpg">ActivateWindow(10025,&quot;plugin://plugin.program.iarl/Emulator/SNES_ZachMorris/Game/Kawasaki+Superbike+Challenge+%28USA%29?sf_options=desc%3D%26_options_sf&quot;,return)</favourite>
	<favourite name="Kawasaki Superbike Challenge" thumb="http://thegamesdb.net/banners/boxart/original/front/21319-1.jpg">ActivateWindow(10025,&quot;plugin://plugin.program.iarl/Emulator/Game_Gear_ZachMorris/Game/Kawasaki+Superbike+Challenge+%28USA%2C+Europe%29?sf_options=desc%3D%26_options_sf&quot;,return)</favourite>
	<favourite name="Kawasaki Superbike Challenge" thumb="http://thegamesdb.net/banners/boxart/original/front/4476-1.jpg">ActivateWindow(10025,&quot;plugin://plugin.program.iarl/Emulator/Genesis_ZachMorris/Game/Kawasaki+Superbike+Challenge+%28USA%2C+Europe%29?sf_options=desc%3D%26_options_sf&quot;,return)</favourite>
	<favourite name="Kick Start - Wheelie King" thumb="http://archive.org/download/Mame172arcdcmplt/flyers.zip/kikstart.png">ActivateWindow(10025,&quot;plugin://plugin.program.iarl/Emulator/MAME_2014_ZachMorris/Game/Kick+Start+-+Wheelie+King?sf_options=desc%3D%26_options_sf&quot;,return)</favourite>
	<favourite name="Kick Start - Wheelie King" thumb="http://archive.org/download/Mame172arcdcmplt/flyers.zip/kikstart.png">ActivateWindow(10025,&quot;plugin://plugin.program.iarl/Emulator/MAME_ZachMorris/Game/Kick+Start+-+Wheelie+King?sf_options=desc%3D%26_options_sf&quot;,return)</favourite>
	<favourite name="Manx TT SuperBike" thumb="http://thegamesdb.net/banners/boxart/original/front/2424-1.jpg">ActivateWindow(10025,&quot;plugin://plugin.program.iarl/Emulator/Sega_Saturn_ZachMorris/Game/Manx+TT+SuperBike+%28USA%29?sf_options=desc%3D%26_options_sf&quot;,return)</favourite>
	<favourite name="Manx TT Superbike - DX" thumb="http://archive.org/download/Mame172arcdcmplt/cabinets.zip/manxtt.png">ActivateWindow(10025,&quot;plugin://plugin.program.iarl/Emulator/MAME_ZachMorris/Game/Manx+TT+Superbike+-+DX+%28Revision+D%29?sf_options=desc%3D%26_options_sf&quot;,return)</favourite>
	<favourite name="Manx TT Superbike - Twin" thumb="http://archive.org/download/Mame172arcdcmplt/cabinets.zip/manxttc.png">ActivateWindow(10025,&quot;plugin://plugin.program.iarl/Emulator/MAME_ZachMorris/Game/Manx+TT+Superbike+-+Twin+%28Revision+C%29?sf_options=desc%3D%26_options_sf&quot;,return)</favourite>
	<favourite name="Max Torque" thumb="https://archive.org/download/C64Games_201705/C64_Artwork.zip/Commodore%2064%20Artwork%2FMax%20Torque%20%28Europe%29%2FCover%20%5BRacing%20Simulation%20Games%5D-Racing_Simulation_Games.jpg">ActivateWindow(10025,&quot;plugin://plugin.program.iarl/Emulator/C64_ZachMorris/Game/Max+Torque+%28Europe%29?sf_options=desc%3D%26_options_sf&quot;,return)</favourite>
	<favourite name="Mean Streak" thumb="https://archive.org/download/C64Games_201705/C64_Artwork.zip/Commodore%2064%20Artwork%2FMean%20Streak%20%28Europe%29%2FMagazine%20Cover-cf08_May1991.jpg">ActivateWindow(10025,&quot;plugin://plugin.program.iarl/Emulator/C64_ZachMorris/Game/Mean+Streak+%28Europe%29?sf_options=desc%3D%26_options_sf&quot;,return)</favourite>
	<favourite name="Moto GP" thumb="http://thegamesdb.net/banners/boxart/original/front/19373-1.jpg">ActivateWindow(10025,&quot;plugin://plugin.program.iarl/Emulator/PSP_N3RDFLIX/Game/Moto+GP+%28USA%29?sf_options=desc%3D%26_options_sf&quot;,return)</favourite>
	<favourite name="Moto Racer" thumb="http://thegamesdb.net/banners/boxart/original/front/12271-1.jpg">ActivateWindow(10025,&quot;plugin://plugin.program.iarl/Emulator/PS1_ZachMorris/Game/Moto+Racer+%28USA%29?sf_options=desc%3D%26_options_sf&quot;,return)</favourite>
	<favourite name="Moto Racer 2" thumb="http://thegamesdb.net/banners/boxart/original/front/8768-1.jpg">ActivateWindow(10025,&quot;plugin://plugin.program.iarl/Emulator/PS1_ZachMorris/Game/Moto+Racer+2+%28USA%29?sf_options=desc%3D%26_options_sf&quot;,return)</favourite>
	<favourite name="Moto Racer DS" thumb="http://thegamesdb.net/banners/boxart/original/front/11384-1.jpg">ActivateWindow(10025,&quot;plugin://plugin.program.iarl/Emulator/NINTENDO_DS_N3RDFLIX/Game/Moto+Racer+DS+%28USA%29?sf_options=desc%3D%26_options_sf&quot;,return)</favourite>
	<favourite name="Moto Racer World Tour" thumb="http://thegamesdb.net/banners/boxart/original/front/8769-1.jpg">ActivateWindow(10025,&quot;plugin://plugin.program.iarl/Emulator/PS1_ZachMorris/Game/Moto+Racer+World+Tour+%28USA%29?sf_options=desc%3D%26_options_sf&quot;,return)</favourite>
	<favourite name="Motocross Racer" thumb="https://archive.org/download/C64Games_201705/C64_Artwork.zip/Commodore%2064%20Artwork%2FMotocross%20Racer%20%28USA%29%2FCover%20%5BDouble-Ender%5D-Xonox_Double-Ender.jpg">ActivateWindow(10025,&quot;plugin://plugin.program.iarl/Emulator/C64_ZachMorris/Game/Motocross+Racer?sf_options=desc%3D%26_options_sf&quot;,return)</favourite>
	<favourite name="Motocross Racer" thumb="http://static.giantbomb.com/uploads/scale_large/1/14975/1341777-motorbox.jpg">ActivateWindow(10025,&quot;plugin://plugin.program.iarl/Emulator/Atari_2600_ZachMorris/Game/Motocross+Racer?sf_options=desc%3D%26_options_sf&quot;,return)</favourite>
	<favourite name="Motocross Racer" thumb="http://thegamesdb.net/banners/boxart/original/front/10408-1.jpg">ActivateWindow(10025,&quot;plugin://plugin.program.iarl/Emulator/Colecovision_ZachMorris/Game/Motocross+Racer?sf_options=desc%3D%26_options_sf&quot;,return)</favourite>
	<favourite name="Motoracer Advance" thumb="http://static.giantbomb.com/uploads/scale_large/0/7465/966379-moto_racer_advance_coverart.png">ActivateWindow(10025,&quot;plugin://plugin.program.iarl/Emulator/GBA_ZachMorris/Game/Motoracer+Advance+%28USA%29+%28En%2CFr%2CDe%2CEs%2CIt%29?sf_options=desc%3D%26_options_sf&quot;,return)</favourite>
	<favourite name="Motorcycle 500" thumb="https://archive.org/download/C64Games_201705/C64_Artwork.zip/Commodore%2064%20Artwork%2FMotorcycle%20500%20%28Europe%29%2FCover-Motorcycle_500.jpg">ActivateWindow(10025,&quot;plugin://plugin.program.iarl/Emulator/C64_ZachMorris/Game/Motorcycle+500+%28Europe%29?sf_options=desc%3D%26_options_sf&quot;,return)</favourite>
	<favourite name="Motorcycle Crazy" thumb="https://archive.org/download/C64Games_201705/C64_Artwork.zip/Commodore%2064%20Artwork%2FMotorcycle%20Crazy%20%28Europe%29%2FCover-Motorcycle_Crazy.jpg">ActivateWindow(10025,&quot;plugin://plugin.program.iarl/Emulator/C64_ZachMorris/Game/Motorcycle+Crazy+%28Europe%29?sf_options=desc%3D%26_options_sf&quot;,return)</favourite>
	<favourite name="Out Run Europa" thumb="https://archive.org/download/C64Games_201705/C64_Artwork.zip/Commodore%2064%20Artwork%2FOut%20Run%20Europa%20%28Europe%29%20%28Side%20A%29%2F%5B1.Front%5D%20Front1.jpg">ActivateWindow(10025,&quot;plugin://plugin.program.iarl/Emulator/C64_ZachMorris/Game/Out+Run+Europa?sf_options=desc%3D%26_options_sf&quot;,return)</favourite>
	<favourite name="Out Run Europa" thumb="http://thegamesdb.net/banners/boxart/original/front/2951-2.jpg">ActivateWindow(10025,&quot;plugin://plugin.program.iarl/Emulator/Master_System_ZachMorris/Game/Out+Run+Europa+%28Europe%29?sf_options=desc%3D%26_options_sf&quot;,return)</favourite>
	<favourite name="Out Run Europa" thumb="http://static.giantbomb.com/uploads/scale_large/0/1270/641246-out_run_europa_budget.jpg">ActivateWindow(10025,&quot;plugin://plugin.program.iarl/Emulator/Game_Gear_ZachMorris/Game/Out+Run+Europa+%28USA%29?sf_options=desc%3D%26_options_sf&quot;,return)</favourite>
	<favourite name="Pocket Rockets" thumb="http://www.mobygames.com/images/covers/l/95383-pocket-rockets-dos-front-cover.jpg">ActivateWindow(10025,&quot;plugin://plugin.program.iarl/Emulator/IA_MSDOS_ZachMorris/Game/Pocket+Rockets?sf_options=desc%3D%26_options_sf&quot;,return)</favourite>
	<favourite name="Pocket Rockets" thumb="https://archive.org/download/C64Games_201705/C64_Artwork.zip/Commodore%2064%20Artwork%2FPocket%20Rockets%20%28USA%29%2F%5B1.Front%5D%20Front1.jpg">ActivateWindow(10025,&quot;plugin://plugin.program.iarl/Emulator/C64_ZachMorris/Game/Pocket+Rockets+%28USA%29?sf_options=desc%3D%26_options_sf&quot;,return)</favourite>
	<favourite name="Racing:  4.  Super Hang-On" thumb="http://thegamesdb.net/banners/boxart/original/front/8752-1.jpg">ActivateWindow(10025,&quot;plugin://plugin.program.iarl/Emulator/MAME_Bestof_ZachMorris/Game/Racing%3A++4.++Super+Hang-On?sf_options=desc%3D%26_options_sf&quot;,return)</favourite>
	<favourite name="Racing Hero" thumb="http://thegamesdb.net/banners/boxart/original/front/36470-1.jpg">ActivateWindow(10025,&quot;plugin://plugin.program.iarl/Emulator/MAME_ZachMorris/Game/Racing+Hero+%28FD1094+317-0144%29?sf_options=desc%3D%26_options_sf&quot;,return)</favourite>
	<favourite name="Racing Hero" thumb="http://images.launchbox-app.com/rachero.png">ActivateWindow(10025,&quot;plugin://plugin.program.iarl/Emulator/FBA_ZachMorris/Game/Racing+Hero+%28FD1094+317-0144%29?sf_options=desc%3D%26_options_sf&quot;,return)</favourite>
	<favourite name="Radikal Bikers" thumb="">ActivateWindow(10025,&quot;plugin://plugin.program.iarl/Emulator/GBC_ZachMorris/Game/Radikal+Bikers+%28Europe%29+%28En%2CFr%2CDe%2CEs%29+%28Proto%29?sf_options=desc%3D%26_options_sf&quot;,return)</favourite>
	<favourite name="Radikal Bikers" thumb="http://archive.org/download/Mame172arcdcmplt/flyers.zip/radikalb.png">ActivateWindow(10025,&quot;plugin://plugin.program.iarl/Emulator/MAME_ZachMorris/Game/Radikal+Bikers+%28Version+2.02%29?sf_options=desc%3D%26_options_sf&quot;,return)</favourite>
	<favourite name="Rally Bike" thumb="http://i.imgur.com/Ex29nme.png">ActivateWindow(10025,&quot;plugin://plugin.program.iarl/Emulator/NES_ZachMorris/Game/Rally+Bike+%28USA%29?sf_options=desc%3D%26_options_sf&quot;,return)</favourite>
	<favourite name="Rally Bike / Dash Yarou" thumb="http://archive.org/download/Mame172arcdcmplt/flyers.zip/rallybik.png">ActivateWindow(10025,&quot;plugin://plugin.program.iarl/Emulator/MAME_ZachMorris/Game/Rally+Bike+%2F+Dash+Yarou?sf_options=desc%3D%26_options_sf&quot;,return)</favourite>
	<favourite name="Rally Bike / Dash Yarou" thumb="http://archive.org/download/Mame172arcdcmplt/flyers.zip/rallybik.png">ActivateWindow(10025,&quot;plugin://plugin.program.iarl/Emulator/MAME_2014_ZachMorris/Game/Rally+Bike+%2F+Dash+Yarou?sf_options=desc%3D%26_options_sf&quot;,return)</favourite>
	<favourite name="Rally Bike / Dash Yarou" thumb="http://images.launchbox-app.com/rallybik.png">ActivateWindow(10025,&quot;plugin://plugin.program.iarl/Emulator/FBA_ZachMorris/Game/Rally+Bike+%2F+Dash+Yarou?sf_options=desc%3D%26_options_sf&quot;,return)</favourite>
	<favourite name="Riding Hero" thumb="http://thegamesdb.net/banners/boxart/original/front/8676-1.jpg">ActivateWindow(10025,&quot;plugin://plugin.program.iarl/Emulator/Neo_Geo_CD_ZachMorris/Game/Riding+Hero+%28Jpn%2C+USA%29?sf_options=desc%3D%26_options_sf&quot;,return)</favourite>
	<favourite name="Riding Hero" thumb="http://thegamesdb.net/banners/boxart/original/front/37069-1.png">ActivateWindow(10025,&quot;plugin://plugin.program.iarl/Emulator/MAME_2014_ZachMorris/Game/Riding+Hero+%28NGM-006%29%28NGH-006%29?sf_options=desc%3D%26_options_sf&quot;,return)</favourite>
	<favourite name="Riding Hero" thumb="http://thegamesdb.net/banners/boxart/original/front/37069-1.png">ActivateWindow(10025,&quot;plugin://plugin.program.iarl/Emulator/MAME_ZachMorris/Game/Riding+Hero+%28NGM-006+%7E+NGH-006%29?sf_options=desc%3D%26_options_sf&quot;,return)</favourite>
	<favourite name="Riding Hero" thumb="http://images.launchbox-app.com/ridhero.png">ActivateWindow(10025,&quot;plugin://plugin.program.iarl/Emulator/FBA_ZachMorris/Game/Riding+Hero+%28NGM-006+%7E+NGH-006%29?sf_options=desc%3D%26_options_sf&quot;,return)</favourite>
	<favourite name="Road Rash" thumb="http://thegamesdb.net/banners/boxart/original/front/5087-1.jpg">ActivateWindow(10025,&quot;plugin://plugin.program.iarl/Emulator/Sega_CD_ZachMorris/Game/Road+Rash?sf_options=desc%3D%26_options_sf&quot;,return)</favourite>
	<favourite name="Road Rash" thumb="http://thegamesdb.net/banners/boxart/original/front/4855-1.jpg">ActivateWindow(10025,&quot;plugin://plugin.program.iarl/Emulator/3DO_ZachMorris/Game/Road+Rash+%28Europe%29?sf_options=desc%3D%26_options_sf&quot;,return)</favourite>
	<favourite name="Road Rash" thumb="http://thegamesdb.net/banners/boxart/original/front/2557-1.jpg">ActivateWindow(10025,&quot;plugin://plugin.program.iarl/Emulator/Master_System_ZachMorris/Game/Road+Rash+%28Europe%29?sf_options=desc%3D%26_options_sf&quot;,return)</favourite>
	<favourite name="Road Rash" thumb="http://thegamesdb.net/banners/boxart/original/front/4855-1.jpg">ActivateWindow(10025,&quot;plugin://plugin.program.iarl/Emulator/3DO_ZachMorris/Game/Road+Rash+%28Japan%29?sf_options=desc%3D%26_options_sf&quot;,return)</favourite>
	<favourite name="Road Rash" thumb="http://static.giantbomb.com/uploads/scale_large/9/93770/2371391-genesis_roadrash.jpg">ActivateWindow(10025,&quot;plugin://plugin.program.iarl/Emulator/Game_Gear_ZachMorris/Game/Road+Rash+%28USA%29?sf_options=desc%3D%26_options_sf&quot;,return)</favourite>
	<favourite name="Road Rash" thumb="http://thegamesdb.net/banners/boxart/original/front/4855-1.jpg">ActivateWindow(10025,&quot;plugin://plugin.program.iarl/Emulator/3DO_ZachMorris/Game/Road+Rash+%28USA%29?sf_options=desc%3D%26_options_sf&quot;,return)</favourite>
	<favourite name="Road Rash" thumb="http://thegamesdb.net/banners/boxart/original/front/9205-1.jpg">ActivateWindow(10025,&quot;plugin://plugin.program.iarl/Emulator/Sega_Saturn_ZachMorris/Game/Road+Rash+%28USA%29?sf_options=desc%3D%26_options_sf&quot;,return)</favourite>
	<favourite name="Road Rash" thumb="http://thegamesdb.net/banners/boxart/original/front/11804-1.jpg">ActivateWindow(10025,&quot;plugin://plugin.program.iarl/Emulator/PS1_ZachMorris/Game/Road+Rash+%28USA%29?sf_options=desc%3D%26_options_sf&quot;,return)</favourite>
	<favourite name="Road Rash" thumb="http://thegamesdb.net/banners/boxart/original/front/21918-1.jpg">ActivateWindow(10025,&quot;plugin://plugin.program.iarl/Emulator/GBC_ZachMorris/Game/Road+Rash+%28USA%2C+Europe%29?sf_options=desc%3D%26_options_sf&quot;,return)</favourite>
	<favourite name="Road Rash" thumb="http://thegamesdb.net/banners/boxart/original/front/23340-1.jpg">ActivateWindow(10025,&quot;plugin://plugin.program.iarl/Emulator/GB_Classic_ZachMorris/Game/Road+Rash+%28USA%2C+Europe%29?sf_options=desc%3D%26_options_sf&quot;,return)</favourite>
	<favourite name="Road Rash" thumb="http://thegamesdb.net/banners/boxart/original/front/4598-1.jpg">ActivateWindow(10025,&quot;plugin://plugin.program.iarl/Emulator/Genesis_ZachMorris/Game/Road+Rash+%28USA%2C+Europe%29?sf_options=desc%3D%26_options_sf&quot;,return)</favourite>
	<favourite name="Road Rash - Jailbreak" thumb="http://static.giantbomb.com/uploads/scale_large/8/87790/2593788-box_rrjb.png">ActivateWindow(10025,&quot;plugin://plugin.program.iarl/Emulator/PS1_ZachMorris/Game/Road+Rash+-+Jailbreak+%28USA%29?sf_options=desc%3D%26_options_sf&quot;,return)</favourite>
	<favourite name="Road Rash - Jailbreak" thumb="http://thegamesdb.net/banners/boxart/original/front/3587-1.jpg">ActivateWindow(10025,&quot;plugin://plugin.program.iarl/Emulator/GBA_ZachMorris/Game/Road+Rash+-+Jailbreak+%28USA%29?sf_options=desc%3D%26_options_sf&quot;,return)</favourite>
	<favourite name="Road Rash 3" thumb="http://i.imgur.com/uQHdpXy.jpg">ActivateWindow(10025,&quot;plugin://plugin.program.iarl/Emulator/Genesis_ZachMorris/Game/Road+Rash+3+%28USA%2C+Europe%29?sf_options=desc%3D%26_options_sf&quot;,return)</favourite>
	<favourite name="Road Rash 3D" thumb="http://thegamesdb.net/banners/boxart/original/front/10761-1.jpg">ActivateWindow(10025,&quot;plugin://plugin.program.iarl/Emulator/PS1_ZachMorris/Game/Road+Rash+3D+%28USA%29?sf_options=desc%3D%26_options_sf&quot;,return)</favourite>
	<favourite name="Road Rash 64" thumb="http://thegamesdb.net/banners/boxart/original/front/962-1.jpg">ActivateWindow(10025,&quot;plugin://plugin.program.iarl/Emulator/N64_ZachMorris/Game/Road+Rash+64+%28USA%29?sf_options=desc%3D%26_options_sf&quot;,return)</favourite>
	<favourite name="SBK 09 - Superbike World Championship" thumb="http://thegamesdb.net/banners/boxart/original/front/16438-1.jpg">ActivateWindow(10025,&quot;plugin://plugin.program.iarl/Emulator/Sony_Playstation_2_N3RDFLIX/Game/SBK+09+-+Superbike+World+Championship+%28Europe%29?sf_options=desc%3D%26_options_sf&quot;,return)</favourite>
	<favourite name="SBK 09 Superbike World Championship" thumb="http://thegamesdb.net/banners/boxart/original/front/16437-1.jpg">ActivateWindow(10025,&quot;plugin://plugin.program.iarl/Emulator/PSP_N3RDFLIX/Game/SBK+09+Superbike+World+Championship+%28Europe%29?sf_options=desc%3D%26_options_sf&quot;,return)</favourite>
	<favourite name="SBK Superbike World Championship" thumb="http://thegamesdb.net/banners/boxart/original/front/16428-1.jpg">ActivateWindow(10025,&quot;plugin://plugin.program.iarl/Emulator/PSP_N3RDFLIX/Game/SBK+Superbike+World+Championship+%28USA%29?sf_options=desc%3D%26_options_sf&quot;,return)</favourite>
	<favourite name="Speed King" thumb="https://archive.org/download/C64Games_201705/C64_Artwork.zip/Commodore%2064%20Artwork%2FSpeed%20King%20%28Europe%29%2F%5B1.Front%5D%20Front1.jpg">ActivateWindow(10025,&quot;plugin://plugin.program.iarl/Emulator/C64_ZachMorris/Game/Speed+King?sf_options=desc%3D%26_options_sf&quot;,return)</favourite>
	<favourite name="Speed King" thumb="https://archive.org/download/C64Games_201705/C64_Artwork.zip/Commodore%2064%20Artwork%2FSpeed%20King%20%28Europe%29%2F%5B1.Front%5D%20Front1.jpg">ActivateWindow(10025,&quot;plugin://plugin.program.iarl/Emulator/C64_ZachMorris/Game/Speed+King+%28Europe%29?sf_options=desc%3D%26_options_sf&quot;,return)</favourite>
	<favourite name="Speed Kings" thumb="http://thegamesdb.net/banners/boxart/original/front/30912-1.jpg">ActivateWindow(10025,&quot;plugin://plugin.program.iarl/Emulator/Nintendo_Gamecube_N3RDFLIX/Game/Speed+Kings+%28Europe%29?sf_options=desc%3D%26_options_sf&quot;,return)</favourite>
	<favourite name="Sports Superbike 2" thumb="http://thegamesdb.net/banners/boxart/original/front/13580-1.jpg">ActivateWindow(10025,&quot;plugin://plugin.program.iarl/Emulator/PS1_ZachMorris/Game/Sports+Superbike+2+%28USA%29?sf_options=desc%3D%26_options_sf&quot;,return)</favourite>
	<favourite name="Super Champs" thumb="https://archive.org/download/C64Games_201705/C64_Artwork.zip/Commodore%2064%20Artwork%2FSuper%20Champs%20%28Europe%29%20%28Unl%29%2FCover-Super_Champs.jpg">ActivateWindow(10025,&quot;plugin://plugin.program.iarl/Emulator/C64_ZachMorris/Game/Super+Champs+%28Europe%29+%28Unl%29?sf_options=desc%3D%26_options_sf&quot;,return)</favourite>
	<favourite name="Super Cross" thumb="https://archive.org/download/C64Games_201705/C64_Screenshots.zip/C64_Screenshots%2FSuper%20Cross%20%28Italy%29_snapshot1.png">ActivateWindow(10025,&quot;plugin://plugin.program.iarl/Emulator/C64_ZachMorris/Game/Super+Cross+%28Italy%29?sf_options=desc%3D%26_options_sf&quot;,return)</favourite>
	<favourite name="Super Cross Force" thumb="http://thegamesdb.net/banners/boxart/original/front/10436-1.jpg">ActivateWindow(10025,&quot;plugin://plugin.program.iarl/Emulator/Colecovision_ZachMorris/Game/Super+Cross+Force?sf_options=desc%3D%26_options_sf&quot;,return)</favourite>
	<favourite name="Super Cross II" thumb="http://archive.org/download/Mame172arcdcmplt/snap.zip/sprcros2.png">ActivateWindow(10025,&quot;plugin://plugin.program.iarl/Emulator/MAME_ZachMorris/Game/Super+Cross+II+%28Japan%2C+set+1%29?sf_options=desc%3D%26_options_sf&quot;,return)</favourite>
	<favourite name="Super Cross II" thumb="http://archive.org/download/Mame172arcdcmplt/snap.zip/sprcros2.png">ActivateWindow(10025,&quot;plugin://plugin.program.iarl/Emulator/MAME_2014_ZachMorris/Game/Super+Cross+II+%28Japan%2C+set+1%29?sf_options=desc%3D%26_options_sf&quot;,return)</favourite>
	<favourite name="Super Cycle" thumb="https://archive.org/download/C64Games_201705/C64_Artwork.zip/Commodore%2064%20Artwork%2FSuper%20Cycle%20%28USA%29%2F%5B1.Front%5D%20Front1.jpg">ActivateWindow(10025,&quot;plugin://plugin.program.iarl/Emulator/C64_ZachMorris/Game/Super+Cycle+%28USA%29?sf_options=desc%3D%26_options_sf&quot;,return)</favourite>
	<favourite name="Super Hang-On" thumb="https://archive.org/download/C64Games_201705/C64_Artwork.zip/Commodore%2064%20Artwork%2FSuper%20Hang-On%20%28Europe%29%2F%5B1.Front%5D%20Front1.jpg">ActivateWindow(10025,&quot;plugin://plugin.program.iarl/Emulator/C64_ZachMorris/Game/Super+Hang-On?sf_options=desc%3D%26_options_sf&quot;,return)</favourite>
	<favourite name="Super Hang-On" thumb="http://www.mobygames.com/images/covers/l/192539-super-hang-on-dos-front-cover.jpg">ActivateWindow(10025,&quot;plugin://plugin.program.iarl/Emulator/IA_MSDOS_ZachMorris/Game/Super+Hang-On?sf_options=desc%3D%26_options_sf&quot;,return)</favourite>
	<favourite name="Super Hang-On" thumb="https://archive.org/download/C64Games_201705/C64_Artwork.zip/Commodore%2064%20Artwork%2FSuper%20Hang-On%20%28Europe%29%2F%5B1.Front%5D%20Front1.jpg">ActivateWindow(10025,&quot;plugin://plugin.program.iarl/Emulator/C64_ZachMorris/Game/Super+Hang-On+%28Europe%29?sf_options=desc%3D%26_options_sf&quot;,return)</favourite>
	<favourite name="Super Hang-On" thumb="http://thegamesdb.net/banners/boxart/original/front/8752-1.jpg">ActivateWindow(10025,&quot;plugin://plugin.program.iarl/Emulator/MAME_ZachMorris/Game/Super+Hang-On+%28Mega-Tech%29?sf_options=desc%3D%26_options_sf&quot;,return)</favourite>
	<favourite name="Super Hang-On" thumb="http://thegamesdb.net/banners/boxart/original/front/4643-1.jpg">ActivateWindow(10025,&quot;plugin://plugin.program.iarl/Emulator/Genesis_ZachMorris/Game/Super+Hang-On+%28World%29+%28En%2CJa%29?sf_options=desc%3D%26_options_sf&quot;,return)</favourite>
	<favourite name="Super Hang-On" thumb="http://thegamesdb.net/banners/boxart/original/front/8752-1.jpg">ActivateWindow(10025,&quot;plugin://plugin.program.iarl/Emulator/MAME_ZachMorris/Game/Super+Hang-On+%28sitdown%2Fupright%29+%28unprotected%29?sf_options=desc%3D%26_options_sf&quot;,return)</favourite>
	<favourite name="Super Hang-On" thumb="http://images.launchbox-app.com/b6335e53-efb0-4371-838c-851c3e5f04a2.jpg">ActivateWindow(10025,&quot;plugin://plugin.program.iarl/Emulator/FBA_ZachMorris/Game/Super+Hang-On+%28sitdown%2Fupright%29+%28unprotected%29?sf_options=desc%3D%26_options_sf&quot;,return)</favourite>
	<favourite name="Super Hang-On" thumb="http://thegamesdb.net/banners/boxart/original/front/8752-1.jpg">ActivateWindow(10025,&quot;plugin://plugin.program.iarl/Emulator/MAME_2014_ZachMorris/Game/Super+Hang-On+%28sitdown%2Fupright%2C+unprotected%29?sf_options=desc%3D%26_options_sf&quot;,return)</favourite>
	<favourite name="Superbike" thumb="http://archive.org/download/Mame172arcdcmplt/cabinets.zip/superbik.png">ActivateWindow(10025,&quot;plugin://plugin.program.iarl/Emulator/MAME_ZachMorris/Game/Superbike?sf_options=desc%3D%26_options_sf&quot;,return)</favourite>
	<favourite name="Superbike" thumb="http://archive.org/download/Mame172arcdcmplt/cabinets.zip/superbik.png">ActivateWindow(10025,&quot;plugin://plugin.program.iarl/Emulator/MAME_2014_ZachMorris/Game/Superbike?sf_options=desc%3D%26_options_sf&quot;,return)</favourite>
	<favourite name="Superbike Challenge" thumb="http://www.mobygames.com/images/covers/l/221347-superbike-challenge-dos-front-cover.jpg">ActivateWindow(10025,&quot;plugin://plugin.program.iarl/Emulator/IA_MSDOS_ZachMorris/Game/Superbike+Challenge?sf_options=desc%3D%26_options_sf&quot;,return)</favourite>
	<favourite name="Superbike Challenge" thumb="https://archive.org/download/C64Games_201705/C64_Artwork.zip/Commodore%2064%20Artwork%2FSuperbike%20Challenge%20%28USA%29%2FCover-Superbike_Challenge.jpg">ActivateWindow(10025,&quot;plugin://plugin.program.iarl/Emulator/C64_ZachMorris/Game/Superbike+Challenge+%28USA%29?sf_options=desc%3D%26_options_sf&quot;,return)</favourite>
	<favourite name="Superbike GP" thumb="http://thegamesdb.net/banners/boxart/original/front/33419-1.jpg">ActivateWindow(10025,&quot;plugin://plugin.program.iarl/Emulator/Sony_Playstation_2_N3RDFLIX/Game/Superbike+GP+%28Europe%29?sf_options=desc%3D%26_options_sf&quot;,return)</favourite>
	<favourite name="Suzuki TT Superbikes - Real Road Racing" thumb="http://thegamesdb.net/banners/boxart/original/front/43572-1.jpg">ActivateWindow(10025,&quot;plugin://plugin.program.iarl/Emulator/Sony_Playstation_2_N3RDFLIX/Game/Suzuki+TT+Superbikes+-+Real+Road+Racing+%28USA%29?sf_options=desc%3D%26_options_sf&quot;,return)</favourite>
	<favourite name="Team Suzuki" thumb="http://www.mobygames.com/images/covers/l/196784-team-suzuki-dos-front-cover.jpg">ActivateWindow(10025,&quot;plugin://plugin.program.iarl/Emulator/IA_MSDOS_ZachMorris/Game/Team+Suzuki?sf_options=desc%3D%26_options_sf&quot;,return)</favourite>
	<favourite name="Top Gear Hyper-Bike" thumb="http://static.giantbomb.com/uploads/scale_large/8/87790/2491522-box_tghb.png">ActivateWindow(10025,&quot;plugin://plugin.program.iarl/Emulator/N64_ZachMorris/Game/Top+Gear+Hyper-Bike+%28USA%29?sf_options=desc%3D%26_options_sf&quot;,return)</favourite>
	<favourite name="Top Rider" thumb="http://i.imgur.com/gqbN7WX.jpg">ActivateWindow(10025,&quot;plugin://plugin.program.iarl/Emulator/NES_ZachMorris/Game/Top+Rider+%28Japan%29?sf_options=desc%3D%26_options_sf&quot;,return)</favourite>
	<favourite name="Topcross" thumb="https://archive.org/download/C64Games_201705/C64_Artwork.zip/Commodore%2064%20Artwork%2FTopcross%20%28Europe%29%2FCover%20%5BFantastic%20Four%202%5D-Fantastic_Four_2.jpg">ActivateWindow(10025,&quot;plugin://plugin.program.iarl/Emulator/C64_ZachMorris/Game/Topcross+%28Europe%29?sf_options=desc%3D%26_options_sf&quot;,return)</favourite>
	<favourite name="Touge Densetsu - Saisoku Battle" thumb="http://i.imgur.com/zuYWYN7.jpg">ActivateWindow(10025,&quot;plugin://plugin.program.iarl/Emulator/SNES_ZachMorris/Game/Touge+Densetsu+-+Saisoku+Battle+%28Japan%29?sf_options=desc%3D%26_options_sf&quot;,return)</favourite>
	<favourite name="Traverse USA / Zippy Race" thumb="http://archive.org/download/Mame172arcdcmplt/flyers.zip/travrusa.png">ActivateWindow(10025,&quot;plugin://plugin.program.iarl/Emulator/MAME_ZachMorris/Game/Traverse+USA+%2F+Zippy+Race?sf_options=desc%3D%26_options_sf&quot;,return)</favourite>
	<favourite name="Traverse USA / Zippy Race" thumb="http://archive.org/download/Mame172arcdcmplt/flyers.zip/travrusa.png">ActivateWindow(10025,&quot;plugin://plugin.program.iarl/Emulator/MAME_2014_ZachMorris/Game/Traverse+USA+%2F+Zippy+Race?sf_options=desc%3D%26_options_sf&quot;,return)</favourite>
	<favourite name="XS Moto" thumb="http://thegamesdb.net/banners/boxart/original/front/26136-1.jpg">ActivateWindow(10025,&quot;plugin://plugin.program.iarl/Emulator/GBA_ZachMorris/Game/XS+Moto+%28USA%29?sf_options=desc%3D%26_options_sf&quot;,return)</favourite>
	<favourite name="XS Moto" thumb="http://thegamesdb.net/banners/boxart/original/front/11890-1.jpg">ActivateWindow(10025,&quot;plugin://plugin.program.iarl/Emulator/PS1_ZachMorris/Game/XS+Moto+%28USA%29?sf_options=desc%3D%26_options_sf&quot;,return)</favourite>
    <favourite name="Biker Mice from Mars" thumb="http://thegamesdb.net/banners/boxart/original/front/39630-1.jpg">ActivateWindow(10025,&quot;plugin://plugin.program.iarl/Emulator/NINTENDO_DS_N3RDFLIX/Game/Biker+Mice+from+Mars+%28USA%29?sf_options=desc%3D%26_options_sf&quot;,return)</favourite>
	<favourite name="Biker Mice from Mars" thumb="http://thegamesdb.net/banners/boxart/original/front/39631-1.jpg">ActivateWindow(10025,&quot;plugin://plugin.program.iarl/Emulator/Sony_Playstation_2_N3RDFLIX/Game/Biker+Mice+from+Mars+%28USA%29?sf_options=desc%3D%26_options_sf&quot;,return)</favourite>
	<favourite name="Ducati Moto" thumb="http://thegamesdb.net/banners/boxart/original/front/47157-1.jpg">ActivateWindow(10025,&quot;plugin://plugin.program.iarl/Emulator/NINTENDO_DS_N3RDFLIX/Game/Ducati+Moto+%28USA%29?sf_options=desc%3D%26_options_sf&quot;,return)</favourite>
	<favourite name="Hannspree Ten Kate Honda - SBK-07 Superbike World Championship" thumb="http://thegamesdb.net/banners/boxart/original/front/16439-1.jpg">ActivateWindow(10025,&quot;plugin://plugin.program.iarl/Emulator/Sony_Playstation_2_N3RDFLIX/Game/Hannspree+Ten+Kate+Honda+-+SBK-07+Superbike+World+Championship+%28USA%29?sf_options=desc%3D%26_options_sf&quot;,return)</favourite>
	<favourite name="Moto GP" thumb="http://thegamesdb.net/banners/boxart/original/front/19373-1.jpg">ActivateWindow(10025,&quot;plugin://plugin.program.iarl/Emulator/PSP_N3RDFLIX/Game/Moto+GP+%28USA%29?sf_options=desc%3D%26_options_sf&quot;,return)</favourite>
	<favourite name="Moto Racer DS" thumb="http://thegamesdb.net/banners/boxart/original/front/11384-1.jpg">ActivateWindow(10025,&quot;plugin://plugin.program.iarl/Emulator/NINTENDO_DS_N3RDFLIX/Game/Moto+Racer+DS+%28USA%29?sf_options=desc%3D%26_options_sf&quot;,return)</favourite>
	<favourite name="SBK - Superbike World Championship" thumb="http://thegamesdb.net/banners/boxart/original/front/16429-1.jpg">ActivateWindow(10025,&quot;plugin://plugin.program.iarl/Emulator/Sony_Playstation_2_N3RDFLIX/Game/SBK+-+Superbike+World+Championship+%28USA%29?sf_options=desc%3D%26_options_sf&quot;,return)</favourite>
	<favourite name="SBK 09 - Superbike World Championship" thumb="http://thegamesdb.net/banners/boxart/original/front/16438-1.jpg">ActivateWindow(10025,&quot;plugin://plugin.program.iarl/Emulator/Sony_Playstation_2_N3RDFLIX/Game/SBK+09+-+Superbike+World+Championship+%28Europe%29?sf_options=desc%3D%26_options_sf&quot;,return)</favourite>
	<favourite name="SBK 09 Superbike World Championship" thumb="http://thegamesdb.net/banners/boxart/original/front/16437-1.jpg">ActivateWindow(10025,&quot;plugin://plugin.program.iarl/Emulator/PSP_N3RDFLIX/Game/SBK+09+Superbike+World+Championship+%28Europe%29?sf_options=desc%3D%26_options_sf&quot;,return)</favourite>
	<favourite name="SBK Superbike World Championship" thumb="http://thegamesdb.net/banners/boxart/original/front/16428-1.jpg">ActivateWindow(10025,&quot;plugin://plugin.program.iarl/Emulator/PSP_N3RDFLIX/Game/SBK+Superbike+World+Championship+%28USA%29?sf_options=desc%3D%26_options_sf&quot;,return)</favourite>
	<favourite name="Speed Kings" thumb="http://thegamesdb.net/banners/boxart/original/front/30912-1.jpg">ActivateWindow(10025,&quot;plugin://plugin.program.iarl/Emulator/Nintendo_Gamecube_N3RDFLIX/Game/Speed+Kings+%28Europe%29?sf_options=desc%3D%26_options_sf&quot;,return)</favourite>
	<favourite name="Speed Kings" thumb="http://thegamesdb.net/banners/boxart/original/front/18835-1.jpg">ActivateWindow(10025,&quot;plugin://plugin.program.iarl/Emulator/Sony_Playstation_2_N3RDFLIX/Game/Speed+Kings+%28USA%29?sf_options=desc%3D%26_options_sf&quot;,return)</favourite>
	<favourite name="Superbike GP" thumb="http://thegamesdb.net/banners/boxart/original/front/33419-1.jpg">ActivateWindow(10025,&quot;plugin://plugin.program.iarl/Emulator/Sony_Playstation_2_N3RDFLIX/Game/Superbike+GP+%28Europe%29?sf_options=desc%3D%26_options_sf&quot;,return)</favourite>
	<favourite name="Suzuki TT Superbikes - Real Road Racing" thumb="http://thegamesdb.net/banners/boxart/original/front/46820-1.jpg">ActivateWindow(10025,&quot;plugin://plugin.program.iarl/Emulator/Sony_Playstation_2_N3RDFLIX/Game/Suzuki+TT+Superbikes+-+Real+Road+Racing+%28USA%29?sf_options=desc%3D%26_options_sf&quot;,return)</favourite>
</favourites>