<favourites>
	<favourite name="Arcade Punks" thumb="https://yt3.ggpht.com/-HcR-yzJlCuU/AAAAAAAAAAI/AAAAAAAAAAA/Fadb7wotENA/s240-c-k-no-mo-rj-c0xffffff/photo.jpg">ActivateWindow(10025,&quot;plugin://plugin.video.youtube/channel/UCT7P9WXh0wdYY-gRsdJoARg/?sf_options=fanart%3Dhttps%3A%2F%2Fyt3.ggpht.com%2Ft2ETzlEJ4a7ByfCp8fF-OveKA8Kodcg1WeQ5OBIFzR8tOF7vh0pMSi3ZTUtBT2xAiA6b1Cf_bg%26meta%3Dlabel%253DArcade%252BPunks%26_options_sf&quot;,return)</favourite>
	<favourite name="Harrison Hacks" thumb="https://yt3.ggpht.com/-1AleTOaQKqs/AAAAAAAAAAI/AAAAAAAAAAA/PlwBvjgRVdo/s240-c-k-no-mo-rj-c0xffffff/photo.jpg">ActivateWindow(10025,&quot;plugin://plugin.video.youtube/channel/UCZ4lyVmGC3yfJl1skgdGYvg/?sf_options=fanart%3Dhttps%3A%2F%2Fyt3.ggpht.com%2FZzfbODuyVNP8Fpxvzw8tTxSGvGqC3U-a8yFGBxqMl52GETl-yiY0WGW2JrQbhZ82Oue3Un7UQw%26meta%3Dlabel%253DHarrison%252BHacks%26_options_sf&quot;,return)</favourite>
    <favourite name="CGR - GAME CONSOLE Reviews" thumb="special://home/addons\plugin.video.youtube\resources\media\search.png">ActivateWindow(10025,&quot;plugin://plugin.video.youtube/kodion/search/query/?q=CGR%20-%20GAME%20CONSOLE%20Reviews&amp;sf_options=fanart%3Dspecial%3A%2F%2Fhome%2Faddons%5Cplugin.video.youtube%5Cresources%5Cmedia%5Cfanart.jpg%26meta%3Dlabel%253DCGR%252B-%252BGAME%252BCONSOLE%252BReviews%26_options_sf&quot;,return)</favourite>
	<favourite name="All Reviews Collection / Wicked Gamer &amp; Collector" thumb="special://home/addons\plugin.video.youtube\resources\media\search.png">ActivateWindow(10025,&quot;plugin://plugin.video.youtube/kodion/search/query/?q=All%20Reviews%20Collection%20%2f%20Wicked%20Gamer%20%26%20Collector&amp;sf_options=fanart%3Dspecial%3A%2F%2Fhome%2Faddons%5Cplugin.video.youtube%5Cresources%5Cmedia%5Cfanart.jpg%26meta%3Dlabel%253DAll%252BReviews%252BCollection%252B%25252F%252BWicked%252BGamer%252B%252526%252BCollector%26_options_sf&quot;,return)</favourite>
	<favourite name="METAL JESUS ROCKS REVIEWS" thumb="special://home/addons\plugin.video.youtube\resources\media\playlist.png">ActivateWindow(10025,&quot;plugin://plugin.video.youtube/kodion/search/query/?q=metal%20jesus%20rocks&amp;search_type=playlist&amp;sf_options=fanart%3Dspecial%3A%2F%2Fhome%2Faddons%5Cplugin.video.youtube%5Cresources%5Cmedia%5Cfanart.jpg%26meta%3Dlabel%253D%25255BB%25255DPlaylists%25255B%25252FB%25255D%26_options_sf&quot;,return)</favourite>
	<favourite name="Gaming History Source" thumb="special://home/addons\plugin.video.youtube\resources\media\playlist.png">ActivateWindow(10025,&quot;plugin://plugin.video.youtube/kodion/search/query/?q=Gaming%20History%20Source&amp;search_type=playlist&amp;sf_options=fanart%3Dspecial%3A%2F%2Fhome%2Faddons%5Cplugin.video.youtube%5Cresources%5Cmedia%5Cfanart.jpg%26meta%3Dlabel%253D%25255BB%25255DPlaylists%25255B%25252FB%25255D%26_options_sf&quot;,return)</favourite>
	<favourite name="Arcade Punks" thumb="https://yt3.ggpht.com/-HcR-yzJlCuU/AAAAAAAAAAI/AAAAAAAAAAA/Fadb7wotENA/s240-c-k-no-mo-rj-c0xffffff/photo.jpg">ActivateWindow(10025,&quot;plugin://plugin.video.youtube/channel/UCT7P9WXh0wdYY-gRsdJoARg/?sf_options=fanart%3Dhttps%3A%2F%2Fyt3.ggpht.com%2Ft2ETzlEJ4a7ByfCp8fF-OveKA8Kodcg1WeQ5OBIFzR8tOF7vh0pMSi3ZTUtBT2xAiA6b1Cf_bg%26meta%3Dlabel%253DArcade%252BPunks%26_options_sf&quot;,return)</favourite>
	<favourite name="Harrison Hacks" thumb="https://yt3.ggpht.com/-1AleTOaQKqs/AAAAAAAAAAI/AAAAAAAAAAA/PlwBvjgRVdo/s240-c-k-no-mo-rj-c0xffffff/photo.jpg">ActivateWindow(10025,&quot;plugin://plugin.video.youtube/channel/UCZ4lyVmGC3yfJl1skgdGYvg/?sf_options=fanart%3Dhttps%3A%2F%2Fyt3.ggpht.com%2FZzfbODuyVNP8Fpxvzw8tTxSGvGqC3U-a8yFGBxqMl52GETl-yiY0WGW2JrQbhZ82Oue3Un7UQw%26meta%3Dlabel%253DHarrison%252BHacks%26_options_sf&quot;,return)</favourite>
</favourites>