<favourites>
	<favourite name="EA Sports Supercross 2000" thumb="http://thegamesdb.net/banners/boxart/original/front/13563-1.jpg">ActivateWindow(10025,&quot;plugin://plugin.program.iarl/Emulator/PS1_ZachMorris/Game/EA+Sports+Supercross+2000+%28USA%29?sf_options=desc%3D%26_options_sf&quot;,return)</favourite>
	<favourite name="Championship Motocross 2001 featuring Ricky Carmichael" thumb="http://thegamesdb.net/banners/boxart/original/front/23579-1.jpg">ActivateWindow(10025,&quot;plugin://plugin.program.iarl/Emulator/PS1_ZachMorris/Game/Championship+Motocross+2001+featuring+Ricky+Carmichael+%28USA%29?sf_options=desc%3D%26_options_sf&quot;,return)</favourite>
	<favourite name="2 Pak Special: Motocross + Boom Bang" thumb="">ActivateWindow(10025,&quot;plugin://plugin.program.iarl/Emulator/Atari_2600_ZachMorris/Game/2+Pak+Special%3A+Motocross+%2B+Boom+Bang+%28PAL%29?sf_options=desc%3D%26_options_sf&quot;,return)</favourite>
	<favourite name="Championship Motocross 2001 featuring Ricky Carmichael" thumb="http://thegamesdb.net/banners/boxart/original/front/21908-1.png">ActivateWindow(10025,&quot;plugin://plugin.program.iarl/Emulator/GBC_ZachMorris/Game/Championship+Motocross+2001+featuring+Ricky+Carmichael+%28USA%2C+Europe%29?sf_options=desc%3D%26_options_sf&quot;,return)</favourite>
	<favourite name="Championship Motocross featuring Ricky Carmichael" thumb="http://static.giantbomb.com/uploads/scale_large/0/9261/388439-champm.jpg">ActivateWindow(10025,&quot;plugin://plugin.program.iarl/Emulator/PS1_ZachMorris/Game/Championship+Motocross+featuring+Ricky+Carmichael+%28USA%29?sf_options=desc%3D%26_options_sf&quot;,return)</favourite>
	<favourite name="Disney Sports - Motocross" thumb="http://thegamesdb.net/banners/boxart/original/front/25908-1.jpg">ActivateWindow(10025,&quot;plugin://plugin.program.iarl/Emulator/GBA_ZachMorris/Game/Disney+Sports+-+Motocross+%28USA%29?sf_options=desc%3D%26_options_sf&quot;,return)</favourite>
	<favourite name="EA Sports Supercross" thumb="http://thegamesdb.net/banners/boxart/original/front/12942-1.jpg">ActivateWindow(10025,&quot;plugin://plugin.program.iarl/Emulator/PS1_ZachMorris/Game/EA+Sports+Supercross+%28USA%29?sf_options=desc%3D%26_options_sf&quot;,return)</favourite>
	<favourite name="Enduro Racer" thumb="https://archive.org/download/C64Games_201705/C64_Artwork.zip/Commodore%2064%20Artwork%2FEnduro%20Racer%20%28USA%29%2FCover%20%28Hit%20Squad%29-Enduro_Racer_%28Hit_Squad%29.jpg">ActivateWindow(10025,&quot;plugin://plugin.program.iarl/Emulator/C64_ZachMorris/Game/Enduro+Racer+%28USA%29?sf_options=desc%3D%26_options_sf&quot;,return)</favourite>
	<favourite name="Enduro Racer" thumb="http://static.giantbomb.com/uploads/scale_large/9/93770/2362888-sms_enduroracer.jpg">ActivateWindow(10025,&quot;plugin://plugin.program.iarl/Emulator/Master_System_ZachMorris/Game/Enduro+Racer+%28USA%2C+Europe%29?sf_options=desc%3D%26_options_sf&quot;,return)</favourite>
	<favourite name="Enduro Racer" thumb="http://images.launchbox-app.com/enduror.png">ActivateWindow(10025,&quot;plugin://plugin.program.iarl/Emulator/FBA_ZachMorris/Game/Enduro+Racer+%28YM2151%29+%28FD1089B+317-0013A%29?sf_options=desc%3D%26_options_sf&quot;,return)</favourite>
	<favourite name="Enduro Racer" thumb="http://archive.org/download/Mame172arcdcmplt/flyers.zip/enduror.png">ActivateWindow(10025,&quot;plugin://plugin.program.iarl/Emulator/MAME_ZachMorris/Game/Enduro+Racer+%28YM2151%29+%28FD1089B+317-0013A%29?sf_options=desc%3D%26_options_sf&quot;,return)</favourite>
	<favourite name="Enduro Racer" thumb="http://archive.org/download/Mame172arcdcmplt/flyers.zip/enduror.png">ActivateWindow(10025,&quot;plugin://plugin.program.iarl/Emulator/MAME_2014_ZachMorris/Game/Enduro+Racer+%28YM2151%2C+FD1089B+317-0013A%29?sf_options=desc%3D%26_options_sf&quot;,return)</favourite>
	<favourite name="Freekstyle" thumb="http://thegamesdb.net/banners/boxart/original/front/9694-1.jpg">ActivateWindow(10025,&quot;plugin://plugin.program.iarl/Emulator/Nintendo_Gamecube_N3RDFLIX/Game/Freekstyle+%28Europe%29?sf_options=desc%3D%26_options_sf&quot;,return)</favourite>
	<favourite name="Freekstyle" thumb="http://thegamesdb.net/banners/boxart/original/front/25932-1.jpg">ActivateWindow(10025,&quot;plugin://plugin.program.iarl/Emulator/GBA_ZachMorris/Game/Freekstyle+%28USA%29?sf_options=desc%3D%26_options_sf&quot;,return)</favourite>
	<favourite name="Freestyle Motocross - McGrath vs. Pastrana" thumb="http://thegamesdb.net/banners/boxart/original/front/13025-1.jpg">ActivateWindow(10025,&quot;plugin://plugin.program.iarl/Emulator/PS1_ZachMorris/Game/Freestyle+Motocross+-+McGrath+vs.+Pastrana+%28USA%29?sf_options=desc%3D%26_options_sf&quot;,return)</favourite>
	<favourite name="Freekstyle" thumb="http://thegamesdb.net/banners/boxart/original/front/9694-1.jpg">ActivateWindow(10025,&quot;plugin://plugin.program.iarl/Emulator/Nintendo_Gamecube_N3RDFLIX/Game/Freekstyle+%28Europe%29?sf_options=desc%3D%26_options_sf&quot;,return)</favourite>
	<favourite name="Freekstyle" thumb="http://thegamesdb.net/banners/boxart/original/front/9693-1.jpg">ActivateWindow(10025,&quot;plugin://plugin.program.iarl/Emulator/Sony_Playstation_2_N3RDFLIX/Game/Freekstyle+%28USA%29?sf_options=desc%3D%26_options_sf&quot;,return)</favourite>
	<favourite name="Jeremy McGrath Supercross World" thumb="http://thegamesdb.net/banners/boxart/original/front/30857-1.jpg">ActivateWindow(10025,&quot;plugin://plugin.program.iarl/Emulator/Nintendo_Gamecube_N3RDFLIX/Game/Jeremy+McGrath+Supercross+World+%28Europe%29?sf_options=desc%3D%26_options_sf&quot;,return)</favourite>
	<favourite name="Jeremy McGrath Supercross World" thumb="http://thegamesdb.net/banners/boxart/original/front/41538-1.jpg">ActivateWindow(10025,&quot;plugin://plugin.program.iarl/Emulator/Sony_Playstation_2_N3RDFLIX/Game/Jeremy+McGrath+Supercross+World+%28Europe%29?sf_options=desc%3D%26_options_sf&quot;,return)</favourite>
	<favourite name="Motocross Mania 3" thumb="http://thegamesdb.net/banners/boxart/original/front/43195-1.jpg">ActivateWindow(10025,&quot;plugin://plugin.program.iarl/Emulator/Sony_Playstation_2_N3RDFLIX/Game/Motocross+Mania+3+%28USA%29?sf_options=desc%3D%26_options_sf&quot;,return)</favourite>
	<favourite name="Yamaha Supercross" thumb="http://thegamesdb.net/banners/boxart/original/front/47557-1.jpg">ActivateWindow(10025,&quot;plugin://plugin.program.iarl/Emulator/NINTENDO_DS_N3RDFLIX/Game/Yamaha+Supercross+%28USA%29?sf_options=desc%3D%26_options_sf&quot;,return)</favourite>
    <favourite name="Jeremy McGrath Supercross 2000" thumb="http://thegamesdb.net/banners/boxart/original/front/29231-1.jpg">ActivateWindow(10025,&quot;plugin://plugin.program.iarl/Emulator/Sega_Dreamcast_ZachMorris/Game/Jeremy+McGrath+Supercross+2000+%28Europe%29+%28En%2CFr%2CDe%29?sf_options=desc%3D%26_options_sf&quot;,return)</favourite>
	<favourite name="Jeremy McGrath Supercross 2000" thumb="http://static.giantbomb.com/uploads/scale_large/0/9261/365075-jeremy_mcgrath_supercross_2000_pal.jpg">ActivateWindow(10025,&quot;plugin://plugin.program.iarl/Emulator/N64_ZachMorris/Game/Jeremy+McGrath+Supercross+2000+%28USA%29?sf_options=desc%3D%26_options_sf&quot;,return)</favourite>
	<favourite name="Jeremy McGrath Supercross 2000" thumb="http://thegamesdb.net/banners/boxart/original/front/13271-1.jpg">ActivateWindow(10025,&quot;plugin://plugin.program.iarl/Emulator/PS1_ZachMorris/Game/Jeremy+McGrath+Supercross+2000+%28USA%29?sf_options=desc%3D%26_options_sf&quot;,return)</favourite>
	<favourite name="Jeremy McGrath Supercross 2000" thumb="http://thegamesdb.net/banners/boxart/original/front/21842-1.png">ActivateWindow(10025,&quot;plugin://plugin.program.iarl/Emulator/GBC_ZachMorris/Game/Jeremy+McGrath+Supercross+2000+%28USA%2C+Europe%29?sf_options=desc%3D%26_options_sf&quot;,return)</favourite>
	<favourite name="Jeremy McGrath Supercross 98" thumb="http://thegamesdb.net/banners/boxart/original/front/13272-1.jpg">ActivateWindow(10025,&quot;plugin://plugin.program.iarl/Emulator/PS1_ZachMorris/Game/Jeremy+McGrath+Supercross+98+%28USA%29?sf_options=desc%3D%26_options_sf&quot;,return)</favourite>
	<favourite name="Jeremy McGrath Supercross World" thumb="http://thegamesdb.net/banners/boxart/original/front/30857-1.jpg">ActivateWindow(10025,&quot;plugin://plugin.program.iarl/Emulator/Nintendo_Gamecube_N3RDFLIX/Game/Jeremy+McGrath+Supercross+World+%28Europe%29?sf_options=desc%3D%26_options_sf&quot;,return)</favourite>
	<favourite name="Jeremy McGrath Supercross World" thumb="http://thegamesdb.net/banners/boxart/original/front/41538-1.jpg">ActivateWindow(10025,&quot;plugin://plugin.program.iarl/Emulator/Sony_Playstation_2_N3RDFLIX/Game/Jeremy+McGrath+Supercross+World+%28Europe%29?sf_options=desc%3D%26_options_sf&quot;,return)</favourite>
	<favourite name="Motocross" thumb="http://www.mobygames.com/images/covers/l/260586-motocross-dos-front-cover.jpg">ActivateWindow(10025,&quot;plugin://plugin.program.iarl/Emulator/IA_MSDOS_ZachMorris/Game/Motocross?sf_options=desc%3D%26_options_sf&quot;,return)</favourite>
	<favourite name="Motocross" thumb="http://static.giantbomb.com/uploads/scale_large/1/14975/1341777-motorbox.jpg">ActivateWindow(10025,&quot;plugin://plugin.program.iarl/Emulator/Atari_2600_ZachMorris/Game/Motocross?sf_options=desc%3D%26_options_sf&quot;,return)</favourite>
	<favourite name="Motocross" thumb="http://thegamesdb.net/banners/boxart/original/front/10529-1.jpg">ActivateWindow(10025,&quot;plugin://plugin.program.iarl/Emulator/Intellivision_ZachMorris/Game/Motocross?sf_options=desc%3D%26_options_sf&quot;,return)</favourite>
	<favourite name="Motocross - Motorcross - Motocross" thumb="http://static.giantbomb.com/uploads/scale_large/1/14975/1341777-motorbox.jpg">ActivateWindow(10025,&quot;plugin://plugin.program.iarl/Emulator/Atari_2600_ZachMorris/Game/Motocross+-+Motorcross+-+Motocross+%28PAL%29?sf_options=desc%3D%26_options_sf&quot;,return)</favourite>
	<favourite name="Motocross Challenge" thumb="http://static.giantbomb.com/uploads/scale_large/0/5822/284312-mcc.png">ActivateWindow(10025,&quot;plugin://plugin.program.iarl/Emulator/GBA_ZachMorris/Game/Motocross+Challenge+%28USA%29+%28Proto%29?sf_options=desc%3D%26_options_sf&quot;,return)</favourite>
	<favourite name="Motocross Champion" thumb="http://thegamesdb.net/banners/boxart/original/front/26492-1.png">ActivateWindow(10025,&quot;plugin://plugin.program.iarl/Emulator/NES_ZachMorris/Game/Motocross+Champion+%28Japan%29?sf_options=desc%3D%26_options_sf&quot;,return)</favourite>
	<favourite name="Motocross Championship" thumb="http://thegamesdb.net/banners/boxart/original/front/9076-1.jpg">ActivateWindow(10025,&quot;plugin://plugin.program.iarl/Emulator/32X_ZachMorris/Game/Motocross+Championship+%28Europe%29?sf_options=desc%3D%26_options_sf&quot;,return)</favourite>
	<favourite name="Motocross Championship" thumb="http://www.giantbomb.com/api/image/scale_large/840609-motocrosschampionship32x.jpg">ActivateWindow(10025,&quot;plugin://plugin.program.iarl/Emulator/32X_ZachMorris/Game/Motocross+Championship+%28USA%29?sf_options=desc%3D%26_options_sf&quot;,return)</favourite>
	<favourite name="Motocross Go!" thumb="http://archive.org/download/Mame172arcdcmplt/flyers.zip/motoxgo.png">ActivateWindow(10025,&quot;plugin://plugin.program.iarl/Emulator/MAME_ZachMorris/Game/Motocross+Go%21+%28MG3+Ver.+A%29?sf_options=desc%3D%26_options_sf&quot;,return)</favourite>
	<favourite name="Motocross Mania" thumb="http://thegamesdb.net/banners/boxart/original/front/29860-1.jpg">ActivateWindow(10025,&quot;plugin://plugin.program.iarl/Emulator/PS1_ZachMorris/Game/Motocross+Mania+%28USA%29?sf_options=desc%3D%26_options_sf&quot;,return)</favourite>
	<favourite name="Motocross Mania 2" thumb="http://thegamesdb.net/banners/boxart/original/front/8770-1.jpg">ActivateWindow(10025,&quot;plugin://plugin.program.iarl/Emulator/PS1_ZachMorris/Game/Motocross+Mania+2+%28USA%29?sf_options=desc%3D%26_options_sf&quot;,return)</favourite>
	<favourite name="Motocross Mania 3" thumb="http://thegamesdb.net/banners/boxart/original/front/43195-1.jpg">ActivateWindow(10025,&quot;plugin://plugin.program.iarl/Emulator/Sony_Playstation_2_N3RDFLIX/Game/Motocross+Mania+3+%28USA%29?sf_options=desc%3D%26_options_sf&quot;,return)</favourite>
	<favourite name="Motocross Maniacs" thumb="http://static.giantbomb.com/uploads/scale_large/8/87790/2345127-box_mm.png">ActivateWindow(10025,&quot;plugin://plugin.program.iarl/Emulator/GB_Classic_ZachMorris/Game/Motocross+Maniacs+%28USA%29?sf_options=desc%3D%26_options_sf&quot;,return)</favourite>
	<favourite name="Motocross Maniacs 2" thumb="http://thegamesdb.net/banners/boxart/original/front/21481-1.jpg">ActivateWindow(10025,&quot;plugin://plugin.program.iarl/Emulator/GBC_ZachMorris/Game/Motocross+Maniacs+2+%28USA%29?sf_options=desc%3D%26_options_sf&quot;,return)</favourite>
	<favourite name="Motocross Maniacs Advance" thumb="http://thegamesdb.net/banners/boxart/original/front/14701-1.jpg">ActivateWindow(10025,&quot;plugin://plugin.program.iarl/Emulator/GBA_ZachMorris/Game/Motocross+Maniacs+Advance+%28USA%29+%28En%2CEs%29?sf_options=desc%3D%26_options_sf&quot;,return)</favourite>
	<favourite name="Motocross Racer" thumb="https://archive.org/download/C64Games_201705/C64_Artwork.zip/Commodore%2064%20Artwork%2FMotocross%20Racer%20%28USA%29%2FCover%20%5BDouble-Ender%5D-Xonox_Double-Ender.jpg">ActivateWindow(10025,&quot;plugin://plugin.program.iarl/Emulator/C64_ZachMorris/Game/Motocross+Racer?sf_options=desc%3D%26_options_sf&quot;,return)</favourite>
	<favourite name="Motocross Racer" thumb="http://static.giantbomb.com/uploads/scale_large/1/14975/1341777-motorbox.jpg">ActivateWindow(10025,&quot;plugin://plugin.program.iarl/Emulator/Atari_2600_ZachMorris/Game/Motocross+Racer?sf_options=desc%3D%26_options_sf&quot;,return)</favourite>
	<favourite name="Motocross Racer" thumb="http://thegamesdb.net/banners/boxart/original/front/10408-1.jpg">ActivateWindow(10025,&quot;plugin://plugin.program.iarl/Emulator/Colecovision_ZachMorris/Game/Motocross+Racer?sf_options=desc%3D%26_options_sf&quot;,return)</favourite>
	<favourite name="SuperCross 3D" thumb="http://thegamesdb.net/banners/boxart/original/front/3985-1.jpg">ActivateWindow(10025,&quot;plugin://plugin.program.iarl/Emulator/Atari_Jaguar_ZachMorris/Game/SuperCross+3D+%28World%29?sf_options=desc%3D%26_options_sf&quot;,return)</favourite>
	<favourite name="SuperCross Circuit" thumb="http://thegamesdb.net/banners/boxart/original/front/11863-1.jpg">ActivateWindow(10025,&quot;plugin://plugin.program.iarl/Emulator/PS1_ZachMorris/Game/SuperCross+Circuit+%28USA%29?sf_options=desc%3D%26_options_sf&quot;,return)</favourite>
	<favourite name="Supercross 2000" thumb="http://static.giantbomb.com/uploads/scale_large/0/5822/393309-super2000n64.jpg">ActivateWindow(10025,&quot;plugin://plugin.program.iarl/Emulator/N64_ZachMorris/Game/Supercross+2000+%28USA%29?sf_options=desc%3D%26_options_sf&quot;,return)</favourite>
	<favourite name="Supercross Freestyle" thumb="http://thegamesdb.net/banners/boxart/original/front/33099-1.jpg">ActivateWindow(10025,&quot;plugin://plugin.program.iarl/Emulator/GBC_ZachMorris/Game/Supercross+Freestyle+%28Europe%29+%28En%2CFr%2CDe%2CEs%2CIt%29?sf_options=desc%3D%26_options_sf&quot;,return)</favourite>
	<favourite name="Yamaha Supercross" thumb="http://thegamesdb.net/banners/boxart/original/front/47557-1.jpg">ActivateWindow(10025,&quot;plugin://plugin.program.iarl/Emulator/NINTENDO_DS_N3RDFLIX/Game/Yamaha+Supercross+%28USA%29?sf_options=desc%3D%26_options_sf&quot;,return)</favourite>
</favourites>