<favourites>
	<favourite name="[B]c[/B]lear cache" thumb="special://home/addons\script.xvbmc.updatertools\resources/media\maint.png">PlayMedia(&quot;plugin://script.xvbmc.updatertools/?url=https%3A%2F%2Fbit.ly%2FXvBMC-Pi&amp;mode=22&amp;name=%5BB%5Dc%5B%2FB%5Dlear+cache&amp;sf_options=fanart%3Dspecial%3A%2F%2Fhome%2Faddons%5Cscript.xvbmc.updatertools%5Cfanart.jpg%26meta%3Dvotes%253D0%2526label%253D%25255BB%25255Dc%25255B%25252FB%25255Dlear%252Bcache%2526title%253D%25255BB%25255Dc%25255B%25252FB%25255Dlear%252Bcache%26winID%3D10025%26_options_sf&quot;)</favourite>
	<favourite name="Romflix Downloader" thumb="special://home/addons\plugin.video.mykodibuildwizard\icon.png">ActivateWindow(10001,&quot;plugin://plugin.video.mykodibuildwizard/?sf_options=meta%3Dlabel%253DRomflix%252BDownloader%26desc%3DEasy+Install+for+rom%27s+and+artwork++special+thanks+to+EPIC+for+his+Python+VoooDoooo++and+RetromaiacUS++and++.%3AC.T.R.L%3A.+check+them+out+on+FB%26_options_sf&quot;,return)</favourite>
	<favourite name="romflix updater" thumb="special://home/addons/plugin.video.romflixupdater/icon.png">ActivateWindow(10001,&quot;plugin://plugin.video.romflixupdater?sf_options=desc%3DEasy+update+and+adding+systems+to+RomFlix%26_options_sf&quot;,return)</favourite>
	<favourite name="Romflix Downloader" thumb="special://home/addons/plugin.program.romflix/icon.png">ActivateWindow(10001,&quot;plugin://plugin.program.romflix?sf_options=fanart%3Dspecial%3A%2F%2Fhome%2Faddons%2Fplugin.program.romflix%2Ffanart.jpg%26meta%3Dlabel%253DRomflix%252BDownloader%26desc%3DEasy+Install+for+rom%27s+and+artwork++special+thanks+to+EPIC+for+his+Python+VoooDoooo++and+RetromaiacUS++and++.%3AC.T.R.L%3A.+check+them+out+on+FB%26_options_sf&quot;,return)</favourite>
	<favourite name=".." thumb="DefaultFolderBack.png">ActivateWindow(10025,&quot;plugin://plugin.video.youtube/kodion/search/list/?sf_options=meta%3Dlabel%253D..%26_options_sf&quot;,return)</favourite>
</favourites>