<favourites>
	<favourite name="É RECOMENDÁVEL FAZER CADASTRO NO SITE ARCHIVE.ORG" thumb="special://home/addons\plugin.video.youtube\resources\media\search.png">ActivateWindow(10025,&quot;&quot;,return)</favourite>
    <favourite name="DEPOIS COLOQUE SEU USUÁRIO E SENHA NO INTERNET ARCHIVE ROM LAUNCHER" thumb="special://home/addons\plugin.video.youtube\resources\media\search.png">ActivateWindow(10025,&quot;&quot;,return)</favourite>
    <favourite name="ESSA BUILD OFERECE UM USUÁRIO E SENHA PADRÃO, MAS PODE EXPIRAR" thumb="special://home/addons\plugin.video.youtube\resources\media\search.png">ActivateWindow(10025,&quot;&quot;,return)</favourite>
    <favourite name="CEDO OU TARDE VOCÊ VAI PRECISAR DE CADASTRO LÁ PARA BAIXAR JOGOS" thumb="special://home/addons\plugin.video.youtube\resources\media\search.png">ActivateWindow(10025,&quot;&quot;,return)</favourite>
    <favourite name="ALGUNS SISTEMAS EXIGEM CADASTRO LÁ PARA PODER BAIXAR JOGOS" thumb="special://home/addons\plugin.video.youtube\resources\media\search.png">ActivateWindow(10025,&quot;&quot;,return)</favourite>
    <favourite name="CONFIRA SEMPRE SE NOVOS UPDATES ESTÃO DISPONIVEIS NO MENU UPDATE" thumb="special://home/addons\plugin.video.youtube\resources\media\search.png">ActivateWindow(10025,&quot;&quot;,return)</favourite>
    <favourite name="O PRIMEIRO UPDATE NO TOPO DA LISTA É O UPDATE ACUMULATIVO" thumb="special://home/addons\plugin.video.youtube\resources\media\search.png">ActivateWindow(10025,&quot;&quot;,return)</favourite>
    <favourite name="SE VOCÊ NÃO TEM CERTEZA SOBRE QUAL BAIXAR, BAIXE O UPDATE ACUMULATIVO" thumb="special://home/addons\plugin.video.youtube\resources\media\search.png">ActivateWindow(10025,&quot;&quot;,return)</favourite>
    <favourite name="TODOS OS UPDATES ANTIGOS ESTARÃO LISTADOS, DO MAIS RECENTE AO MAIS ANTIGO" thumb="special://home/addons\plugin.video.youtube\resources\media\search.png">ActivateWindow(10025,&quot;&quot;,return)</favourite>
    <favourite name="UPDATES RECENTES ESTARÃO NO TOPO" thumb="special://home/addons\plugin.video.youtube\resources\media\search.png">ActivateWindow(10025,&quot;&quot;,return)</favourite>
    <favourite name="JOGOS 3DNES ESTÃO LOCALIZADOS EM Z:\portable_data\userdata\3DNes\3dn" thumb="special://home/addons\plugin.video.youtube\resources\media\search.png">ActivateWindow(10025,&quot;&quot;,return)</favourite>
    <favourite name="FASES DO MARIO UNIMAKER ESTÃO LOCALIZADOS EM Z:\portable_data\userdata\SuperMarioUnimakerStandalone\levels" thumb="special://home/addons\plugin.video.youtube\resources\media\search.png">ActivateWindow(10025,&quot;&quot;,return)</favourite>
    <favourite name="HÁ VARIAS FASES DO MARIO UNIMAKER EM Z:\portable_data\userdata\SuperMarioUnimakerStandalone\levels" thumb="special://home/addons\plugin.video.youtube\resources\media\search.png">ActivateWindow(10025,&quot;&quot;,return)</favourite>
    <favourite name="HÁ VÁRIOS JOGOS DO 3D NES EM Z:\portable_data\userdata\3DNes\3dn" thumb="special://home/addons\plugin.video.youtube\resources\media\search.png">ActivateWindow(10025,&quot;&quot;,return)</favourite>
    <favourite name="ALGUNS JOGOS USAM UM DOWNLOADER CUSTOMIZADO COM CACHE HABILITADO" thumb="special://home/addons\plugin.video.youtube\resources\media\search.png">ActivateWindow(10025,&quot;&quot;,return)</favourite>
    <favourite name="E AQUELA MENSAGEM IRRITANTE ANTES DOS DOWNLOADS?" thumb="special://home/addons\plugin.video.youtube\resources\media\search.png">ActivateWindow(10025,&quot;&quot;,return)</favourite>
    <favourite name="A MENSAGEM IRRITANTE ANTES DOS DOWNLOADS SERVE PARA LEMBRAR QUE A BUILD É GRÁTIS" thumb="special://home/addons\plugin.video.youtube\resources\media\search.png">ActivateWindow(10025,&quot;&quot;,return)</favourite>
    <favourite name="ESSA BUILD É GRÁTIS E TODO MUNDO DEVE SABER DISSO" thumb="special://home/addons\plugin.video.youtube\resources\media\search.png">ActivateWindow(10025,&quot;&quot;,return)</favourite>
    <favourite name="O CACHE DO DOWNLOADER DO N3RDFLIX VAI FAZER OS DOWNLOADS MAIS RÁPIDOS" thumb="special://home/addons\plugin.video.youtube\resources\media\search.png">ActivateWindow(10025,&quot;&quot;,return)</favourite>
    <favourite name="ESSA BUILD PRECISA DA UNIDADE/HD (Z:), REMOVA ELA DO SEU PC ANTES" thumb="special://home/addons\plugin.video.youtube\resources\media\search.png">ActivateWindow(10025,&quot;&quot;,return)</favourite>
    <favourite name="ESSA BUILD IRÁ MONTAR E DESMONTAR A UNIDADE(Z:) AUTOMATICAMENTE" thumb="special://home/addons\plugin.video.youtube\resources\media\search.png">ActivateWindow(10025,&quot;&quot;,return)</favourite>
    <favourite name="NÃO INSTALE ESSA BUILD NA UNIDADE(C:), NÃO IRÁ FUNCIONAR" thumb="special://home/addons\plugin.video.youtube\resources\media\search.png">ActivateWindow(10025,&quot;&quot;,return)</favourite>
    <favourite name="ATÉ O MOMENTO, ESSA BUILD É APENAS PARA WINDOWS" thumb="special://home/addons\plugin.video.youtube\resources\media\search.png">ActivateWindow(10025,&quot;&quot;,return)</favourite>
    <favourite name="ESSA BUILD SÓ RODARÁ NO WINDOWS 7 OU SUPERIOR" thumb="special://home/addons\plugin.video.youtube\resources\media\search.png">ActivateWindow(10025,&quot;&quot;,return)</favourite>
    <favourite name="ESSA BUILD VAI FUNCIONAR APENAS EM WINDOWS 64 BITS" thumb="special://home/addons\plugin.video.youtube\resources\media\search.png">ActivateWindow(10025,&quot;&quot;,return)</favourite>
    <favourite name="É RECOMENDÁVEL VELOCIDADE DE DOWNLOAD ACIMA DE 5 Mbps" thumb="special://home/addons\plugin.video.youtube\resources\media\search.png">ActivateWindow(10025,&quot;&quot;,return)</favourite>
    <favourite name="É RECOMENDÁVEL NO MÍNIMO UM PROCESSADOR QUAD CORE E MEMÓRIA ACIMA DE 4GB" thumb="special://home/addons\plugin.video.youtube\resources\media\search.png">ActivateWindow(10025,&quot;&quot;,return)</favourite>
    <favourite name="APERTE BOTÃO ESC(TECLADO) OU CLIQUE EM CANCEL PARA PARAR DOWNLOAD" thumb="special://home/addons\plugin.video.youtube\resources\media\search.png">ActivateWindow(10025,&quot;&quot;,return)</favourite>
    <favourite name="PS2,GAMECUBE E OUTROS SISTEMAS PRECISAM DE PLACA DE VÍDEO ACIMA DE 1GB" thumb="special://home/addons\plugin.video.youtube\resources\media\search.png">ActivateWindow(10025,&quot;&quot;,return)</favourite>
    <favourite name="ABAIXO DOS REQUISITOS MENCIONADOS,ALGUNS JOGOS FICARÃO LENTOS" thumb="special://home/addons\plugin.video.youtube\resources\media\search.png">ActivateWindow(10025,&quot;&quot;,return)</favourite>
    <favourite name="NUNCA ATUALIZE O ADDON INTERNET ARCHIVE ROM LAUNCHER" thumb="special://home/addons\plugin.video.youtube\resources\media\search.png">ActivateWindow(10025,&quot;&quot;,return)</favourite>
    <favourite name="SE VOCÊ ATUALIZAR O ADDON MENCIONADO,SISTEMA NÃO RODARÁ" thumb="special://home/addons\plugin.video.youtube\resources\media\search.png">ActivateWindow(10025,&quot;&quot;,return)</favourite>
    <favourite name="ATUALIZE O INTERNET ARCHIVE ROM LAUNCHER USANDO APENAS ESSA BUILD" thumb="special://home/addons\plugin.video.youtube\resources\media\search.png">ActivateWindow(10025,&quot;&quot;,return)</favourite>
    <favourite name="TODOS OS JOGOS DESSA BUILD QUE ESTEJAM NO SITE ARCHIVE.ORG SERÃO GRATIS" thumb="special://home/addons\plugin.video.youtube\resources\media\search.png">ActivateWindow(10025,&quot;&quot;,return)</favourite>
    <favourite name="SERÃO LANÇADOS MAIS SISTEMAS E FANGAMES APENAS PARA DOADORES" thumb="special://home/addons\plugin.video.youtube\resources\media\search.png">ActivateWindow(10025,&quot;&quot;,return)</favourite>
    <favourite name="DOADORES RECEBERÃO PRIMEIRO QUALQUER ATUALIZAÇÃO" thumb="special://home/addons\plugin.video.youtube\resources\media\search.png">ActivateWindow(10025,&quot;&quot;,return)</favourite>
    <favourite name="DOADORES RECEBERÃO PRIMEIRO QUALQUER NOVO SISTEMA GRATIS OU PAGO" thumb="special://home/addons\plugin.video.youtube\resources\media\search.png">ActivateWindow(10025,&quot;&quot;,return)</favourite>
    <favourite name="DOADORES RECEBERÃO CONTEÚDOS EXCLUSIVOS QUE NÃO SERÃO LANÇADOS AO PÚBLICO" thumb="special://home/addons\plugin.video.youtube\resources\media\search.png">ActivateWindow(10025,&quot;&quot;,return)</favourite>
    <favourite name="NUNCA ATUALIZE NADA NESSA BUILD POR CONTA PRÓPRIA" thumb="special://home/addons\plugin.video.youtube\resources\media\search.png">ActivateWindow(10025,&quot;&quot;,return)</favourite>
    <favourite name="ATUALIZANDO ESSA BUILD POR CONTA PRÓPRIA, SISTEMA PODE FICAR INUTILIZADO" thumb="special://home/addons\plugin.video.youtube\resources\media\search.png">ActivateWindow(10025,&quot;&quot;,return)</favourite>
    <favourite name="ATUALIZE APENAS PELA OPÇÃO FORNECIDA PELA BUILD" thumb="special://home/addons\plugin.video.youtube\resources\media\search.png">ActivateWindow(10025,&quot;&quot;,return)</favourite>
    <favourite name="ANTES DE TENTAR CONFIGURAR ALGUM SISTEMA, VERIFIQUE SE É NECESSÁRIO" thumb="special://home/addons\plugin.video.youtube\resources\media\search.png">ActivateWindow(10025,&quot;&quot;,return)</favourite>
    <favourite name="ASSISTA VIDEOS DE AJUDA DE CADA SISTEMA ANTES DE CONFIGURAR" thumb="special://home/addons\plugin.video.youtube\resources\media\search.png">ActivateWindow(10025,&quot;&quot;,return)</favourite>
    <favourite name="BAIXE UM JOGO DE CADA SISTEMA E VERIFIQUE SE FUNCIONA TUDO CERTINHO" thumb="special://home/addons\plugin.video.youtube\resources\media\search.png">ActivateWindow(10025,&quot;&quot;,return)</favourite>
    <favourite name="CASO O SEU CONTROLE NÃO SEJA RECONHECIDO, CONFIGURE ELE NO EMULADOR" thumb="special://home/addons\plugin.video.youtube\resources\media\search.png">ActivateWindow(10025,&quot;&quot;,return)</favourite>
    <favourite name="JOGOS DOS SISTEMAS DENTRO DO MENU COMPUTERS GERALMENTE SÃO JOGADOS COM TECLADO E MOUSE" thumb="special://home/addons\plugin.video.youtube\resources\media\search.png">ActivateWindow(10025,&quot;&quot;,return)</favourite>
    <favourite name="JOGOS DE ALGUNS SISTEMAS SÃO JOGADOS COM TECLADO E MOUSE" thumb="special://home/addons\plugin.video.youtube\resources\media\search.png">ActivateWindow(10025,&quot;&quot;,return)</favourite>
    <favourite name="UTILIZE BOTÃO X(PLAYSTATION), A(XBOX) OU ENTER(TECLADO) PARA SELECIONAR O QUE DESEJA" thumb="special://home/addons\plugin.video.youtube\resources\media\search.png">ActivateWindow(10025,&quot;&quot;,return)</favourite>
    <favourite name="UTILIZE BOTÃO BOLA(PLAYSTATION), B(XBOX) OU ESC(TECLADO) PARA VOLTAR PARA TELA ANTERIOR" thumb="special://home/addons\plugin.video.youtube\resources\media\search.png">ActivateWindow(10025,&quot;&quot;,return)</favourite>
    <favourite name="PARA MUDAR CAPAS DOS JOGOS, APERTE PARA FRENTE OU CIMA, SELECIONE OPÇÃO VIEW" thumb="special://home/addons\plugin.video.youtube\resources\media\search.png">ActivateWindow(10025,&quot;&quot;,return)</favourite>
    <favourite name="UTILIZE BOTÃO QUADRADO(PLAYSTATION), X(XBOX) OU TECLA C DUAS VEZES(TECLADO) PARA ABRIR MENU DE CADA ITEM" thumb="special://home/addons\plugin.video.youtube\resources\media\search.png">ActivateWindow(10025,&quot;&quot;,return)</favourite>
    <favourite name="PARA INSERIR FICHAS EM JOGOS DE ARCADE(MAME): APERTE SELECT/BACK" thumb="special://home/addons\plugin.video.youtube\resources\media\search.png">ActivateWindow(10025,&quot;&quot;,return)</favourite>
    <favourite name="PARA SAIR DE UM JOGO: 1 - APERTE TECLA ESC(TECLADO)" thumb="special://home/addons\plugin.video.youtube\resources\media\search.png">ActivateWindow(10025,&quot;&quot;,return)</favourite>
    <favourite name="PARA SAIR DE UM JOGO: 2 - APERTE START + SELECT/BACK, SELECIONE QUIT RETROARCH" thumb="special://home/addons\plugin.video.youtube\resources\media\search.png">ActivateWindow(10025,&quot;&quot;,return)</favourite>
    <favourite name="PARA SAIR DE UM JOGO: 3 - APERTE BOTÃO XBOX GUIDE BUTTON(BOTÃO ENTRE START E BACK)" thumb="special://home/addons\plugin.video.youtube\resources\media\search.png">ActivateWindow(10025,&quot;&quot;,return)</favourite>
    <favourite name="PARA SAIR DE UM JOGO: 4 - APERTE BOTÃO PLAYSTATION PS(BOTÃO COM LOGO PLAYSTATION ENTRE START E SELECT)" thumb="special://home/addons\plugin.video.youtube\resources\media\search.png">ActivateWindow(10025,&quot;&quot;,return)</favourite>
    <favourite name="ALGUNS JOGOS DO MENU COMPUTERS PEDIRÃO QUE VOCÊ DIGITE ALGUMA COISA OU APERTE TECLA ESPECIFICA PARA INICIAR, LEIA COM ATENÇÃO" thumb="special://home/addons\plugin.video.youtube\resources\media\search.png">ActivateWindow(10025,&quot;&quot;,return)</favourite>
    <favourite name="ALGUNS JOGOS PODEM DEMORAR MAIS PARA SER BAIXADO DEVIDO AO EXCESSO DE DOWNLOADS" thumb="special://home/addons\plugin.video.youtube\resources\media\search.png">ActivateWindow(10025,&quot;&quot;,return)</favourite>
    <favourite name="ALGUNS JOGOS PODEM DEMORAR PARA INICIAR DEPOIS DO DOWNLOAD, POR FAVOR SEJA PACIENTE" thumb="special://home/addons\plugin.video.youtube\resources\media\search.png">ActivateWindow(10025,&quot;&quot;,return)</favourite>
    <favourite name="OBRIGADO POR UTILIZAR A BUILD N3RDFLIX :)" thumb="special://home/addons\plugin.video.youtube\resources\media\search.png">ActivateWindow(10025,&quot;&quot;,return)</favourite>
</favourites>