<favourites>
	<favourite name="Call of Duty - Finest Hour" thumb="http://thegamesdb.net/banners/boxart/original/front/4269-1.jpg">ActivateWindow(10025,&quot;plugin://plugin.program.iarl/Emulator/Sony_Playstation_2_N3RDFLIX/Game/Call+of+Duty+-+Finest+Hour+%28USA%29?sf_options=desc%3D%26_options_sf&quot;,return)</favourite>
	<favourite name="Call of Duty - Black Ops" thumb="http://thegamesdb.net/banners/boxart/original/front/24729-1.jpg">ActivateWindow(10025,&quot;plugin://plugin.program.iarl/Emulator/NINTENDO_DS_N3RDFLIX/Game/Call+of+Duty+-+Black+Ops+%28USA%29?sf_options=desc%3D%26_options_sf&quot;,return)</favourite>
	<favourite name="Call of Duty - Finest Hour" thumb="http://thegamesdb.net/banners/boxart/original/front/6951-1.jpg">ActivateWindow(10025,&quot;plugin://plugin.program.iarl/Emulator/Nintendo_Gamecube_N3RDFLIX/Game/Call+of+Duty+-+Finest+Hour+%28Europe%29?sf_options=desc%3D%26_options_sf&quot;,return)</favourite>
	<favourite name="Call of Duty - Modern Warfare - Mobilized" thumb="http://thegamesdb.net/banners/boxart/original/front/36516-1.jpg">ActivateWindow(10025,&quot;plugin://plugin.program.iarl/Emulator/NINTENDO_DS_N3RDFLIX/Game/Call+of+Duty+-+Modern+Warfare+-+Mobilized+%28USA%29?sf_options=desc%3D%26_options_sf&quot;,return)</favourite>
	<favourite name="Call of Duty - Roads to Victory" thumb="http://thegamesdb.net/banners/boxart/original/front/18934-1.jpg">ActivateWindow(10025,&quot;plugin://plugin.program.iarl/Emulator/PSP_N3RDFLIX/Game/Call+of+Duty+-+Roads+to+Victory+%28USA%29?sf_options=desc%3D%26_options_sf&quot;,return)</favourite>
	<favourite name="Call of Duty - World at War" thumb="http://thegamesdb.net/banners/boxart/original/front/31169-1.png">ActivateWindow(10025,&quot;plugin://plugin.program.iarl/Emulator/NINTENDO_DS_N3RDFLIX/Game/Call+of+Duty+-+World+at+War+%28USA%29?sf_options=desc%3D%26_options_sf&quot;,return)</favourite>
	<favourite name="Call of Duty - World at War - Final Fronts" thumb="http://thegamesdb.net/banners/boxart/original/front/19775-1.jpg">ActivateWindow(10025,&quot;plugin://plugin.program.iarl/Emulator/Sony_Playstation_2_N3RDFLIX/Game/Call+of+Duty+-+World+at+War+-+Final+Fronts+%28USA%29?sf_options=desc%3D%26_options_sf&quot;,return)</favourite>
	<favourite name="Call of Duty 2 - Big Red One" thumb="http://thegamesdb.net/banners/boxart/original/front/6950-1.jpg">ActivateWindow(10025,&quot;plugin://plugin.program.iarl/Emulator/Nintendo_Gamecube_N3RDFLIX/Game/Call+of+Duty+2+-+Big+Red+One+%28Europe%29?sf_options=desc%3D%26_options_sf&quot;,return)</favourite>
	<favourite name="Call of Duty 2 - Big Red One" thumb="http://thegamesdb.net/banners/boxart/original/front/4270-1.jpg">ActivateWindow(10025,&quot;plugin://plugin.program.iarl/Emulator/Sony_Playstation_2_N3RDFLIX/Game/Call+of+Duty+2+-+Big+Red+One+%28USA%29?sf_options=desc%3D%26_options_sf&quot;,return)</favourite>
	<favourite name="Call of Duty 2 - Big Red One" thumb="http://thegamesdb.net/banners/boxart/original/front/6950-1.jpg">ActivateWindow(10025,&quot;plugin://plugin.program.iarl/Emulator/Nintendo_Gamecube_N3RDFLIX/Game/Call+of+Duty+2+-+Big+Red+One+%28Europe%29?sf_options=desc%3D%26_options_sf&quot;,return)</favourite>
	<favourite name="Call of Duty 2 - Big Red One" thumb="http://thegamesdb.net/banners/boxart/original/front/4270-1.jpg">ActivateWindow(10025,&quot;plugin://plugin.program.iarl/Emulator/Sony_Playstation_2_N3RDFLIX/Game/Call+of+Duty+2+-+Big+Red+One+%28USA%29?sf_options=desc%3D%26_options_sf&quot;,return)</favourite>
	<favourite name="Call of Duty 3" thumb="http://thegamesdb.net/banners/boxart/original/front/5638-1.jpg">ActivateWindow(10025,&quot;plugin://plugin.program.iarl/Emulator/Sony_Playstation_2_N3RDFLIX/Game/Call+of+Duty+3+%28USA%29?sf_options=desc%3D%26_options_sf&quot;,return)</favourite>
	<favourite name="Call of Duty 4 - Modern Warfare" thumb="http://thegamesdb.net/banners/boxart/original/front/31168-1.jpg">ActivateWindow(10025,&quot;plugin://plugin.program.iarl/Emulator/NINTENDO_DS_N3RDFLIX/Game/Call+of+Duty+4+-+Modern+Warfare+%28USA%29?sf_options=desc%3D%26_options_sf&quot;,return)</favourite>
    <favourite name="Call of Duty 3" thumb="http://thegamesdb.net/banners/boxart/original/front/5638-1.jpg">ActivateWindow(10025,&quot;plugin://plugin.program.iarl/Emulator/Sony_Playstation_2_N3RDFLIX/Game/Call+of+Duty+3+%28USA%29?sf_options=desc%3D%26_options_sf&quot;,return)</favourite>
	<favourite name="Call of Duty 4 - Modern Warfare" thumb="http://thegamesdb.net/banners/boxart/original/front/31168-1.jpg">ActivateWindow(10025,&quot;plugin://plugin.program.iarl/Emulator/NINTENDO_DS_N3RDFLIX/Game/Call+of+Duty+4+-+Modern+Warfare+%28USA%29?sf_options=desc%3D%26_options_sf&quot;,return)</favourite>
    <favourite name="Call of Duty - Black Ops" thumb="http://thegamesdb.net/banners/boxart/original/front/24729-1.jpg">ActivateWindow(10025,&quot;plugin://plugin.program.iarl/Emulator/NINTENDO_DS_N3RDFLIX/Game/Call+of+Duty+-+Black+Ops+%28USA%29?sf_options=desc%3D%26_options_sf&quot;,return)</favourite>
	<favourite name="Call of Duty - Finest Hour" thumb="http://thegamesdb.net/banners/boxart/original/front/6951-1.jpg">ActivateWindow(10025,&quot;plugin://plugin.program.iarl/Emulator/Nintendo_Gamecube_N3RDFLIX/Game/Call+of+Duty+-+Finest+Hour+%28Europe%29?sf_options=desc%3D%26_options_sf&quot;,return)</favourite>
	<favourite name="Call of Duty - Finest Hour" thumb="http://thegamesdb.net/banners/boxart/original/front/4269-1.jpg">ActivateWindow(10025,&quot;plugin://plugin.program.iarl/Emulator/Sony_Playstation_2_N3RDFLIX/Game/Call+of+Duty+-+Finest+Hour+%28USA%29?sf_options=desc%3D%26_options_sf&quot;,return)</favourite>
	<favourite name="Call of Duty - Modern Warfare - Mobilized" thumb="http://thegamesdb.net/banners/boxart/original/front/36516-1.jpg">ActivateWindow(10025,&quot;plugin://plugin.program.iarl/Emulator/NINTENDO_DS_N3RDFLIX/Game/Call+of+Duty+-+Modern+Warfare+-+Mobilized+%28USA%29?sf_options=desc%3D%26_options_sf&quot;,return)</favourite>
	<favourite name="Call of Duty - Roads to Victory" thumb="http://thegamesdb.net/banners/boxart/original/front/18934-1.jpg">ActivateWindow(10025,&quot;plugin://plugin.program.iarl/Emulator/PSP_N3RDFLIX/Game/Call+of+Duty+-+Roads+to+Victory+%28USA%29?sf_options=desc%3D%26_options_sf&quot;,return)</favourite>
	<favourite name="Call of Duty - World at War" thumb="http://thegamesdb.net/banners/boxart/original/front/31169-1.png">ActivateWindow(10025,&quot;plugin://plugin.program.iarl/Emulator/NINTENDO_DS_N3RDFLIX/Game/Call+of+Duty+-+World+at+War+%28USA%29?sf_options=desc%3D%26_options_sf&quot;,return)</favourite>
	<favourite name="Call of Duty - World at War - Final Fronts" thumb="http://thegamesdb.net/banners/boxart/original/front/19775-1.jpg">ActivateWindow(10025,&quot;plugin://plugin.program.iarl/Emulator/Sony_Playstation_2_N3RDFLIX/Game/Call+of+Duty+-+World+at+War+-+Final+Fronts+%28USA%29?sf_options=desc%3D%26_options_sf&quot;,return)</favourite>
</favourites>