<favourites>
	<favourite name="Indiana Jones and the Staff of Kings" thumb="http://thegamesdb.net/banners/boxart/original/front/19372-1.jpg">ActivateWindow(10025,&quot;plugin://plugin.program.iarl/Emulator/PSP_N3RDFLIX/Game/Indiana+Jones+and+the+Staff+of+Kings+%28USA%29?sf_options=desc%3D%5BCR%5D%5BB%5DOverview%3A%5B%2FB%5D%5BCR%5DIndiana+Jones+and+the+Staff+of+Kings+is+a+historical+fantasy+video+game+published+by+LucasArts+for+the+Wii%2C+Nintendo+DS%2C+PlayStation+2%2C+and+PlayStation+Portable.+The+game+is+the+third+in+the+series+of+original+3D+Indiana+Jones+games%2C+preceded+by+Indiana+Jones+and+the+Emperor%27s+Tomb%2C+and+Indiana+Jones+and+the+Infernal+Machine.+The+Wii+version+also+includes+Indiana+Jones+and+the+Fate+of+Atlantis+video+game+as+an+unlockable.%5BCR%5D%26_options_sf&quot;,return)</favourite>
	<favourite name="Indiana Jones' Greatest Adventures" thumb="http://i.imgur.com/R9qeON0.jpg">ActivateWindow(10025,&quot;plugin://plugin.program.iarl/Emulator/SNES_ZachMorris/Game/Indiana+Jones%27+Greatest+Adventures+%28USA%29?sf_options=desc%3D%26_options_sf&quot;,return)</favourite>
	<favourite name="Indiana Jones - Saigo no Seisen" thumb="http://thegamesdb.net/banners/boxart/original/front/21656-1.jpg">ActivateWindow(10025,&quot;plugin://plugin.program.iarl/Emulator/GB_Classic_ZachMorris/Game/Indiana+Jones+-+Saigo+no+Seisen+%28Japan%29?sf_options=desc%3D%26_options_sf&quot;,return)</favourite>
	<favourite name="Indiana Jones and The Last Crusade" thumb="http://www.mobygames.com/images/covers/l/39221-indiana-jones-and-the-last-crusade-the-graphic-adventure-amiga-front-cover.jpg">ActivateWindow(10025,&quot;plugin://plugin.program.iarl/Emulator/IA_MSDOS_ZachMorris/Game/Indiana+Jones+and+The+Last+Crusade?sf_options=desc%3D%26_options_sf&quot;,return)</favourite>
	<favourite name="Indiana Jones and The Last Crusade" thumb="http://thegamesdb.net/banners/boxart/original/front/6567-1.jpg">ActivateWindow(10025,&quot;plugin://plugin.program.iarl/Emulator/Point_and_Click_Bestof_ZachMorris/Game/Indiana+Jones+and+The+Last+Crusade+%281989%29?sf_options=desc%3D%26_options_sf&quot;,return)</favourite>
	<favourite name="Indiana Jones and the Emperor's Tomb" thumb="http://thegamesdb.net/banners/boxart/original/front/4891-1.jpg">ActivateWindow(10025,&quot;plugin://plugin.program.iarl/Emulator/Sony_Playstation_2_N3RDFLIX/Game/Indiana+Jones+and+the+Emperor%27s+Tomb+%28Europe%29?sf_options=desc%3D%26_options_sf&quot;,return)</favourite>
	<favourite name="Indiana Jones and the Fate of Atlantis" thumb="http://thegamesdb.net/banners/boxart/original/front/5655-1.jpg">ActivateWindow(10025,&quot;plugin://plugin.program.iarl/Emulator/Point_and_Click_Bestof_ZachMorris/Game/Indiana+Jones+and+the+Fate+of+Atlantis+%281992%29?sf_options=desc%3D%26_options_sf&quot;,return)</favourite>
	<favourite name="Indiana Jones and the Fate of Atlantis" thumb="https://archive.org/download/C64Games_201705/C64_Artwork.zip/Commodore%2064%20Artwork%2FIndiana%20Jones%20and%20the%20Fate%20of%20Atlantis%20%28Europe%29%2FCover%20%28US%20Gold%29-Indiana_Jones_and_the_Fate_of_Atlantis_%28US_Gold%29.jpg">ActivateWindow(10025,&quot;plugin://plugin.program.iarl/Emulator/C64_ZachMorris/Game/Indiana+Jones+and+the+Fate+of+Atlantis+%28Europe%29?sf_options=desc%3D%26_options_sf&quot;,return)</favourite>
	<favourite name="Indiana Jones and the Fate of Atlantis" thumb="http://thegamesdb.net/banners/boxart/original/front/5655-1.jpg">ActivateWindow(10025,&quot;plugin://plugin.program.iarl/Emulator/SCUMMVM_ZachMorris/Game/Indiana+Jones+and+the+Fate+of+Atlantis+%28Floppy+DOS+VGA%29?sf_options=desc%3D%26_options_sf&quot;,return)</favourite>
	<favourite name="Indiana Jones and the Infernal Machine" thumb="http://static.giantbomb.com/uploads/scale_large/0/5911/712133-infernal_poster.jpg">ActivateWindow(10025,&quot;plugin://plugin.program.iarl/Emulator/N64_ZachMorris/Game/Indiana+Jones+and+the+Infernal+Machine+%28USA%29?sf_options=desc%3D%26_options_sf&quot;,return)</favourite>
	<favourite name="Indiana Jones and the Infernal Machine" thumb="http://thegamesdb.net/banners/boxart/original/front/22004-1.jpg">ActivateWindow(10025,&quot;plugin://plugin.program.iarl/Emulator/GBC_ZachMorris/Game/Indiana+Jones+and+the+Infernal+Machine+%28USA%2C+Europe%29+%28En%2CFr%2CDe%29?sf_options=desc%3D%26_options_sf&quot;,return)</favourite>
	<favourite name="Indiana Jones and the Last Crusade" thumb="https://archive.org/download/C64Games_201705/C64_Artwork.zip/Commodore%2064%20Artwork%2FIndiana%20Jones%20and%20the%20Last%20Crusade%20%28Europe%29%2F%5B1.Front%5D%20Front1.jpg">ActivateWindow(10025,&quot;plugin://plugin.program.iarl/Emulator/C64_ZachMorris/Game/Indiana+Jones+and+the+Last+Crusade+%28Europe%29?sf_options=desc%3D%26_options_sf&quot;,return)</favourite>
	<favourite name="Indiana Jones and the Last Crusade" thumb="http://static.giantbomb.com/uploads/scale_large/9/93770/2361859-nes_indianajonesthelastcrusade.jpg">ActivateWindow(10025,&quot;plugin://plugin.program.iarl/Emulator/Master_System_ZachMorris/Game/Indiana+Jones+and+the+Last+Crusade+%28Europe%29?sf_options=desc%3D%26_options_sf&quot;,return)</favourite>
	<favourite name="Indiana Jones and the Last Crusade" thumb="http://thegamesdb.net/banners/boxart/original/front/4455-1.jpg">ActivateWindow(10025,&quot;plugin://plugin.program.iarl/Emulator/Genesis_ZachMorris/Game/Indiana+Jones+and+the+Last+Crusade+%28Europe%29?sf_options=desc%3D%26_options_sf&quot;,return)</favourite>
	<favourite name="Indiana Jones and the Last Crusade" thumb="http://thegamesdb.net/banners/boxart/original/front/6567-1.jpg">ActivateWindow(10025,&quot;plugin://plugin.program.iarl/Emulator/SCUMMVM_ZachMorris/Game/Indiana+Jones+and+the+Last+Crusade+%28Floppy+DOS+VGA%29?sf_options=desc%3D%26_options_sf&quot;,return)</favourite>
	<favourite name="Indiana Jones and the Last Crusade" thumb="http://thegamesdb.net/banners/boxart/original/front/4455-1.jpg">ActivateWindow(10025,&quot;plugin://plugin.program.iarl/Emulator/Genesis_ZachMorris/Game/Indiana+Jones+and+the+Last+Crusade+%28USA%29?sf_options=desc%3D%26_options_sf&quot;,return)</favourite>
	<favourite name="Indiana Jones and the Last Crusade" thumb="http://i.imgur.com/uaj19XF.jpg">ActivateWindow(10025,&quot;plugin://plugin.program.iarl/Emulator/NES_ZachMorris/Game/Indiana+Jones+and+the+Last+Crusade+%28USA%29+%28Taito%29?sf_options=desc%3D%26_options_sf&quot;,return)</favourite>
	<favourite name="Indiana Jones and the Last Crusade" thumb="http://thegamesdb.net/banners/boxart/original/front/25115-1.png">ActivateWindow(10025,&quot;plugin://plugin.program.iarl/Emulator/Game_Gear_ZachMorris/Game/Indiana+Jones+and+the+Last+Crusade+%28USA%2C+Europe%29?sf_options=desc%3D%26_options_sf&quot;,return)</favourite>
	<favourite name="Indiana Jones and the Last Crusade" thumb="http://thegamesdb.net/banners/boxart/original/front/21656-1.jpg">ActivateWindow(10025,&quot;plugin://plugin.program.iarl/Emulator/GB_Classic_ZachMorris/Game/Indiana+Jones+and+the+Last+Crusade+%28USA%2C+Europe%29?sf_options=desc%3D%26_options_sf&quot;,return)</favourite>
	<favourite name="Indiana Jones and the Last Crusade - The Action Game" thumb="http://www.mobygames.com/images/covers/l/1817-indiana-jones-and-the-last-crusade-the-action-game-dos-front-cover.jpg">ActivateWindow(10025,&quot;plugin://plugin.program.iarl/Emulator/IA_MSDOS_ZachMorris/Game/Indiana+Jones+and+the+Last+Crusade+-+The+Action+Game?sf_options=desc%3D%26_options_sf&quot;,return)</favourite>
	<favourite name="Indiana Jones and the Staff of Kings" thumb="http://thegamesdb.net/banners/boxart/original/front/19223-1.jpg">ActivateWindow(10025,&quot;plugin://plugin.program.iarl/Emulator/NINTENDO_DS_N3RDFLIX/Game/Indiana+Jones+and+the+Staff+of+Kings+%28USA%29?sf_options=desc%3D%26_options_sf&quot;,return)</favourite>
	<favourite name="Indiana Jones and the Staff of Kings" thumb="http://thegamesdb.net/banners/boxart/original/front/19372-1.jpg">ActivateWindow(10025,&quot;plugin://plugin.program.iarl/Emulator/PSP_N3RDFLIX/Game/Indiana+Jones+and+the+Staff+of+Kings+%28USA%29?sf_options=desc%3D%26_options_sf&quot;,return)</favourite>
	<favourite name="Indiana Jones and the Staff of Kings" thumb="http://thegamesdb.net/banners/boxart/original/front/904-1.jpg">ActivateWindow(10025,&quot;plugin://plugin.program.iarl/Emulator/Sony_Playstation_2_N3RDFLIX/Game/Indiana+Jones+and+the+Staff+of+Kings+%28USA%29?sf_options=desc%3D%26_options_sf&quot;,return)</favourite>
	<favourite name="Indiana Jones and the Temple of Doom" thumb="http://www.mobygames.com/images/covers/l/234204-indiana-jones-and-the-temple-of-doom-dos-media.jpg">ActivateWindow(10025,&quot;plugin://plugin.program.iarl/Emulator/IA_MSDOS_ZachMorris/Game/Indiana+Jones+and+the+Temple+of+Doom?sf_options=desc%3D%26_options_sf&quot;,return)</favourite>
	<favourite name="Indiana Jones and the Temple of Doom" thumb="https://archive.org/download/C64Games_201705/C64_Artwork.zip/Commodore%2064%20Artwork%2FIndiana%20Jones%20and%20the%20Temple%20of%20Doom%20%28Europe%29%2FCover%20%28Kixx%29-Indiana_Jones_and_the_Temple_of_Doom_%28Kixx%29.jpg">ActivateWindow(10025,&quot;plugin://plugin.program.iarl/Emulator/C64_ZachMorris/Game/Indiana+Jones+and+the+Temple+of+Doom+%28Europe%29?sf_options=desc%3D%26_options_sf&quot;,return)</favourite>
	<favourite name="Indiana Jones and the Temple of Doom" thumb="http://i.imgur.com/NGq94kN.jpg">ActivateWindow(10025,&quot;plugin://plugin.program.iarl/Emulator/NES_ZachMorris/Game/Indiana+Jones+and+the+Temple+of+Doom+%28USA%29+%28Rev+A%29?sf_options=desc%3D%26_options_sf&quot;,return)</favourite>
	<favourite name="Indiana Jones and the Temple of Doom" thumb="http://thegamesdb.net/banners/boxart/original/front/7844-1.jpg">ActivateWindow(10025,&quot;plugin://plugin.program.iarl/Emulator/MAME_AKNF_Full/Game/Indiana+Jones+and+the+Temple+of+Doom+%28set+1%29?sf_options=desc%3D%26_options_sf&quot;,return)</favourite>
	<favourite name="Indiana Jones and the Temple of Doom" thumb="http://thegamesdb.net/banners/boxart/original/front/7844-1.jpg">ActivateWindow(10025,&quot;plugin://plugin.program.iarl/Emulator/MAME_ZachMorris/Game/Indiana+Jones+and+the+Temple+of+Doom+%28set+1%29?sf_options=desc%3D%26_options_sf&quot;,return)</favourite>
	<favourite name="Indiana Jones and the Temple of Doom" thumb="http://thegamesdb.net/banners/boxart/original/front/7844-1.jpg">ActivateWindow(10025,&quot;plugin://plugin.program.iarl/Emulator/MAME_2014_ZachMorris/Game/Indiana+Jones+and+the+Temple+of+Doom+%28set+1%29?sf_options=desc%3D%26_options_sf&quot;,return)</favourite>
	<favourite name="Indiana Jones in Revenge of the Ancients" thumb="http://www.mobygames.com/images/covers/l/49-rocket-ranger-dos-front-cover.jpg">ActivateWindow(10025,&quot;plugin://plugin.program.iarl/Emulator/IA_MSDOS_ZachMorris/Game/Indiana+Jones+in+Revenge+of+the+Ancients?sf_options=desc%3D%26_options_sf&quot;,return)</favourite>
	<favourite name="Indiana Jones in the Lost Kingdom" thumb="https://archive.org/download/C64Games_201705/C64_Artwork.zip/Commodore%2064%20Artwork%2FIndiana%20Jones%20in%20the%20Lost%20Kingdom%20%28USA%29%2F%5B1.Front%5D%20Front1.jpg">ActivateWindow(10025,&quot;plugin://plugin.program.iarl/Emulator/C64_ZachMorris/Game/Indiana+Jones+in+the+Lost+Kingdom?sf_options=desc%3D%26_options_sf&quot;,return)</favourite>
	<favourite name="Indiana Jones in the Lost Kingdom" thumb="https://archive.org/download/C64Games_201705/C64_Artwork.zip/Commodore%2064%20Artwork%2FIndiana%20Jones%20in%20the%20Lost%20Kingdom%20%28USA%29%2F%5B1.Front%5D%20Front1.jpg">ActivateWindow(10025,&quot;plugin://plugin.program.iarl/Emulator/C64_ZachMorris/Game/Indiana+Jones+in+the+Lost+Kingdom+%28USA%29?sf_options=desc%3D%26_options_sf&quot;,return)</favourite>
	<favourite name="Instruments of Chaos Starring Young Indiana Jones" thumb="http://thegamesdb.net/banners/boxart/original/front/4744-1.jpg">ActivateWindow(10025,&quot;plugin://plugin.program.iarl/Emulator/Genesis_ZachMorris/Game/Instruments+of+Chaos+Starring+Young+Indiana+Jones+%28USA%29?sf_options=desc%3D%26_options_sf&quot;,return)</favourite>
	<favourite name="LEGO Indiana Jones - The Original Adventures" thumb="http://thegamesdb.net/banners/boxart/original/front/24919-1.jpg">ActivateWindow(10025,&quot;plugin://plugin.program.iarl/Emulator/PSP_N3RDFLIX/Game/LEGO+Indiana+Jones+-+The+Original+Adventures+%28USA%29?sf_options=desc%3D%26_options_sf&quot;,return)</favourite>
	<favourite name="LEGO Indiana Jones - The Original Adventures" thumb="http://thegamesdb.net/banners/boxart/original/front/10831-1.jpg">ActivateWindow(10025,&quot;plugin://plugin.program.iarl/Emulator/Sony_Playstation_2_N3RDFLIX/Game/LEGO+Indiana+Jones+-+The+Original+Adventures+%28USA%29?sf_options=desc%3D%26_options_sf&quot;,return)</favourite>
	<favourite name="LEGO Indiana Jones 2 - The Adventure Continues" thumb="http://thegamesdb.net/banners/boxart/original/front/14638-1.jpg">ActivateWindow(10025,&quot;plugin://plugin.program.iarl/Emulator/NINTENDO_DS_N3RDFLIX/Game/LEGO+Indiana+Jones+2+-+The+Adventure+Continues+%28USA%29%28M3%29%28XenoPhobia%29?sf_options=desc%3D%26_options_sf&quot;,return)</favourite>
	<favourite name="LEGO Indiana Jones 2 - The Adventure Continues" thumb="http://thegamesdb.net/banners/boxart/original/front/14487-1.jpg">ActivateWindow(10025,&quot;plugin://plugin.program.iarl/Emulator/PSP_N3RDFLIX/Game/LEGO+Indiana+Jones+2+-+The+Adventure+Continues+%28USA%29?sf_options=desc%3D%26_options_sf&quot;,return)</favourite>
	<favourite name="Udoiana Raunes 3 - In Search for Indiana Jones 4" thumb="http://www.mobygames.com/images/shots/l/13926-a320-airbus-edition-europa-dos-screenshot-title-screen.jpg">ActivateWindow(10025,&quot;plugin://plugin.program.iarl/Emulator/IA_MSDOS_ZachMorris/Game/Udoiana+Raunes+3+-+In+Search+for+Indiana+Jones+4?sf_options=desc%3D%26_options_sf&quot;,return)</favourite>
	<favourite name="Young Indiana Jones Chronicles, The" thumb="http://thegamesdb.net/banners/boxart/original/front/2295-1.jpg">ActivateWindow(10025,&quot;plugin://plugin.program.iarl/Emulator/NES_ZachMorris/Game/Young+Indiana+Jones+Chronicles%2C+The+%28USA%29?sf_options=desc%3D%26_options_sf&quot;,return)</favourite>
</favourites>