<favourites>
	<favourite name="Virtua Tennis - World Tour" thumb="http://thegamesdb.net/banners/boxart/original/front/16881-1.jpg">ActivateWindow(10025,&quot;plugin://plugin.program.iarl/Emulator/PSP_N3RDFLIX/Game/Virtua+Tennis+-+World+Tour+%28USA%29?sf_options=desc%3D%26_options_sf&quot;,return)</favourite>
	<favourite name="Virtua Tennis - Sega Professional Tennis" thumb="http://thegamesdb.net/banners/boxart/original/front/5894-1.jpg">ActivateWindow(10025,&quot;plugin://plugin.program.iarl/Emulator/Sega_Dreamcast_ZachMorris/Game/Virtua+Tennis+-+Sega+Professional+Tennis+%28Europe%29+%28En%2CFr%2CDe%2CEs%29?sf_options=desc%3D%26_options_sf&quot;,return)</favourite>
	<favourite name="Virtua Tennis" thumb="http://static.giantbomb.com/uploads/scale_large/1/18205/611810-vtendc0f.jpg">ActivateWindow(10025,&quot;plugin://plugin.program.iarl/Emulator/GBA_ZachMorris/Game/Virtua+Tennis+%28USA%29?sf_options=desc%3D%26_options_sf&quot;,return)</favourite>
	<favourite name="Virtua Tennis / Power Smash" thumb="http://archive.org/download/Mame172arcdcmplt/cabinets.zip/vtennis.png">ActivateWindow(10025,&quot;plugin://plugin.program.iarl/Emulator/MAME_ZachMorris/Game/Virtua+Tennis+%2F+Power+Smash?sf_options=desc%3D%26_options_sf&quot;,return)</favourite>
	<favourite name="Virtua Tennis 2 / Power Smash 2" thumb="http://archive.org/download/Mame172arcdcmplt/flyers.zip/vtenis2c.png">ActivateWindow(10025,&quot;plugin://plugin.program.iarl/Emulator/MAME_ZachMorris/Game/Virtua+Tennis+2+%2F+Power+Smash+2+%28Rev+A%29?sf_options=desc%3D%26_options_sf&quot;,return)</favourite>
	<favourite name="Virtua Tennis 2 - Sega Professional Tennis" thumb="http://thegamesdb.net/banners/boxart/original/front/11078-1.jpg">ActivateWindow(10025,&quot;plugin://plugin.program.iarl/Emulator/Sega_Dreamcast_ZachMorris/Game/Virtua+Tennis+2+-+Sega+Professional+Tennis+%28Europe%29+%28En%2CFr%2CDe%2CEs%29?sf_options=desc%3D%26_options_sf&quot;,return)</favourite>
	<favourite name="Virtua Tennis 3" thumb="http://thegamesdb.net/banners/boxart/original/front/19416-1.jpg">ActivateWindow(10025,&quot;plugin://plugin.program.iarl/Emulator/PSP_N3RDFLIX/Game/Virtua+Tennis+3+%28USA%29?sf_options=desc%3D%26_options_sf&quot;,return)</favourite>
	<favourite name="Virtual Open Tennis" thumb="http://thegamesdb.net/banners/boxart/original/front/11371-1.jpg">ActivateWindow(10025,&quot;plugin://plugin.program.iarl/Emulator/Sega_Saturn_ZachMorris/Game/Virtual+Open+Tennis+%28USA%29?sf_options=desc%3D%26_options_sf&quot;,return)</favourite>
	<favourite name="Power Serve 3D Tennis" thumb="http://thegamesdb.net/banners/boxart/original/front/31153-1.jpg">ActivateWindow(10025,&quot;plugin://plugin.program.iarl/Emulator/PS1_ZachMorris/Game/Power+Serve+3D+Tennis+%28USA%29?sf_options=desc%3D%26_options_sf&quot;,return)</favourite>
	<favourite name="Power Smash - Sega Professional Tennis" thumb="">ActivateWindow(10025,&quot;plugin://plugin.program.iarl/Emulator/Sega_Dreamcast_ZachMorris/Game/Power+Smash+-+Sega+Professional+Tennis+%28Japan%29?sf_options=desc%3D%26_options_sf&quot;,return)</favourite>
	<favourite name="Power Smash 2 - Sega Professional Tennis" thumb="">ActivateWindow(10025,&quot;plugin://plugin.program.iarl/Emulator/Sega_Dreamcast_ZachMorris/Game/Power+Smash+2+-+Sega+Professional+Tennis+%28Japan%29?sf_options=desc%3D%26_options_sf&quot;,return)</favourite>
	<favourite name="Advantage Tennis" thumb="http://www.mobygames.com/images/shots/l/341426-advantage-tennis-dos-screenshot-title-screen.jpg">ActivateWindow(10025,&quot;plugin://plugin.program.iarl/Emulator/IA_MSDOS_ZachMorris/Game/Advantage+Tennis?sf_options=desc%3D%26_options_sf&quot;,return)</favourite>
	<favourite name="Agassi Tennis Generation" thumb="http://thegamesdb.net/banners/boxart/original/front/3306-1.jpg">ActivateWindow(10025,&quot;plugin://plugin.program.iarl/Emulator/GBA_ZachMorris/Game/Agassi+Tennis+Generation+%28USA%29?sf_options=desc%3D%26_options_sf&quot;,return)</favourite>
	<favourite name="Agassi Tennis Generation" thumb="http://thegamesdb.net/banners/boxart/original/front/18838-1.jpg">ActivateWindow(10025,&quot;plugin://plugin.program.iarl/Emulator/Sony_Playstation_2_N3RDFLIX/Game/Agassi+Tennis+Generation+%28USA%29?sf_options=desc%3D%26_options_sf&quot;,return)</favourite>
	<favourite name="All Star Tennis 2000" thumb="http://thegamesdb.net/banners/boxart/original/front/21874-1.jpg">ActivateWindow(10025,&quot;plugin://plugin.program.iarl/Emulator/GBC_ZachMorris/Game/All+Star+Tennis+2000+%28Europe%29?sf_options=desc%3D%26_options_sf&quot;,return)</favourite>
	<favourite name="All Star Tennis 99" thumb="http://static.giantbomb.com/uploads/scale_large/0/233/334012-us_boxfrunt.jpg">ActivateWindow(10025,&quot;plugin://plugin.program.iarl/Emulator/N64_ZachMorris/Game/All+Star+Tennis+99+%28USA%29?sf_options=desc%3D%26_options_sf&quot;,return)</favourite>
	<favourite name="ATP Tour Championship Tennis" thumb="http://static.giantbomb.com/uploads/scale_large/0/7167/260845-586037_46701_front.jpg">ActivateWindow(10025,&quot;plugin://plugin.program.iarl/Emulator/Genesis_ZachMorris/Game/ATP+Tour+Championship+Tennis+%28USA%29?sf_options=desc%3D%26_options_sf&quot;,return)</favourite>
	<favourite name="Andre Agassi Tennis" thumb="http://thegamesdb.net/banners/boxart/original/front/1705-1.jpg">ActivateWindow(10025,&quot;plugin://plugin.program.iarl/Emulator/Master_System_ZachMorris/Game/Andre+Agassi+Tennis+%28Europe%29?sf_options=desc%3D%26_options_sf&quot;,return)</favourite>
	<favourite name="Andre Agassi Tennis" thumb="http://thegamesdb.net/banners/boxart/original/front/11832-1.jpg">ActivateWindow(10025,&quot;plugin://plugin.program.iarl/Emulator/Game_Gear_ZachMorris/Game/Andre+Agassi+Tennis+%28USA%29?sf_options=desc%3D%26_options_sf&quot;,return)</favourite>
	<favourite name="Andre Agassi Tennis" thumb="http://i.imgur.com/n5NG5dC.jpg">ActivateWindow(10025,&quot;plugin://plugin.program.iarl/Emulator/SNES_ZachMorris/Game/Andre+Agassi+Tennis+%28USA%29?sf_options=desc%3D%26_options_sf&quot;,return)</favourite>
	<favourite name="Championship Tennis" thumb="http://thegamesdb.net/banners/boxart/original/front/10504-1.jpg">ActivateWindow(10025,&quot;plugin://plugin.program.iarl/Emulator/Intellivision_ZachMorris/Game/Championship+Tennis?sf_options=desc%3D%26_options_sf&quot;,return)</favourite>
	<favourite name="Date Kimiko no Virtual Tennis" thumb="http://i.imgur.com/UwmwB9M.jpg">ActivateWindow(10025,&quot;plugin://plugin.program.iarl/Emulator/SNES_ZachMorris/Game/Date+Kimiko+no+Virtual+Tennis+%28Japan%29?sf_options=desc%3D%26_options_sf&quot;,return)</favourite>
	<favourite name="David Crane" thumb="http://archive.org/download/Mame172arcdcmplt/cabinets.zip/nss.png">ActivateWindow(10025,&quot;plugin://plugin.program.iarl/Emulator/MAME_2014_ZachMorris/Game/David+Crane%27s+Amazing+Tennis+%28Nintendo+Super+System%29?sf_options=desc%3D%26_options_sf&quot;,return)</favourite>
	<favourite name="David Crane" thumb="http://archive.org/download/Mame172arcdcmplt/cabinets.zip/nss.png">ActivateWindow(10025,&quot;plugin://plugin.program.iarl/Emulator/MAME_ZachMorris/Game/David+Crane%27s+Amazing+Tennis+%28Nintendo+Super+System%29?sf_options=desc%3D%26_options_sf&quot;,return)</favourite>
	<favourite name="David Crane" thumb="http://i.imgur.com/NYgpCGR.jpg">ActivateWindow(10025,&quot;plugin://plugin.program.iarl/Emulator/SNES_ZachMorris/Game/David+Crane%27s+Amazing+Tennis+%28USA%29?sf_options=desc%3D%26_options_sf&quot;,return)</favourite>
	<favourite name="David Crane" thumb="http://thegamesdb.net/banners/boxart/original/front/4327-1.png">ActivateWindow(10025,&quot;plugin://plugin.program.iarl/Emulator/Genesis_ZachMorris/Game/David+Crane%27s+Amazing+Tennis+%28USA%29?sf_options=desc%3D%26_options_sf&quot;,return)</favourite>
	<favourite name="Davis Cup Tennis, The" thumb="http://www.giantbomb.com/api/image/scale_large/1794839-davis.jpg">ActivateWindow(10025,&quot;plugin://plugin.program.iarl/Emulator/PCE_CD_ZachMorris/Game/Davis+Cup+Tennis%2C+The+%28Japan%29?sf_options=desc%3D%26_options_sf&quot;,return)</favourite>
	<favourite name="Davis Cup Tennis" thumb="http://static.giantbomb.com/uploads/scale_large/9/93770/1794839-davis.jpg">ActivateWindow(10025,&quot;plugin://plugin.program.iarl/Emulator/Genesis_ZachMorris/Game/Davis+Cup+Tennis+%28Japan%29?sf_options=desc%3D%26_options_sf&quot;,return)</favourite>
	<favourite name="Davis Cup Tennis" thumb="http://thegamesdb.net/banners/boxart/original/front/8202-1.jpg">ActivateWindow(10025,&quot;plugin://plugin.program.iarl/Emulator/TG16_ZachMorris/Game/Davis+Cup+Tennis+%28USA%29?sf_options=desc%3D%26_options_sf&quot;,return)</favourite>
	<favourite name="Davis Cup Tennis ~ Davis Cup World Tour" thumb="http://thegamesdb.net/banners/boxart/original/front/4329-1.jpg">ActivateWindow(10025,&quot;plugin://plugin.program.iarl/Emulator/Genesis_ZachMorris/Game/Davis+Cup+Tennis+%7E+Davis+Cup+World+Tour+%28USA%2C+Europe%29+%28July+1993%29?sf_options=desc%3D%26_options_sf&quot;,return)</favourite>
	<favourite name="Davis Cup Tennis ~ Davis Cup World Tour" thumb="http://thegamesdb.net/banners/boxart/original/front/4329-1.jpg">ActivateWindow(10025,&quot;plugin://plugin.program.iarl/Emulator/Genesis_ZachMorris/Game/Davis+Cup+Tennis+%7E+Davis+Cup+World+Tour+%28USA%2C+Europe%29+%28June+1993%29?sf_options=desc%3D%26_options_sf&quot;,return)</favourite>
	<favourite name="Droopy" thumb="http://thegamesdb.net/banners/boxart/original/front/25919-1.jpg">ActivateWindow(10025,&quot;plugin://plugin.program.iarl/Emulator/GBA_ZachMorris/Game/Droopy%27s+Tennis+Open+%28Europe%29+%28En%2CFr%2CDe%2CEs%2CIt%2CNl%29?sf_options=desc%3D%26_options_sf&quot;,return)</favourite>
	<favourite name="Droopy" thumb="http://thegamesdb.net/banners/boxart/original/front/25919-1.jpg">ActivateWindow(10025,&quot;plugin://plugin.program.iarl/Emulator/GBA_ZachMorris/Game/Droopy%27s+Tennis+Open+%28Europe%29+%28En%2CFr%2CDe%2CEs%2CIt%2CNl%29+%28Beta%29+%5Bb%5D?sf_options=desc%3D%26_options_sf&quot;,return)</favourite>
	<favourite name="Everybody" thumb="http://thegamesdb.net/banners/boxart/original/front/44651-1.jpg">ActivateWindow(10025,&quot;plugin://plugin.program.iarl/Emulator/PSP_N3RDFLIX/Game/Everybody%27s+Tennis+%28China%29?sf_options=desc%3D%26_options_sf&quot;,return)</favourite>
	<favourite name="Family Tennis" thumb="http://i.imgur.com/VR9Anr3.jpg">ActivateWindow(10025,&quot;plugin://plugin.program.iarl/Emulator/NES_ZachMorris/Game/Family+Tennis+%28Japan%29?sf_options=desc%3D%26_options_sf&quot;,return)</favourite>
	<favourite name="Family Tennis Advance" thumb="http://static.giantbomb.com/uploads/scale_large/0/112/701642-0477.jpg">ActivateWindow(10025,&quot;plugin://plugin.program.iarl/Emulator/GBA_ZachMorris/Game/Family+Tennis+Advance+%28Japan%29?sf_options=desc%3D%26_options_sf&quot;,return)</favourite>
	<favourite name="Final Match Tennis" thumb="http://thegamesdb.net/banners/boxart/original/front/33323-1.jpg">ActivateWindow(10025,&quot;plugin://plugin.program.iarl/Emulator/TG16_ZachMorris/Game/Final+Match+Tennis+%28Japan%29?sf_options=desc%3D%26_options_sf&quot;,return)</favourite>
	<favourite name="Four Players" thumb="http://i.imgur.com/KItDJFh.jpg">ActivateWindow(10025,&quot;plugin://plugin.program.iarl/Emulator/NES_ZachMorris/Game/Four+Players%27+Tennis+%28Europe%29?sf_options=desc%3D%26_options_sf&quot;,return)</favourite>
	<favourite name="GP Tennis Manager" thumb="https://archive.org/download/C64Games_201705/C64_Screenshots.zip/C64_Screenshots%2FGP%20Tennis%20Manager%20%28Italy%29_snapshot1.png">ActivateWindow(10025,&quot;plugin://plugin.program.iarl/Emulator/C64_ZachMorris/Game/GP+Tennis+Manager+%28Italy%29?sf_options=desc%3D%26_options_sf&quot;,return)</favourite>
	<favourite name="GrandSlam - The Tennis Tournament " thumb="http://static.giantbomb.com/uploads/scale_large/17/171819/2508313-grandslam-the-tennis-tournament-cover.jpg">ActivateWindow(10025,&quot;plugin://plugin.program.iarl/Emulator/Genesis_ZachMorris/Game/GrandSlam+-+The+Tennis+Tournament+%2792+%28Japan%29?sf_options=desc%3D%26_options_sf&quot;,return)</favourite>
	<favourite name="GrandSlam - The Tennis Tournament" thumb="http://thegamesdb.net/banners/boxart/original/front/4464-1.jpg">ActivateWindow(10025,&quot;plugin://plugin.program.iarl/Emulator/Genesis_ZachMorris/Game/GrandSlam+-+The+Tennis+Tournament+%28Europe%29?sf_options=desc%3D%26_options_sf&quot;,return)</favourite>
	<favourite name="Great Tennis" thumb="http://thegamesdb.net/banners/boxart/original/front/3045-1.jpg">ActivateWindow(10025,&quot;plugin://plugin.program.iarl/Emulator/Master_System_ZachMorris/Game/Great+Tennis+%28Japan%29?sf_options=desc%3D%26_options_sf&quot;,return)</favourite>
	<favourite name="Hard Hitter Tennis" thumb="http://thegamesdb.net/banners/boxart/original/front/13972-1.jpg">ActivateWindow(10025,&quot;plugin://plugin.program.iarl/Emulator/Sony_Playstation_2_N3RDFLIX/Game/Hard+Hitter+Tennis+%28USA%29?sf_options=desc%3D%26_options_sf&quot;,return)</favourite>
	<favourite name="Hot Shots Tennis" thumb="http://thegamesdb.net/banners/boxart/original/front/20352-1.jpg">ActivateWindow(10025,&quot;plugin://plugin.program.iarl/Emulator/Sony_Playstation_2_N3RDFLIX/Game/Hot+Shots+Tennis+%28USA%29?sf_options=desc%3D%26_options_sf&quot;,return)</favourite>
	<favourite name="Hot Shots Tennis" thumb="http://archive.org/download/Mame172arcdcmplt/flyers.zip/hstennis.png">ActivateWindow(10025,&quot;plugin://plugin.program.iarl/Emulator/MAME_ZachMorris/Game/Hot+Shots+Tennis+%28V1.1%29?sf_options=desc%3D%26_options_sf&quot;,return)</favourite>
	<favourite name="Hot Shots Tennis" thumb="http://archive.org/download/Mame172arcdcmplt/flyers.zip/hstennis.png">ActivateWindow(10025,&quot;plugin://plugin.program.iarl/Emulator/MAME_2014_ZachMorris/Game/Hot+Shots+Tennis+%28V1.1%29?sf_options=desc%3D%26_options_sf&quot;,return)</favourite>
	<favourite name="Hot Shots Tennis - Get a Grip" thumb="http://thegamesdb.net/banners/boxart/original/front/14601-1.jpg">ActivateWindow(10025,&quot;plugin://plugin.program.iarl/Emulator/PSP_N3RDFLIX/Game/Hot+Shots+Tennis+-+Get+a+Grip+%28USA%29?sf_options=desc%3D%26_options_sf&quot;,return)</favourite>
	<favourite name="I Play - 3D Tennis" thumb="http://www.mobygames.com/images/shots/l/289660-i-play-3d-tennis-dos-screenshot-title-screen-vga.jpg">ActivateWindow(10025,&quot;plugin://plugin.program.iarl/Emulator/IA_MSDOS_ZachMorris/Game/I+Play+-+3D+Tennis?sf_options=desc%3D%26_options_sf&quot;,return)</favourite>
	<favourite name="I Play - 3D Tennis" thumb="https://archive.org/download/C64Games_201705/C64_Screenshots.zip/C64_Screenshots%2FI%20Play%20-%203D%20Tennis%20%28Italy%29_snapshot1.png">ActivateWindow(10025,&quot;plugin://plugin.program.iarl/Emulator/C64_ZachMorris/Game/I+Play+-+3D+Tennis+%28Italy%29?sf_options=desc%3D%26_options_sf&quot;,return)</favourite>
	<favourite name="IMG International Tour Tennis" thumb="http://thegamesdb.net/banners/boxart/original/front/4454-1.jpg">ActivateWindow(10025,&quot;plugin://plugin.program.iarl/Emulator/Genesis_ZachMorris/Game/IMG+International+Tour+Tennis+%28USA%2C+Europe%29?sf_options=desc%3D%26_options_sf&quot;,return)</favourite>
	<favourite name="International 3D Tennis" thumb="https://archive.org/download/C64Games_201705/C64_Artwork.zip/Commodore%2064%20Artwork%2FInternational%203D%20Tennis%20%28Europe%29%2FCover%20%28GBH%29-International_3D_Tennis_%28GBH%29.jpg">ActivateWindow(10025,&quot;plugin://plugin.program.iarl/Emulator/C64_ZachMorris/Game/International+3D+Tennis+%28Europe%29?sf_options=desc%3D%26_options_sf&quot;,return)</favourite>
	<favourite name="International Tennis" thumb="http://www.mobygames.com/images/shots/l/549070-the-abbey-dos-screenshot-title-screen.jpg">ActivateWindow(10025,&quot;plugin://plugin.program.iarl/Emulator/IA_MSDOS_ZachMorris/Game/International+Tennis?sf_options=desc%3D%26_options_sf&quot;,return)</favourite>
	<favourite name="International Tennis" thumb="https://archive.org/download/C64Games_201705/C64_Artwork.zip/Commodore%2064%20Artwork%2FInternational%20Tennis%20%28Zeppelin%20Games%29%20%28Europe%29%2FCover-International_Tennis_%28Zeppelin%29.jpg">ActivateWindow(10025,&quot;plugin://plugin.program.iarl/Emulator/C64_ZachMorris/Game/International+Tennis+%28Zeppelin+Games%29+%28Europe%29?sf_options=desc%3D%26_options_sf&quot;,return)</favourite>
	<favourite name="International Tennis Open" thumb="http://www.mobygames.com/images/covers/l/8084-international-tennis-open-dos-front-cover.jpg">ActivateWindow(10025,&quot;plugin://plugin.program.iarl/Emulator/IA_MSDOS_ZachMorris/Game/International+Tennis+Open?sf_options=desc%3D%26_options_sf&quot;,return)</favourite>
	<favourite name="International Tennis Tour" thumb="http://i.imgur.com/KSYi6Nn.jpg">ActivateWindow(10025,&quot;plugin://plugin.program.iarl/Emulator/SNES_ZachMorris/Game/International+Tennis+Tour+%28USA%29?sf_options=desc%3D%26_options_sf&quot;,return)</favourite>
	<favourite name="Jimmy Connors Pro Tennis Tour" thumb="http://www.mobygames.com/images/covers/l/45622-jimmy-connors-pro-tennis-tour-dos-front-cover.jpg">ActivateWindow(10025,&quot;plugin://plugin.program.iarl/Emulator/IA_MSDOS_ZachMorris/Game/Jimmy+Connors+Pro+Tennis+Tour?sf_options=desc%3D%26_options_sf&quot;,return)</favourite>
	<favourite name="Jimmy Connors Pro Tennis Tour" thumb="http://i.imgur.com/XaWnaMB.jpg">ActivateWindow(10025,&quot;plugin://plugin.program.iarl/Emulator/SNES_ZachMorris/Game/Jimmy+Connors+Pro+Tennis+Tour+%28USA%29?sf_options=desc%3D%26_options_sf&quot;,return)</favourite>
	<favourite name="Jimmy Connors Tennis" thumb="http://i.imgur.com/3Vw3Psa.png">ActivateWindow(10025,&quot;plugin://plugin.program.iarl/Emulator/NES_ZachMorris/Game/Jimmy+Connors+Tennis+%28USA%29?sf_options=desc%3D%26_options_sf&quot;,return)</favourite>
	<favourite name="Jimmy Connors Tennis" thumb="http://static.giantbomb.com/uploads/scale_large/1/10831/508292-587368_39614_front.jpg">ActivateWindow(10025,&quot;plugin://plugin.program.iarl/Emulator/GB_Classic_ZachMorris/Game/Jimmy+Connors+Tennis+%28USA%2C+Europe%29?sf_options=desc%3D%26_options_sf&quot;,return)</favourite>
	<favourite name="Jimmy Connors no Pro Tennis Tour" thumb="http://thegamesdb.net/banners/boxart/original/front/20476-1.png">ActivateWindow(10025,&quot;plugin://plugin.program.iarl/Emulator/GB_Classic_ZachMorris/Game/Jimmy+Connors+no+Pro+Tennis+Tour+%28Japan%29?sf_options=desc%3D%26_options_sf&quot;,return)</favourite>
	<favourite name="Mario Power Tennis" thumb="http://thegamesdb.net/banners/boxart/original/front/7522-1.jpg">ActivateWindow(10025,&quot;plugin://plugin.program.iarl/Emulator/GBA_ZachMorris/Game/Mario+Power+Tennis+%28Europe%29+%28En%2CFr%2CDe%2CEs%2CIt%29?sf_options=desc%3D%26_options_sf&quot;,return)</favourite>
	<favourite name="Mario Power Tennis" thumb="http://thegamesdb.net/banners/boxart/original/front/2522-2.jpg">ActivateWindow(10025,&quot;plugin://plugin.program.iarl/Emulator/Nintendo_Gamecube_N3RDFLIX/Game/Mario+Power+Tennis+%28U%29%28LaKiTu%29?sf_options=desc%3D%26_options_sf&quot;,return)</favourite>
	<favourite name="Mario Tennis" thumb="http://thegamesdb.net/banners/boxart/original/front/8629-1.jpg">ActivateWindow(10025,&quot;plugin://plugin.program.iarl/Emulator/GBC_ZachMorris/Game/Mario+Tennis+%28USA%29?sf_options=desc%3D%26_options_sf&quot;,return)</favourite>
	<favourite name="Mario Tennis" thumb="http://static.giantbomb.com/uploads/scale_large/8/87790/2160627-box_mt.png">ActivateWindow(10025,&quot;plugin://plugin.program.iarl/Emulator/N64_ZachMorris/Game/Mario+Tennis+%28USA%29?sf_options=desc%3D%26_options_sf&quot;,return)</favourite>
	<favourite name="Mario Tennis - Power Tour" thumb="http://static.giantbomb.com/uploads/scale_large/8/87790/2160630-box_mtpt.png">ActivateWindow(10025,&quot;plugin://plugin.program.iarl/Emulator/GBA_ZachMorris/Game/Mario+Tennis+-+Power+Tour+%28USA%2C+Australia%29+%28En%2CFr%2CDe%2CEs%2CIt%29?sf_options=desc%3D%26_options_sf&quot;,return)</favourite>
	<favourite name="Mario Tennis Advance" thumb="http://static.giantbomb.com/uploads/scale_large/8/87790/2160630-box_mtpt.png">ActivateWindow(10025,&quot;plugin://plugin.program.iarl/Emulator/GBA_ZachMorris/Game/Mario+Tennis+Advance+%28Japan%29?sf_options=desc%3D%26_options_sf&quot;,return)</favourite>
	<favourite name="Mario Tennis GB" thumb="http://static.giantbomb.com/uploads/scale_large/8/87790/2160628-box_mtgbc.png">ActivateWindow(10025,&quot;plugin://plugin.program.iarl/Emulator/GBC_ZachMorris/Game/Mario+Tennis+GB+%28Japan%29?sf_options=desc%3D%26_options_sf&quot;,return)</favourite>
	<favourite name="Moero!! Pro Tennis" thumb="http://i.imgur.com/sSQHBD9.jpg">ActivateWindow(10025,&quot;plugin://plugin.program.iarl/Emulator/NES_ZachMorris/Game/Moero%21%21+Pro+Tennis+%28Japan%29?sf_options=desc%3D%26_options_sf&quot;,return)</favourite>
	<favourite name="Next Generation Tennis" thumb="http://thegamesdb.net/banners/boxart/original/front/26057-1.jpg">ActivateWindow(10025,&quot;plugin://plugin.program.iarl/Emulator/GBA_ZachMorris/Game/Next+Generation+Tennis+%28Europe%29+%28En%2CFr%2CDe%2CEs%2CIt%2CPt%29?sf_options=desc%3D%26_options_sf&quot;,return)</favourite>
	<favourite name="On Court Tennis" thumb="https://archive.org/download/C64Games_201705/C64_Artwork.zip/Commodore%2064%20Artwork%2FOn%20Court%20Tennis%20%28USA%29%2FCover%20%28Double%20Pack%29-Star_Rank_Boxing_-_On_Court_Tennis.jpg">ActivateWindow(10025,&quot;plugin://plugin.program.iarl/Emulator/C64_ZachMorris/Game/On+Court+Tennis+%28USA%29?sf_options=desc%3D%26_options_sf&quot;,return)</favourite>
	<favourite name="Outlaw Tennis" thumb="http://thegamesdb.net/banners/boxart/original/front/9769-1.jpg">ActivateWindow(10025,&quot;plugin://plugin.program.iarl/Emulator/Sony_Playstation_2_N3RDFLIX/Game/Outlaw+Tennis+%28USA%29?sf_options=desc%3D%26_options_sf&quot;,return)</favourite>
	<favourite name="Pete Sampras Tennis" thumb="http://thegamesdb.net/banners/boxart/original/front/25166-1.jpg">ActivateWindow(10025,&quot;plugin://plugin.program.iarl/Emulator/Game_Gear_ZachMorris/Game/Pete+Sampras+Tennis+%28Europe%29?sf_options=desc%3D%26_options_sf&quot;,return)</favourite>
	<favourite name="Pocket Tennis Color - Pocket Sports Series" thumb="http://static.giantbomb.com/uploads/scale_large/0/9129/268293-198304_58214_front.jpg">ActivateWindow(10025,&quot;plugin://plugin.program.iarl/Emulator/NGPC_ZachMorris/Game/Pocket+Tennis+Color+-+Pocket+Sports+Series+%28World%29+%28En%2CJa%29?sf_options=desc%3D%26_options_sf&quot;,return)</favourite>
	<favourite name="Power Tennis" thumb="http://thegamesdb.net/banners/boxart/original/front/18445-1.jpg">ActivateWindow(10025,&quot;plugin://plugin.program.iarl/Emulator/TG16_ZachMorris/Game/Power+Tennis+%28Japan%29?sf_options=desc%3D%26_options_sf&quot;,return)</favourite>
	<favourite name="Powerplay Tennis" thumb="http://thegamesdb.net/banners/boxart/original/front/47407-1.jpg">ActivateWindow(10025,&quot;plugin://plugin.program.iarl/Emulator/NINTENDO_DS_N3RDFLIX/Game/Powerplay+Tennis+%28USA%29?sf_options=desc%3D%26_options_sf&quot;,return)</favourite>
	<favourite name="Pro Sports - Bowling, Tennis, and Golf" thumb="http://archive.org/download/Mame172arcdcmplt/snap.zip/prosport.png">ActivateWindow(10025,&quot;plugin://plugin.program.iarl/Emulator/MAME_ZachMorris/Game/Pro+Sports+-+Bowling%2C+Tennis%2C+and+Golf?sf_options=desc%3D%26_options_sf&quot;,return)</favourite>
	<favourite name="Pro Sports - Bowling, Tennis, and Golf" thumb="http://archive.org/download/Mame172arcdcmplt/snap.zip/prosport.png">ActivateWindow(10025,&quot;plugin://plugin.program.iarl/Emulator/MAME_2014_ZachMorris/Game/Pro+Sports+-+Bowling%2C+Tennis%2C+and+Golf+%28set+1%29?sf_options=desc%3D%26_options_sf&quot;,return)</favourite>
	<favourite name="Pro Tennis" thumb="http://archive.org/download/Mame172arcdcmplt/flyers.zip/cptennis.png">ActivateWindow(10025,&quot;plugin://plugin.program.iarl/Emulator/MAME_2014_ZachMorris/Game/Pro+Tennis+%28DECO+Cassette%29?sf_options=desc%3D%26_options_sf&quot;,return)</favourite>
	<favourite name="Pro Tennis" thumb="http://archive.org/download/Mame172arcdcmplt/flyers.zip/cptennis.png">ActivateWindow(10025,&quot;plugin://plugin.program.iarl/Emulator/MAME_ZachMorris/Game/Pro+Tennis+%28DECO+Cassette%29+%28US%29?sf_options=desc%3D%26_options_sf&quot;,return)</favourite>
	<favourite name="Pro Tennis Simulator" thumb="https://archive.org/download/C64Games_201705/C64_Artwork.zip/Commodore%2064%20Artwork%2FPro%20Tennis%20Simulator%20%28Europe%29%2F%5B1.Front%5D%20Front1.jpg">ActivateWindow(10025,&quot;plugin://plugin.program.iarl/Emulator/C64_ZachMorris/Game/Pro+Tennis+Simulator+%28Europe%29?sf_options=desc%3D%26_options_sf&quot;,return)</favourite>
	<favourite name="Pro Tennis Tour" thumb="https://archive.org/download/C64Games_201705/C64_Artwork.zip/Commodore%2064%20Artwork%2FPro%20Tennis%20Tour%20%28France%29%2FCover%20%28Hit%20Squad%29-Pro_Tennis_Tour_%28Hit_Squad%29.jpg">ActivateWindow(10025,&quot;plugin://plugin.program.iarl/Emulator/C64_ZachMorris/Game/Pro+Tennis+Tour+%28France%29?sf_options=desc%3D%26_options_sf&quot;,return)</favourite>
	<favourite name="Pro Tennis WTA Tour" thumb="http://thegamesdb.net/banners/boxart/original/front/4141-1.jpg">ActivateWindow(10025,&quot;plugin://plugin.program.iarl/Emulator/GBA_ZachMorris/Game/Pro+Tennis+WTA+Tour+%28Europe%29?sf_options=desc%3D%26_options_sf&quot;,return)</favourite>
	<favourite name="Pro Tennis World Court" thumb="http://thegamesdb.net/banners/boxart/original/front/8246-1.jpg">ActivateWindow(10025,&quot;plugin://plugin.program.iarl/Emulator/TG16_ZachMorris/Game/Pro+Tennis+World+Court+%28Japan%29?sf_options=desc%3D%26_options_sf&quot;,return)</favourite>
	<favourite name="Professional Tennis Simulator" thumb="http://www.mobygames.com/images/shots/l/168926-professional-tennis-simulator-dos-screenshot-main-menu.jpg">ActivateWindow(10025,&quot;plugin://plugin.program.iarl/Emulator/IA_MSDOS_ZachMorris/Game/Professional+Tennis+Simulator?sf_options=desc%3D%26_options_sf&quot;,return)</favourite>
	<favourite name="Rad Racket - Deluxe Tennis II" thumb="http://i.imgur.com/8FdDcMS.png">ActivateWindow(10025,&quot;plugin://plugin.program.iarl/Emulator/NES_ZachMorris/Game/Rad+Racket+-+Deluxe+Tennis+II+%28USA%29+%28Unl%29?sf_options=desc%3D%26_options_sf&quot;,return)</favourite>
	<favourite name="Rafa Nadal Tennis" thumb="http://thegamesdb.net/banners/boxart/original/front/43485-1.jpg">ActivateWindow(10025,&quot;plugin://plugin.program.iarl/Emulator/NINTENDO_DS_N3RDFLIX/Game/Rafa+Nadal+Tennis+%28USA%29?sf_options=desc%3D%26_options_sf&quot;,return)</favourite>
	<favourite name="RealSports Tennis" thumb="http://thegamesdb.net/banners/boxart/original/front/5207-1.jpg">ActivateWindow(10025,&quot;plugin://plugin.program.iarl/Emulator/Atari_5200_ZachMorris/Game/RealSports+Tennis?sf_options=desc%3D%26_options_sf&quot;,return)</favourite>
	<favourite name="Reality Tennis" thumb="http://archive.org/download/Mame172arcdcmplt/snap.zip/rltennis.png">ActivateWindow(10025,&quot;plugin://plugin.program.iarl/Emulator/MAME_ZachMorris/Game/Reality+Tennis?sf_options=desc%3D%26_options_sf&quot;,return)</favourite>
	<favourite name="SEGA Superstars Tennis" thumb="http://thegamesdb.net/banners/boxart/original/front/9607-1.jpg">ActivateWindow(10025,&quot;plugin://plugin.program.iarl/Emulator/NINTENDO_DS_N3RDFLIX/Game/SEGA+Superstars+Tennis+%28USA%29?sf_options=desc%3D%26_options_sf&quot;,return)</favourite>
	<favourite name="Sampras Tennis 96" thumb="http://thegamesdb.net/banners/boxart/original/front/18746-1.jpg">ActivateWindow(10025,&quot;plugin://plugin.program.iarl/Emulator/Genesis_ZachMorris/Game/Sampras+Tennis+96+%28Europe%29+%28J-Cart%29?sf_options=desc%3D%26_options_sf&quot;,return)</favourite>
	<favourite name="Smash Court Tennis - Pro Tournament" thumb="http://thegamesdb.net/banners/boxart/original/front/9816-1.jpg">ActivateWindow(10025,&quot;plugin://plugin.program.iarl/Emulator/Sony_Playstation_2_N3RDFLIX/Game/Smash+Court+Tennis+-+Pro+Tournament+%28USA%29?sf_options=desc%3D%26_options_sf&quot;,return)</favourite>
	<favourite name="Smash Court Tennis 3" thumb="http://thegamesdb.net/banners/boxart/original/front/35318-1.jpg">ActivateWindow(10025,&quot;plugin://plugin.program.iarl/Emulator/PSP_N3RDFLIX/Game/Smash+Court+Tennis+3+%28USA%29?sf_options=desc%3D%26_options_sf&quot;,return)</favourite>
	<favourite name="Smash Tennis" thumb="http://i.imgur.com/pnwNcv3.jpg">ActivateWindow(10025,&quot;plugin://plugin.program.iarl/Emulator/SNES_ZachMorris/Game/Smash+Tennis+%28Europe%29?sf_options=desc%3D%26_options_sf&quot;,return)</favourite>
	<favourite name="Super Doubles Tennis" thumb="http://archive.org/download/Mame172arcdcmplt/snap.zip/sdtennis.png">ActivateWindow(10025,&quot;plugin://plugin.program.iarl/Emulator/MAME_ZachMorris/Game/Super+Doubles+Tennis?sf_options=desc%3D%26_options_sf&quot;,return)</favourite>
	<favourite name="Super Doubles Tennis" thumb="http://archive.org/download/Mame172arcdcmplt/snap.zip/sdtennis.png">ActivateWindow(10025,&quot;plugin://plugin.program.iarl/Emulator/MAME_2014_ZachMorris/Game/Super+Doubles+Tennis?sf_options=desc%3D%26_options_sf&quot;,return)</favourite>
	<favourite name="Super Doubles Tennis" thumb="http://archive.org/download/Mame172arcdcmplt/flyers.zip/csdtenis.png">ActivateWindow(10025,&quot;plugin://plugin.program.iarl/Emulator/MAME_ZachMorris/Game/Super+Doubles+Tennis+%28DECO+Cassette%29+%28Japan%29?sf_options=desc%3D%26_options_sf&quot;,return)</favourite>
	<favourite name="Super Family Tennis" thumb="http://i.imgur.com/bjPWvHN.jpg">ActivateWindow(10025,&quot;plugin://plugin.program.iarl/Emulator/SNES_ZachMorris/Game/Super+Family+Tennis+%28Japan%29?sf_options=desc%3D%26_options_sf&quot;,return)</favourite>
	<favourite name="Super Final Match Tennis" thumb="http://i.imgur.com/W8rfnt4.jpg">ActivateWindow(10025,&quot;plugin://plugin.program.iarl/Emulator/SNES_ZachMorris/Game/Super+Final+Match+Tennis+%28Japan%29?sf_options=desc%3D%26_options_sf&quot;,return)</favourite>
	<favourite name="Super Pocket Tennis" thumb="http://thegamesdb.net/banners/boxart/original/front/20093-1.jpg">ActivateWindow(10025,&quot;plugin://plugin.program.iarl/Emulator/PSP_N3RDFLIX/Game/Super+Pocket+Tennis+%28E%29%28pSyPSP%29?sf_options=desc%3D%26_options_sf&quot;,return)</favourite>
	<favourite name="Super Tennis" thumb="http://static.giantbomb.com/uploads/scale_large/1/13692/1365702-b5kall6t.png">ActivateWindow(10025,&quot;plugin://plugin.program.iarl/Emulator/Atari_2600_ZachMorris/Game/Super+Tennis+%28CCE%29?sf_options=desc%3D%26_options_sf&quot;,return)</favourite>
	<favourite name="Super Tennis" thumb="http://archive.org/download/Mame172arcdcmplt/cabinets.zip/nss.png">ActivateWindow(10025,&quot;plugin://plugin.program.iarl/Emulator/MAME_2014_ZachMorris/Game/Super+Tennis+%28Nintendo+Super+System%29?sf_options=desc%3D%26_options_sf&quot;,return)</favourite>
	<favourite name="Super Tennis" thumb="http://archive.org/download/Mame172arcdcmplt/cabinets.zip/nss.png">ActivateWindow(10025,&quot;plugin://plugin.program.iarl/Emulator/MAME_ZachMorris/Game/Super+Tennis+%28Nintendo+Super+System%29?sf_options=desc%3D%26_options_sf&quot;,return)</favourite>
	<favourite name="Super Tennis" thumb="http://i.imgur.com/SeMycpq.jpg">ActivateWindow(10025,&quot;plugin://plugin.program.iarl/Emulator/SNES_ZachMorris/Game/Super+Tennis+%28USA%29?sf_options=desc%3D%26_options_sf&quot;,return)</favourite>
	<favourite name="Super Tennis" thumb="http://thegamesdb.net/banners/boxart/original/front/3045-1.jpg">ActivateWindow(10025,&quot;plugin://plugin.program.iarl/Emulator/Master_System_ZachMorris/Game/Super+Tennis+%28USA%2C+Europe%29?sf_options=desc%3D%26_options_sf&quot;,return)</favourite>
	<favourite name="Super Tennis - World Circuit" thumb="http://i.imgur.com/cNmYt1m.jpg">ActivateWindow(10025,&quot;plugin://plugin.program.iarl/Emulator/SNES_ZachMorris/Game/Super+Tennis+-+World+Circuit+%28Japan%29?sf_options=desc%3D%26_options_sf&quot;,return)</favourite>
	<favourite name="Table Tennis" thumb="https://archive.org/download/C64Games_201705/C64_Artwork.zip/Commodore%2064%20Artwork%2FTable%20Tennis%20%28Europe%29%2FCover-Table_Tennis.jpg">ActivateWindow(10025,&quot;plugin://plugin.program.iarl/Emulator/C64_ZachMorris/Game/Table+Tennis+%28Europe%29?sf_options=desc%3D%26_options_sf&quot;,return)</favourite>
	<favourite name="Table Tennis Champions" thumb="http://archive.org/download/Mame172arcdcmplt/snap.zip/ttchamp.png">ActivateWindow(10025,&quot;plugin://plugin.program.iarl/Emulator/MAME_ZachMorris/Game/Table+Tennis+Champions?sf_options=desc%3D%26_options_sf&quot;,return)</favourite>
	<favourite name="Tennis" thumb="">ActivateWindow(10025,&quot;plugin://plugin.program.iarl/Emulator/Atari_800_ZachMorris/Game/Tennis?sf_options=desc%3D%26_options_sf&quot;,return)</favourite>
	<favourite name="Tennis" thumb="http://thegamesdb.net/banners/boxart/original/front/4097-1.jpg">ActivateWindow(10025,&quot;plugin://plugin.program.iarl/Emulator/Intellivision_ZachMorris/Game/Tennis?sf_options=desc%3D%26_options_sf&quot;,return)</favourite>
	<favourite name="Tennis" thumb="http://i.imgur.com/kS7iEVA.jpg">ActivateWindow(10025,&quot;plugin://plugin.program.iarl/Emulator/NES_ZachMorris/Game/Tennis+%28Japan%2C+USA%29?sf_options=desc%3D%26_options_sf&quot;,return)</favourite>
	<favourite name="Tennis" thumb="http://archive.org/download/Mame172arcdcmplt/cabinets.zip/pc_tenis.png">ActivateWindow(10025,&quot;plugin://plugin.program.iarl/Emulator/MAME_2014_ZachMorris/Game/Tennis+%28PlayChoice-10%29?sf_options=desc%3D%26_options_sf&quot;,return)</favourite>
	<favourite name="Tennis" thumb="http://archive.org/download/Mame172arcdcmplt/cabinets.zip/pc_tenis.png">ActivateWindow(10025,&quot;plugin://plugin.program.iarl/Emulator/MAME_ZachMorris/Game/Tennis+%28PlayChoice-10%29?sf_options=desc%3D%26_options_sf&quot;,return)</favourite>
	<favourite name="Tennis" thumb="http://thegamesdb.net/banners/boxart/original/front/9441-1.jpg">ActivateWindow(10025,&quot;plugin://plugin.program.iarl/Emulator/PS1_ZachMorris/Game/Tennis+%28USA%29?sf_options=desc%3D%26_options_sf&quot;,return)</favourite>
	<favourite name="Tennis" thumb="http://thegamesdb.net/banners/boxart/original/front/19845-1.jpg">ActivateWindow(10025,&quot;plugin://plugin.program.iarl/Emulator/GB_Classic_ZachMorris/Game/Tennis+%28World%29?sf_options=desc%3D%26_options_sf&quot;,return)</favourite>
	<favourite name="Tennis" thumb="http://archive.org/download/Mame172arcdcmplt/snap.zip/protennb.png">ActivateWindow(10025,&quot;plugin://plugin.program.iarl/Emulator/MAME_ZachMorris/Game/Tennis+%28bootleg+of+Pro+Tennis%29?sf_options=desc%3D%26_options_sf&quot;,return)</favourite>
	<favourite name="Tennis - Le Tennis" thumb="http://thegamesdb.net/banners/boxart/original/front/22202-1.jpg">ActivateWindow(10025,&quot;plugin://plugin.program.iarl/Emulator/Atari_2600_ZachMorris/Game/Tennis+-+Le+Tennis?sf_options=desc%3D%26_options_sf&quot;,return)</favourite>
	<favourite name="Tennis 2K2" thumb="http://thegamesdb.net/banners/boxart/original/front/11078-1.jpg">ActivateWindow(10025,&quot;plugin://plugin.program.iarl/Emulator/Sega_Dreamcast_ZachMorris/Game/Tennis+2K2+%28USA%29+%28En%2CJa%2CFr%2CDe%2CEs%29+%28Rev+A%29?sf_options=desc%3D%26_options_sf&quot;,return)</favourite>
	<favourite name="Tennis Ace" thumb="http://thegamesdb.net/banners/boxart/original/front/3053-1.jpg">ActivateWindow(10025,&quot;plugin://plugin.program.iarl/Emulator/Master_System_ZachMorris/Game/Tennis+Ace+%28Europe%29?sf_options=desc%3D%26_options_sf&quot;,return)</favourite>
	<favourite name="Tennis Arena" thumb="http://thegamesdb.net/banners/boxart/original/front/13552-1.jpg">ActivateWindow(10025,&quot;plugin://plugin.program.iarl/Emulator/PS1_ZachMorris/Game/Tennis+Arena+%28USA%29?sf_options=desc%3D%26_options_sf&quot;,return)</favourite>
	<favourite name="Tennis Cup" thumb="">ActivateWindow(10025,&quot;plugin://plugin.program.iarl/Emulator/IA_MSDOS_ZachMorris/Game/Tennis+Cup?sf_options=desc%3D%26_options_sf&quot;,return)</favourite>
	<favourite name="Tennis Cup 2" thumb="http://www.mobygames.com/images/shots/l/506014-tennis-cup-2-dos-screenshot-configuration-options.jpg">ActivateWindow(10025,&quot;plugin://plugin.program.iarl/Emulator/IA_MSDOS_ZachMorris/Game/Tennis+Cup+2?sf_options=desc%3D%26_options_sf&quot;,return)</favourite>
	<favourite name="Tennis Elbow" thumb="http://www.mobygames.com/images/covers/l/239617-tennis-elbow-dos-front-cover.jpg">ActivateWindow(10025,&quot;plugin://plugin.program.iarl/Emulator/IA_MSDOS_ZachMorris/Game/Tennis+Elbow?sf_options=desc%3D%26_options_sf&quot;,return)</favourite>
	<favourite name="Tennis Masters Series 2003" thumb="http://thegamesdb.net/banners/boxart/original/front/11616-1.jpg">ActivateWindow(10025,&quot;plugin://plugin.program.iarl/Emulator/GBA_ZachMorris/Game/Tennis+Masters+Series+2003+%28Europe%29+%28En%2CFr%2CDe%2CEs%2CIt%2CPt%29?sf_options=desc%3D%26_options_sf&quot;,return)</favourite>
	<favourite name="Tennis no Ouji-sama - Aim at the Victory!" thumb="http://img.gamefaqs.net/box/4/3/1/316431_front.jpg">ActivateWindow(10025,&quot;plugin://plugin.program.iarl/Emulator/GBA_ZachMorris/Game/Tennis+no+Ouji-sama+-+Aim+at+the+Victory%21+%28Japan%29?sf_options=desc%3D%26_options_sf&quot;,return)</favourite>
	<favourite name="Tennis no Ouji-sama - Genius Boys Academy" thumb="http://img.gamefaqs.net/box/1/8/0/29180_front.jpg">ActivateWindow(10025,&quot;plugin://plugin.program.iarl/Emulator/GBA_ZachMorris/Game/Tennis+no+Ouji-sama+-+Genius+Boys+Academy+%28Japan%29?sf_options=desc%3D%26_options_sf&quot;,return)</favourite>
	<favourite name="Tennis no Ouji-sama 2003 - Cool Blue" thumb="http://img.gamefaqs.net/box/4/3/0/313430_front.jpg">ActivateWindow(10025,&quot;plugin://plugin.program.iarl/Emulator/GBA_ZachMorris/Game/Tennis+no+Ouji-sama+2003+-+Cool+Blue+%28Japan%29?sf_options=desc%3D%26_options_sf&quot;,return)</favourite>
	<favourite name="Tennis no Ouji-sama 2003 - Passion Red" thumb="http://img.gamefaqs.net/box/4/3/0/313430_front.jpg">ActivateWindow(10025,&quot;plugin://plugin.program.iarl/Emulator/GBA_ZachMorris/Game/Tennis+no+Ouji-sama+2003+-+Passion+Red+%28Japan%29?sf_options=desc%3D%26_options_sf&quot;,return)</favourite>
	<favourite name="Tennis no Ouji-sama 2004 - Glorious Gold" thumb="http://img.gamefaqs.net/box/9/0/9/310909_front.jpg">ActivateWindow(10025,&quot;plugin://plugin.program.iarl/Emulator/GBA_ZachMorris/Game/Tennis+no+Ouji-sama+2004+-+Glorious+Gold+%28Japan%29?sf_options=desc%3D%26_options_sf&quot;,return)</favourite>
	<favourite name="Tennis no Ouji-sama 2004 - Stylish Silver" thumb="http://img.gamefaqs.net/box/0/2/5/311025_front.jpg">ActivateWindow(10025,&quot;plugin://plugin.program.iarl/Emulator/GBA_ZachMorris/Game/Tennis+no+Ouji-sama+2004+-+Stylish+Silver+%28Japan%29?sf_options=desc%3D%26_options_sf&quot;,return)</favourite>
	<favourite name="Top Rank Tennis" thumb="http://thegamesdb.net/banners/boxart/original/front/21789-1.jpg">ActivateWindow(10025,&quot;plugin://plugin.program.iarl/Emulator/GB_Classic_ZachMorris/Game/Top+Rank+Tennis+%28USA%29?sf_options=desc%3D%26_options_sf&quot;,return)</favourite>
	<favourite name="Top Ranking Tennis" thumb="http://static.giantbomb.com/uploads/scale_large/10/103881/2183828-cover.jpg">ActivateWindow(10025,&quot;plugin://plugin.program.iarl/Emulator/GB_Classic_ZachMorris/Game/Top+Ranking+Tennis+%28Europe%29?sf_options=desc%3D%26_options_sf&quot;,return)</favourite>
	<favourite name="Tournament Tennis" thumb="http://www.mobygames.com/images/shots/l/687377-tournament-tennis-dos-screenshot-main-menu-cga.jpg">ActivateWindow(10025,&quot;plugin://plugin.program.iarl/Emulator/IA_MSDOS_ZachMorris/Game/Tournament+Tennis?sf_options=desc%3D%26_options_sf&quot;,return)</favourite>
	<favourite name="Ultimate Tennis" thumb="http://archive.org/download/Mame172arcdcmplt/flyers.zip/ultennis.png">ActivateWindow(10025,&quot;plugin://plugin.program.iarl/Emulator/MAME_AKNF_Full/Game/Ultimate+Tennis?sf_options=desc%3D%26_options_sf&quot;,return)</favourite>
	<favourite name="Ultimate Tennis" thumb="http://archive.org/download/Mame172arcdcmplt/flyers.zip/ultennis.png">ActivateWindow(10025,&quot;plugin://plugin.program.iarl/Emulator/MAME_ZachMorris/Game/Ultimate+Tennis?sf_options=desc%3D%26_options_sf&quot;,return)</favourite>
	<favourite name="Ultimate Tennis" thumb="http://archive.org/download/Mame172arcdcmplt/flyers.zip/ultennis.png">ActivateWindow(10025,&quot;plugin://plugin.program.iarl/Emulator/MAME_2014_ZachMorris/Game/Ultimate+Tennis?sf_options=desc%3D%26_options_sf&quot;,return)</favourite>
	<favourite name="V-Tennis" thumb="http://thegamesdb.net/banners/boxart/original/front/12150-1.jpg">ActivateWindow(10025,&quot;plugin://plugin.program.iarl/Emulator/PS1_ZachMorris/Game/V-Tennis+%28USA%29?sf_options=desc%3D%26_options_sf&quot;,return)</favourite>
	<favourite name="Vs. Tennis" thumb="http://archive.org/download/Mame172arcdcmplt/artpreview.zip/vstennis.png">ActivateWindow(10025,&quot;plugin://plugin.program.iarl/Emulator/MAME_ZachMorris/Game/Vs.+Tennis+%28Japan%2FUSA%2C+set+TE+A-3%29?sf_options=desc%3D%26_options_sf&quot;,return)</favourite>
	<favourite name="Vs. Tennis" thumb="http://archive.org/download/Mame172arcdcmplt/artpreview.zip/vstennis.png">ActivateWindow(10025,&quot;plugin://plugin.program.iarl/Emulator/MAME_2014_ZachMorris/Game/Vs.+Tennis+%28Japan%2FUSA%2C+set+TE+A-3%29?sf_options=desc%3D%26_options_sf&quot;,return)</favourite>
	<favourite name="WTA Tour Tennis" thumb="http://thegamesdb.net/banners/boxart/original/front/35693-1.jpg">ActivateWindow(10025,&quot;plugin://plugin.program.iarl/Emulator/Nintendo_Gamecube_N3RDFLIX/Game/WTA+Tour+Tennis?sf_options=desc%3D%26_options_sf&quot;,return)</favourite>
	<favourite name="WTA Tour Tennis" thumb="http://thegamesdb.net/banners/boxart/original/front/30937-1.jpg">ActivateWindow(10025,&quot;plugin://plugin.program.iarl/Emulator/Nintendo_Gamecube_N3RDFLIX/Game/WTA+Tour+Tennis+%28U%29%28OneUp%29?sf_options=desc%3D%26_options_sf&quot;,return)</favourite>
	<favourite name="WTA Tour Tennis" thumb="http://thegamesdb.net/banners/boxart/original/front/4141-1.jpg">ActivateWindow(10025,&quot;plugin://plugin.program.iarl/Emulator/GBA_ZachMorris/Game/WTA+Tour+Tennis+%28USA%29?sf_options=desc%3D%26_options_sf&quot;,return)</favourite>
	<favourite name="WTA Tour Tennis Pocket" thumb="http://thegamesdb.net/banners/boxart/original/front/4141-1.jpg">ActivateWindow(10025,&quot;plugin://plugin.program.iarl/Emulator/GBA_ZachMorris/Game/WTA+Tour+Tennis+Pocket+%28Japan%29?sf_options=desc%3D%26_options_sf&quot;,return)</favourite>
	<favourite name="World Court Tennis" thumb="http://thegamesdb.net/banners/boxart/original/front/8246-1.jpg">ActivateWindow(10025,&quot;plugin://plugin.program.iarl/Emulator/TG16_ZachMorris/Game/World+Court+Tennis+%28USA%29?sf_options=desc%3D%26_options_sf&quot;,return)</favourite>
	<favourite name="World Super Tennis" thumb="http://i.imgur.com/krv8CxR.jpg">ActivateWindow(10025,&quot;plugin://plugin.program.iarl/Emulator/NES_ZachMorris/Game/World+Super+Tennis+%28Japan%29?sf_options=desc%3D%26_options_sf&quot;,return)</favourite>
	<favourite name="World Tennis" thumb="http://archive.org/download/Mame172arcdcmplt/snap.zip/wtennis.png">ActivateWindow(10025,&quot;plugin://plugin.program.iarl/Emulator/MAME_ZachMorris/Game/World+Tennis?sf_options=desc%3D%26_options_sf&quot;,return)</favourite>
	<favourite name="World Tennis" thumb="http://archive.org/download/Mame172arcdcmplt/snap.zip/wtennis.png">ActivateWindow(10025,&quot;plugin://plugin.program.iarl/Emulator/MAME_2014_ZachMorris/Game/World+Tennis?sf_options=desc%3D%26_options_sf&quot;,return)</favourite>
	<favourite name="World Tennis Stars" thumb="http://thegamesdb.net/banners/boxart/original/front/26138-1.jpg">ActivateWindow(10025,&quot;plugin://plugin.program.iarl/Emulator/GBA_ZachMorris/Game/World+Tennis+Stars+%28USA%29?sf_options=desc%3D%26_options_sf&quot;,return)</favourite>
	<favourite name="Yannick Noah Tennis" thumb="http://thegamesdb.net/banners/boxart/original/front/20476-1.png">ActivateWindow(10025,&quot;plugin://plugin.program.iarl/Emulator/GB_Classic_ZachMorris/Game/Yannick+Noah+Tennis+%28France%29?sf_options=desc%3D%26_options_sf&quot;,return)</favourite>
</favourites>