<favourites>
	<favourite name="Wonder Boy - The Dragon" thumb="http://thegamesdb.net/banners/boxart/original/front/25339-1.jpg">ActivateWindow(10025,&quot;plugin://plugin.program.iarl/Emulator/Game_Gear_ZachMorris/Game/Wonder+Boy+-+The+Dragon%27s+Trap+%28Europe%29?sf_options=desc%3D%26_options_sf&quot;,return)</favourite>
	<favourite name="Wonder Boy" thumb="http://thegamesdb.net/banners/boxart/original/front/3106-1.jpg">ActivateWindow(10025,&quot;plugin://plugin.program.iarl/Emulator/Master_System_ZachMorris/Game/Wonder+Boy+%28USA%2C+Europe%29?sf_options=desc%3D%26_options_sf&quot;,return)</favourite>
	<favourite name="Wonder Boy" thumb="http://thegamesdb.net/banners/boxart/original/front/5762-1.jpg">ActivateWindow(10025,&quot;plugin://plugin.program.iarl/Emulator/Game_Gear_ZachMorris/Game/Wonder+Boy+%28Europe%29?sf_options=desc%3D%26_options_sf&quot;,return)</favourite>
	<favourite name="Wonder Boy" thumb="http://images.launchbox-app.com/wboy.png">ActivateWindow(10025,&quot;plugin://plugin.program.iarl/Emulator/FBA_ZachMorris/Game/Wonder+Boy+%28set+1%2C+315-5177%29?sf_options=desc%3D%26_options_sf&quot;,return)</favourite>
	<favourite name="Wonder Boy" thumb="http://thegamesdb.net/banners/boxart/original/front/8754-1.jpg">ActivateWindow(10025,&quot;plugin://plugin.program.iarl/Emulator/MAME_AKNF_Full/Game/Wonder+Boy+%28set+1%2C+315-5177%29?sf_options=desc%3D%26_options_sf&quot;,return)</favourite>
	<favourite name="Wonder Boy" thumb="http://thegamesdb.net/banners/boxart/original/front/8754-1.jpg">ActivateWindow(10025,&quot;plugin://plugin.program.iarl/Emulator/MAME_ZachMorris/Game/Wonder+Boy+%28set+1%2C+315-5177%29?sf_options=desc%3D%26_options_sf&quot;,return)</favourite>
	<favourite name="Wonder Boy" thumb="http://thegamesdb.net/banners/boxart/original/front/8754-1.jpg">ActivateWindow(10025,&quot;plugin://plugin.program.iarl/Emulator/MAME_2014_ZachMorris/Game/Wonder+Boy+%28set+1%2C+315-5177%29?sf_options=desc%3D%26_options_sf&quot;,return)</favourite>
	<favourite name="Wonder Boy III - Monster Lair" thumb="http://thegamesdb.net/banners/boxart/original/front/4732-1.jpg">ActivateWindow(10025,&quot;plugin://plugin.program.iarl/Emulator/Genesis_ZachMorris/Game/Wonder+Boy+III+-+Monster+Lair+%28Japan%2C+Europe%29?sf_options=desc%3D%26_options_sf&quot;,return)</favourite>
	<favourite name="Wonder Boy III - Monster Lair" thumb="http://images.launchbox-app.com/wb3.png">ActivateWindow(10025,&quot;plugin://plugin.program.iarl/Emulator/FBA_ZachMorris/Game/Wonder+Boy+III+-+Monster+Lair+%28set+6%2C+World%2C+System+16B%29+%288751+317-0098%29?sf_options=desc%3D%26_options_sf&quot;,return)</favourite>
	<favourite name="Wonder Boy III - Monster Lair" thumb="http://thegamesdb.net/banners/boxart/original/front/8755-1.png">ActivateWindow(10025,&quot;plugin://plugin.program.iarl/Emulator/MAME_AKNF_Full/Game/Wonder+Boy+III+-+Monster+Lair+%28set+6%2C+World%2C+System+16B%29+%288751+317-0098%29?sf_options=desc%3D%26_options_sf&quot;,return)</favourite>
	<favourite name="Wonder Boy III - Monster Lair" thumb="http://thegamesdb.net/banners/boxart/original/front/8755-1.png">ActivateWindow(10025,&quot;plugin://plugin.program.iarl/Emulator/MAME_ZachMorris/Game/Wonder+Boy+III+-+Monster+Lair+%28set+6%2C+World%2C+System+16B%29+%288751+317-0098%29?sf_options=desc%3D%26_options_sf&quot;,return)</favourite>
	<favourite name="Wonder Boy III - Monster Lair" thumb="http://thegamesdb.net/banners/boxart/original/front/8755-1.png">ActivateWindow(10025,&quot;plugin://plugin.program.iarl/Emulator/MAME_2014_ZachMorris/Game/Wonder+Boy+III+-+Monster+Lair+%28set+6%2C+World%2C+System+16B%2C+8751+317-0098%29?sf_options=desc%3D%26_options_sf&quot;,return)</favourite>
	<favourite name="Wonder Boy III - The Dragon" thumb="http://static.giantbomb.com/uploads/scale_large/9/93770/2363103-sms_wonderboyiiithedragonstrap_au.jpg">ActivateWindow(10025,&quot;plugin://plugin.program.iarl/Emulator/Game_Gear_ZachMorris/Game/Wonder+Boy+III+-+The+Dragon%27s+Trap+%28Europe%29+%28Beta%29?sf_options=desc%3D%26_options_sf&quot;,return)</favourite>
	<favourite name="Wonder Boy III - The Dragon" thumb="http://thegamesdb.net/banners/boxart/original/front/3108-1.jpg">ActivateWindow(10025,&quot;plugin://plugin.program.iarl/Emulator/Master_System_ZachMorris/Game/Wonder+Boy+III+-+The+Dragon%27s+Trap+%28USA%2C+Europe%29?sf_options=desc%3D%26_options_sf&quot;,return)</favourite>
	<favourite name="Wonder Boy V - Monster World III" thumb="http://static.giantbomb.com/uploads/scale_large/0/3017/954055-wonder_boy_in_monster_world_box_art_01.jpg">ActivateWindow(10025,&quot;plugin://plugin.program.iarl/Emulator/Genesis_ZachMorris/Game/Wonder+Boy+V+-+Monster+World+III+%28Japan%2C+Korea%29?sf_options=desc%3D%26_options_sf&quot;,return)</favourite>
	<favourite name="Wonder Boy in Monster Land" thumb="http://thegamesdb.net/banners/boxart/original/front/8756-1.jpg">ActivateWindow(10025,&quot;plugin://plugin.program.iarl/Emulator/MAME_AKNF_Full/Game/Wonder+Boy+in+Monster+Land+%28English%2C+Virtual+Console%29?sf_options=desc%3D%26_options_sf&quot;,return)</favourite>
	<favourite name="Wonder Boy in Monster Land" thumb="http://thegamesdb.net/banners/boxart/original/front/8756-1.png">ActivateWindow(10025,&quot;plugin://plugin.program.iarl/Emulator/MAME_2014_ZachMorris/Game/Wonder+Boy+in+Monster+Land+%28Japan+New+Ver.%2C+MC-8123%2C+317-0043%29?sf_options=desc%3D%26_options_sf&quot;,return)</favourite>
	<favourite name="Wonder Boy in Monster Land" thumb="http://images.launchbox-app.com/6324bede-27b6-47f8-ad66-621f85b8cbd6.jpg">ActivateWindow(10025,&quot;plugin://plugin.program.iarl/Emulator/FBA_ZachMorris/Game/Wonder+Boy+in+Monster+Land+%28Japan+New+Ver.%2C+MC-8123%2C+317-0043%29?sf_options=desc%3D%26_options_sf&quot;,return)</favourite>
	<favourite name="Wonder Boy in Monster Land" thumb="http://thegamesdb.net/banners/boxart/original/front/8756-1.jpg">ActivateWindow(10025,&quot;plugin://plugin.program.iarl/Emulator/MAME_ZachMorris/Game/Wonder+Boy+in+Monster+Land+%28Japan+New+Ver.%2C+MC-8123%2C+317-0043%29?sf_options=desc%3D%26_options_sf&quot;,return)</favourite>
	<favourite name="Wonder Boy in Monster Land" thumb="http://static.giantbomb.com/uploads/scale_large/13/139866/2605840-8257567758-Wonde.png">ActivateWindow(10025,&quot;plugin://plugin.program.iarl/Emulator/Master_System_ZachMorris/Game/Wonder+Boy+in+Monster+Land+%28USA%2C+Europe%29?sf_options=desc%3D%26_options_sf&quot;,return)</favourite>
	<favourite name="Wonder Boy in Monster World" thumb="http://thegamesdb.net/banners/boxart/original/front/729-1.jpg">ActivateWindow(10025,&quot;plugin://plugin.program.iarl/Emulator/Genesis_ZachMorris/Game/Wonder+Boy+in+Monster+World+%28USA%2C+Europe%29?sf_options=desc%3D%26_options_sf&quot;,return)</favourite>
</favourites>