<favourites>
	<favourite name="25.  Bubble Bobble" thumb="http://i.imgur.com/TxXSALw.jpg">ActivateWindow(10025,&quot;plugin://plugin.program.iarl/Emulator/NES_Bestof_ZachMorris/Game/25.++Bubble+Bobble?sf_options=desc%3D%26_options_sf&quot;,return)</favourite>
	<favourite name="9.  Parasol Stars - The Story of Bubble Bobble III" thumb="http://static.giantbomb.com/uploads/scale_large/0/1099/1287317-1170444247_00.jpg">ActivateWindow(10025,&quot;plugin://plugin.program.iarl/Emulator/TG16_Bestof_ZachMorris/Game/9.++Parasol+Stars+-+The+Story+of+Bubble+Bobble+III?sf_options=desc%3D%26_options_sf&quot;,return)</favourite>
	<favourite name="Bobble Bobble" thumb="http://thegamesdb.net/banners/boxart/original/front/2777-1.jpg">ActivateWindow(10025,&quot;plugin://plugin.program.iarl/Emulator/Master_System_ZachMorris/Game/Bobble+Bobble+%28Korea%29?sf_options=desc%3D%26_options_sf&quot;,return)</favourite>
	<favourite name="Bubble Bobble" thumb="http://www.mobygames.com/images/covers/l/1044-bubble-bobble-dos-front-cover.jpg">ActivateWindow(10025,&quot;plugin://plugin.program.iarl/Emulator/IA_MSDOS_ZachMorris/Game/Bubble+Bobble?sf_options=desc%3D%26_options_sf&quot;,return)</favourite>
	<favourite name="Bubble Bobble" thumb="https://archive.org/download/C64Games_201705/C64_Artwork.zip/Commodore%2064%20Artwork%2FBubble%20Bobble%20%28Europe%29%2FAdvert-Firebird_Bubble_Bobble.jpg">ActivateWindow(10025,&quot;plugin://plugin.program.iarl/Emulator/C64_ZachMorris/Game/Bubble+Bobble+%28Europe%29?sf_options=desc%3D%26_options_sf&quot;,return)</favourite>
	<favourite name="Bubble Bobble" thumb="http://thegamesdb.net/banners/boxart/original/front/2777-1.jpg">ActivateWindow(10025,&quot;plugin://plugin.program.iarl/Emulator/Master_System_ZachMorris/Game/Bubble+Bobble+%28Europe%29?sf_options=desc%3D%26_options_sf&quot;,return)</favourite>
	<favourite name="Bubble Bobble" thumb="http://images.launchbox-app.com/daeca1c4-e594-4a28-8680-f07f6c2c6cc8.jpg">ActivateWindow(10025,&quot;plugin://plugin.program.iarl/Emulator/FBA_ZachMorris/Game/Bubble+Bobble+%28Japan%2C+Ver+0.1%29?sf_options=desc%3D%26_options_sf&quot;,return)</favourite>
	<favourite name="Bubble Bobble" thumb="http://thegamesdb.net/banners/boxart/original/front/2776-1.jpg">ActivateWindow(10025,&quot;plugin://plugin.program.iarl/Emulator/MAME_AKNF_Full/Game/Bubble+Bobble+%28Japan%2C+Ver+0.1%29?sf_options=desc%3D%26_options_sf&quot;,return)</favourite>
	<favourite name="Bubble Bobble" thumb="http://thegamesdb.net/banners/boxart/original/front/2776-1.jpg">ActivateWindow(10025,&quot;plugin://plugin.program.iarl/Emulator/MAME_ZachMorris/Game/Bubble+Bobble+%28Japan%2C+Ver+0.1%29?sf_options=desc%3D%26_options_sf&quot;,return)</favourite>
	<favourite name="Bubble Bobble" thumb="http://thegamesdb.net/banners/boxart/original/front/2776-1.jpg">ActivateWindow(10025,&quot;plugin://plugin.program.iarl/Emulator/MAME_2014_ZachMorris/Game/Bubble+Bobble+%28Japan%2C+Ver+0.1%29?sf_options=desc%3D%26_options_sf&quot;,return)</favourite>
	<favourite name="Bubble Bobble" thumb="http://i.imgur.com/TxXSALw.jpg">ActivateWindow(10025,&quot;plugin://plugin.program.iarl/Emulator/NES_ZachMorris/Game/Bubble+Bobble+%28USA%29?sf_options=desc%3D%26_options_sf&quot;,return)</favourite>
	<favourite name="Bubble Bobble" thumb="http://thegamesdb.net/banners/boxart/original/front/21760-1.jpg">ActivateWindow(10025,&quot;plugin://plugin.program.iarl/Emulator/Game_Gear_ZachMorris/Game/Bubble+Bobble+%28USA%2C+Europe%29?sf_options=desc%3D%26_options_sf&quot;,return)</favourite>
	<favourite name="Bubble Bobble" thumb="http://thegamesdb.net/banners/boxart/original/front/18339-1.png">ActivateWindow(10025,&quot;plugin://plugin.program.iarl/Emulator/GB_Classic_ZachMorris/Game/Bubble+Bobble+%28USA%2C+Europe%29?sf_options=desc%3D%26_options_sf&quot;,return)</favourite>
	<favourite name="Bubble Bobble - Evolution" thumb="http://thegamesdb.net/banners/boxart/original/front/27338-1.jpg">ActivateWindow(10025,&quot;plugin://plugin.program.iarl/Emulator/PSP_N3RDFLIX/Game/Bubble+Bobble+-+Evolution+%28USA%29?sf_options=desc%3D%26_options_sf&quot;,return)</favourite>
	<favourite name="Bubble Bobble - Old & New" thumb="http://static.giantbomb.com/uploads/scale_large/8/87790/2481846-box_bboan.png">ActivateWindow(10025,&quot;plugin://plugin.program.iarl/Emulator/GBA_ZachMorris/Game/Bubble+Bobble+-+Old+%26+New+%28USA%29?sf_options=desc%3D%26_options_sf&quot;,return)</favourite>
	<favourite name="Bubble Bobble 2" thumb="http://i.imgur.com/32zimsV.jpg">ActivateWindow(10025,&quot;plugin://plugin.program.iarl/Emulator/NES_ZachMorris/Game/Bubble+Bobble+2+%28Japan%29?sf_options=desc%3D%26_options_sf&quot;,return)</favourite>
	<favourite name="Bubble Bobble Double Shot" thumb="http://thegamesdb.net/banners/boxart/original/front/11213-1.jpg">ActivateWindow(10025,&quot;plugin://plugin.program.iarl/Emulator/NINTENDO_DS_N3RDFLIX/Game/Bubble+Bobble+Double+Shot+%28USA%29?sf_options=desc%3D%26_options_sf&quot;,return)</favourite>
	<favourite name="Bubble Bobble II" thumb="http://thegamesdb.net/banners/boxart/original/front/34437-1.jpg">ActivateWindow(10025,&quot;plugin://plugin.program.iarl/Emulator/MAME_2014_ZachMorris/Game/Bubble+Bobble+II+%28Ver+2.5O+1994%2F10%2F05%29?sf_options=desc%3D%26_options_sf&quot;,return)</favourite>
	<favourite name="Bubble Bobble II" thumb="http://thegamesdb.net/banners/boxart/original/front/34437-1.jpg">ActivateWindow(10025,&quot;plugin://plugin.program.iarl/Emulator/MAME_AKNF_Full/Game/Bubble+Bobble+II+%28Ver+2.6O+1994%2F12%2F16%29?sf_options=desc%3D%26_options_sf&quot;,return)</favourite>
	<favourite name="Bubble Bobble II" thumb="http://thegamesdb.net/banners/boxart/original/front/34437-1.jpg">ActivateWindow(10025,&quot;plugin://plugin.program.iarl/Emulator/MAME_ZachMorris/Game/Bubble+Bobble+II+%28Ver+2.6O+1994%2F12%2F16%29?sf_options=desc%3D%26_options_sf&quot;,return)</favourite>
	<favourite name="Bubble Bobble Junior" thumb="http://thegamesdb.net/banners/boxart/original/front/14183-1.jpg">ActivateWindow(10025,&quot;plugin://plugin.program.iarl/Emulator/GB_Classic_ZachMorris/Game/Bubble+Bobble+Junior+%28Japan%29?sf_options=desc%3D%26_options_sf&quot;,return)</favourite>
	<favourite name="Bubble Bobble Part 2" thumb="http://i.imgur.com/32zimsV.jpg">ActivateWindow(10025,&quot;plugin://plugin.program.iarl/Emulator/NES_ZachMorris/Game/Bubble+Bobble+Part+2+%28USA%29?sf_options=desc%3D%26_options_sf&quot;,return)</favourite>
	<favourite name="Bubble Bobble Part 2" thumb="http://static.giantbomb.com/uploads/scale_large/9/93770/2361186-nes_bubblebobblepart2.jpg">ActivateWindow(10025,&quot;plugin://plugin.program.iarl/Emulator/GB_Classic_ZachMorris/Game/Bubble+Bobble+Part+2+%28USA%2C+Europe%29?sf_options=desc%3D%26_options_sf&quot;,return)</favourite>
	<favourite name="Bubble Bobble Revolution" thumb="http://thegamesdb.net/banners/boxart/original/front/11214-1.png">ActivateWindow(10025,&quot;plugin://plugin.program.iarl/Emulator/NINTENDO_DS_N3RDFLIX/Game/Bubble+Bobble+Revolution+%28USA%29?sf_options=desc%3D%26_options_sf&quot;,return)</favourite>
	<favourite name="Bubble Bobble also featuring Rainbow Islands" thumb="http://thegamesdb.net/banners/boxart/original/front/9197-1.jpg">ActivateWindow(10025,&quot;plugin://plugin.program.iarl/Emulator/Sega_Saturn_ZachMorris/Game/Bubble+Bobble+also+featuring+Rainbow+Islands+%28USA%29?sf_options=desc%3D%26_options_sf&quot;,return)</favourite>
	<favourite name="Bubble Bobble also featuring Rainbow Islands" thumb="http://thegamesdb.net/banners/boxart/original/front/15033-1.jpg">ActivateWindow(10025,&quot;plugin://plugin.program.iarl/Emulator/PS1_ZachMorris/Game/Bubble+Bobble+also+featuring+Rainbow+Islands+%28USA%29?sf_options=desc%3D%26_options_sf&quot;,return)</favourite>
	<favourite name="Bubble Memories: The Story Of Bubble Bobble III" thumb="http://archive.org/download/Mame172arcdcmplt/flyers.zip/bubblem.png">ActivateWindow(10025,&quot;plugin://plugin.program.iarl/Emulator/MAME_AKNF_Full/Game/Bubble+Memories%3A+The+Story+Of+Bubble+Bobble+III+%28Ver+2.4O+1996%2F02%2F15%29?sf_options=desc%3D%26_options_sf&quot;,return)</favourite>
	<favourite name="Bubble Memories: The Story Of Bubble Bobble III" thumb="http://archive.org/download/Mame172arcdcmplt/flyers.zip/bubblem.png">ActivateWindow(10025,&quot;plugin://plugin.program.iarl/Emulator/MAME_ZachMorris/Game/Bubble+Memories%3A+The+Story+Of+Bubble+Bobble+III+%28Ver+2.4O+1996%2F02%2F15%29?sf_options=desc%3D%26_options_sf&quot;,return)</favourite>
	<favourite name="Bubble Memories: The Story Of Bubble Bobble III" thumb="http://archive.org/download/Mame172arcdcmplt/flyers.zip/bubblem.png">ActivateWindow(10025,&quot;plugin://plugin.program.iarl/Emulator/MAME_2014_ZachMorris/Game/Bubble+Memories%3A+The+Story+Of+Bubble+Bobble+III+%28Ver+2.4O+1996%2F02%2F15%29?sf_options=desc%3D%26_options_sf&quot;,return)</favourite>
	<favourite name="Classic Bubble Bobble" thumb="http://thegamesdb.net/banners/boxart/original/front/8607-1.jpg">ActivateWindow(10025,&quot;plugin://plugin.program.iarl/Emulator/GBC_ZachMorris/Game/Classic+Bubble+Bobble+%28USA%29+%28SGB+Enhanced%29?sf_options=desc%3D%26_options_sf&quot;,return)</favourite>
	<favourite name="Final Bubble Bobble" thumb="http://thegamesdb.net/banners/boxart/original/front/2777-1.jpg">ActivateWindow(10025,&quot;plugin://plugin.program.iarl/Emulator/Master_System_ZachMorris/Game/Final+Bubble+Bobble+%28Japan%29?sf_options=desc%3D%26_options_sf&quot;,return)</favourite>
	<favourite name="Parasol Stars - The Story of Bubble Bobble 3" thumb="http://thegamesdb.net/banners/boxart/original/front/8222-1.jpg">ActivateWindow(10025,&quot;plugin://plugin.program.iarl/Emulator/TG16_ZachMorris/Game/Parasol+Stars+-+The+Story+of+Bubble+Bobble+3+%28Japan%29?sf_options=desc%3D%26_options_sf&quot;,return)</favourite>
	<favourite name="Parasol Stars - The Story of Bubble Bobble III" thumb="http://static.giantbomb.com/uploads/scale_large/0/1099/1287317-1170444247_00.jpg">ActivateWindow(10025,&quot;plugin://plugin.program.iarl/Emulator/TG16_ZachMorris/Game/Parasol+Stars+-+The+Story+of+Bubble+Bobble+III+%28USA%29?sf_options=desc%3D%26_options_sf&quot;,return)</favourite>
	<favourite name="Puzzle:  4.  Bubble Bobble" thumb="http://thegamesdb.net/banners/boxart/original/front/2776-1.jpg">ActivateWindow(10025,&quot;plugin://plugin.program.iarl/Emulator/MAME_Bestof_ZachMorris/Game/Puzzle%3A++4.++Bubble+Bobble?sf_options=desc%3D%26_options_sf&quot;,return)</favourite>
	<favourite name="Rainbow Islands - Bubble Bobble 2" thumb="http://i.imgur.com/agxez9W.jpg">ActivateWindow(10025,&quot;plugin://plugin.program.iarl/Emulator/NES_ZachMorris/Game/Rainbow+Islands+-+Bubble+Bobble+2+%28Europe%29?sf_options=desc%3D%26_options_sf&quot;,return)</favourite>
	<favourite name="Rainbow Islands - Story of the Bubble Bobble 2" thumb="http://thegamesdb.net/banners/boxart/original/front/2986-1.jpg">ActivateWindow(10025,&quot;plugin://plugin.program.iarl/Emulator/Master_System_ZachMorris/Game/Rainbow+Islands+-+Story+of+the+Bubble+Bobble+2+%28Europe%29?sf_options=desc%3D%26_options_sf&quot;,return)</favourite>
	<favourite name="Rainbow Islands - The Story of Bubble Bobble 2" thumb="http://i.imgur.com/50oJBhu.jpg">ActivateWindow(10025,&quot;plugin://plugin.program.iarl/Emulator/NES_ZachMorris/Game/Rainbow+Islands+-+The+Story+of+Bubble+Bobble+2+%28Japan%29?sf_options=desc%3D%26_options_sf&quot;,return)</favourite>
	<favourite name="Super Bubble Bobble" thumb="http://thegamesdb.net/banners/boxart/original/front/2777-1.jpg">ActivateWindow(10025,&quot;plugin://plugin.program.iarl/Emulator/Master_System_ZachMorris/Game/Super+Bubble+Bobble+%28Korea%29+%28Unl%29?sf_options=desc%3D%26_options_sf&quot;,return)</favourite>
	<favourite name="Taito Memorial - Bubble Bobble" thumb="http://thegamesdb.net/banners/boxart/original/front/8607-1.jpg">ActivateWindow(10025,&quot;plugin://plugin.program.iarl/Emulator/GBC_ZachMorris/Game/Taito+Memorial+-+Bubble+Bobble+%28Japan%29+%28SGB+Enhanced%29?sf_options=desc%3D%26_options_sf&quot;,return)</favourite>
</favourites>