<favourites>
	<favourite name="Nickelodeon SpongeBob SquarePants - SuperSponge" thumb="http://thegamesdb.net/banners/boxart/original/front/13581-1.jpg">ActivateWindow(10025,&quot;plugin://plugin.program.iarl/Emulator/PS1_ZachMorris/Game/Nickelodeon+SpongeBob+SquarePants+-+SuperSponge+%28USA%29?sf_options=desc%3D%26_options_sf&quot;,return)</favourite>
	<favourite name="2 Games in 1 - Rugrats - Go Wild + SpongeBob SquarePants - SuperSponge" thumb="http://img.gamefaqs.net/box/4/7/7/109477_front.jpg">ActivateWindow(10025,&quot;plugin://plugin.program.iarl/Emulator/GBA_ZachMorris/Game/2+Games+in+1+-+Rugrats+-+Go+Wild+%2B+SpongeBob+SquarePants+-+SuperSponge+%28Europe%29?sf_options=desc%3D%26_options_sf&quot;,return)</favourite>
	<favourite name="2 Games in 1 - SpongeBob SquarePants - Battle for Bikini Bottom + Jimmy Neutron Boy Genius" thumb="http://img.gamefaqs.net/box/3/2/8/110328_front.jpg">ActivateWindow(10025,&quot;plugin://plugin.program.iarl/Emulator/GBA_ZachMorris/Game/2+Games+in+1+-+SpongeBob+SquarePants+-+Battle+for+Bikini+Bottom+%2B+Jimmy+Neutron+Boy+Genius+%28Europe%29+%28En%2CFr%2CDe%2BEn%2CFr%2CDe%2CEs%29?sf_options=desc%3D%26_options_sf&quot;,return)</favourite>
	<favourite name="2 Games in 1 - SpongeBob SquarePants - Battle for Bikini Bottom + Nicktoons - Freeze Frame Frenzy" thumb="">ActivateWindow(10025,&quot;plugin://plugin.program.iarl/Emulator/GBA_ZachMorris/Game/2+Games+in+1+-+SpongeBob+SquarePants+-+Battle+for+Bikini+Bottom+%2B+Nicktoons+-+Freeze+Frame+Frenzy+%28USA%29?sf_options=desc%3D%26_options_sf&quot;,return)</favourite>
	<favourite name="2 Games in 1 - SpongeBob SquarePants - Battle for Bikini Bottom + The Fairly OddParents! - Breakin" thumb="">ActivateWindow(10025,&quot;plugin://plugin.program.iarl/Emulator/GBA_ZachMorris/Game/2+Games+in+1+-+SpongeBob+SquarePants+-+Battle+for+Bikini+Bottom+%2B+The+Fairly+OddParents%21+-+Breakin%27+da+Rules+%28USA%29?sf_options=desc%3D%26_options_sf&quot;,return)</favourite>
	<favourite name="2 Games in 1 - SpongeBob SquarePants - Revenge of the Flying Dutchman + SpongeBob SquarePants - SuperSponge" thumb="http://img.gamefaqs.net/box/5/9/8/65598_front.jpg">ActivateWindow(10025,&quot;plugin://plugin.program.iarl/Emulator/GBA_ZachMorris/Game/2+Games+in+1+-+SpongeBob+SquarePants+-+Revenge+of+the+Flying+Dutchman+%2B+SpongeBob+SquarePants+-+SuperSponge+%28USA%29?sf_options=desc%3D%26_options_sf&quot;,return)</favourite>
	<favourite name="2 Games in 1 - SpongeBob SquarePants - SuperSponge + SpongeBob SquarePants - Battle for Bikini Bottom" thumb="">ActivateWindow(10025,&quot;plugin://plugin.program.iarl/Emulator/GBA_ZachMorris/Game/2+Games+in+1+-+SpongeBob+SquarePants+-+SuperSponge+%2B+SpongeBob+SquarePants+-+Battle+for+Bikini+Bottom+%28Europe%29?sf_options=desc%3D%26_options_sf&quot;,return)</favourite>
	<favourite name="2 Games in 1 - The SpongeBob SquarePants Movie + SpongeBob SquarePants and Friends in Freeze Frame Frenzy" thumb="http://img.gamefaqs.net/box/2/4/3/111243_front.jpg">ActivateWindow(10025,&quot;plugin://plugin.program.iarl/Emulator/GBA_ZachMorris/Game/2+Games+in+1+-+The+SpongeBob+SquarePants+Movie+%2B+SpongeBob+SquarePants+and+Friends+in+Freeze+Frame+Frenzy+%28Europe%29+%28En%2CFr%2CDe%2CEs%2CIt%2CNl%2BEn%2CFr%2CDe%2CEs%2CNl%29?sf_options=desc%3D%26_options_sf&quot;,return)</favourite>
	<favourite name="3 Games in 1 - Rugrats - I Gotta Go Party + SpongeBob SquarePants - SuperSponge + Tak and the Power of Juju" thumb="http://img.gamefaqs.net/box/4/7/6/109476_front.jpg">ActivateWindow(10025,&quot;plugin://plugin.program.iarl/Emulator/GBA_ZachMorris/Game/3+Games+in+1+-+Rugrats+-+I+Gotta+Go+Party+%2B+SpongeBob+SquarePants+-+SuperSponge+%2B+Tak+and+the+Power+of+Juju+%28Europe%29+%28En%2BEn%2BEn%2CFr%2CDe%29?sf_options=desc%3D%26_options_sf&quot;,return)</favourite>
	<favourite name="SpongeBob" thumb="http://thegamesdb.net/banners/boxart/original/front/29264-1.jpg">ActivateWindow(10025,&quot;plugin://plugin.program.iarl/Emulator/GBA_ZachMorris/Game/SpongeBob%27s+Atlantis+SquarePantis+%28USA%29?sf_options=desc%3D%26_options_sf&quot;,return)</favourite>
	<favourite name="SpongeBob" thumb="http://thegamesdb.net/banners/boxart/original/front/46904-1.jpg">ActivateWindow(10025,&quot;plugin://plugin.program.iarl/Emulator/NINTENDO_DS_N3RDFLIX/Game/SpongeBob%27s+Atlantis+SquarePantis+%28USA%29?sf_options=desc%3D%26_options_sf&quot;,return)</favourite>
	<favourite name="SpongeBob" thumb="http://thegamesdb.net/banners/boxart/original/front/47487-1.jpg">ActivateWindow(10025,&quot;plugin://plugin.program.iarl/Emulator/NINTENDO_DS_N3RDFLIX/Game/SpongeBob%27s+Boating+Bash+%28USA%29?sf_options=desc%3D%26_options_sf&quot;,return)</favourite>
	<favourite name="SpongeBob" thumb="http://thegamesdb.net/banners/boxart/original/front/39735-1.jpg">ActivateWindow(10025,&quot;plugin://plugin.program.iarl/Emulator/PSP_N3RDFLIX/Game/SpongeBob%27s+Truth+or+Square+%28USA%29?sf_options=desc%3D%26_options_sf&quot;,return)</favourite>
	<favourite name="SpongeBob" thumb="http://thegamesdb.net/banners/boxart/original/front/46684-1.jpg">ActivateWindow(10025,&quot;plugin://plugin.program.iarl/Emulator/NINTENDO_DS_N3RDFLIX/Game/SpongeBob%27s+Truth+or+Square+%28USA%29?sf_options=desc%3D%26_options_sf&quot;,return)</favourite>
	<favourite name="SpongeBob SquarePants - Battle for Bikini Bottom" thumb="http://thegamesdb.net/banners/boxart/original/front/19868-1.jpg">ActivateWindow(10025,&quot;plugin://plugin.program.iarl/Emulator/GBA_ZachMorris/Game/SpongeBob+SquarePants+-+Battle+for+Bikini+Bottom+%28USA%29?sf_options=desc%3D%26_options_sf&quot;,return)</favourite>
	<favourite name="SpongeBob SquarePants - Creature from the Krusty Krab" thumb="http://static.giantbomb.com/uploads/scale_large/8/87790/2285703-box_spspcftkk.png">ActivateWindow(10025,&quot;plugin://plugin.program.iarl/Emulator/GBA_ZachMorris/Game/SpongeBob+SquarePants+-+Creature+from+the+Krusty+Krab+%28USA%29?sf_options=desc%3D%26_options_sf&quot;,return)</favourite>
	<favourite name="SpongeBob SquarePants - Creature from the Krusty Krab" thumb="http://thegamesdb.net/banners/boxart/original/front/20909-1.jpg">ActivateWindow(10025,&quot;plugin://plugin.program.iarl/Emulator/NINTENDO_DS_N3RDFLIX/Game/SpongeBob+SquarePants+-+Creature+from+the+Krusty+Krab+%28USA%29?sf_options=desc%3D%26_options_sf&quot;,return)</favourite>
	<favourite name="SpongeBob SquarePants - Legend of the Lost Spatula" thumb="http://thegamesdb.net/banners/boxart/original/front/21878-1.jpg">ActivateWindow(10025,&quot;plugin://plugin.program.iarl/Emulator/GBC_ZachMorris/Game/SpongeBob+SquarePants+-+Legend+of+the+Lost+Spatula+%28USA%2C+Europe%29?sf_options=desc%3D%26_options_sf&quot;,return)</favourite>
	<favourite name="SpongeBob SquarePants - Lights, Camera, Pants!" thumb="http://thegamesdb.net/banners/boxart/original/front/22233-1.jpg">ActivateWindow(10025,&quot;plugin://plugin.program.iarl/Emulator/GBA_ZachMorris/Game/SpongeBob+SquarePants+-+Lights%2C+Camera%2C+Pants%21+%28USA%29?sf_options=desc%3D%26_options_sf&quot;,return)</favourite>
	<favourite name="SpongeBob SquarePants - Revenge of the Flying Dutchman" thumb="http://static.giantbomb.com/uploads/scale_large/8/87790/2285694-box_sbsprotfd.png">ActivateWindow(10025,&quot;plugin://plugin.program.iarl/Emulator/GBA_ZachMorris/Game/SpongeBob+SquarePants+-+Revenge+of+the+Flying+Dutchman+%28USA%2C+Europe%29?sf_options=desc%3D%26_options_sf&quot;,return)</favourite>
	<favourite name="SpongeBob SquarePants - SuperSponge" thumb="http://thegamesdb.net/banners/boxart/original/front/22306-1.jpg">ActivateWindow(10025,&quot;plugin://plugin.program.iarl/Emulator/GBA_ZachMorris/Game/SpongeBob+SquarePants+-+SuperSponge+%28USA%2C+Europe%29?sf_options=desc%3D%26_options_sf&quot;,return)</favourite>
	<favourite name="SpongeBob SquarePants - The Yellow Avenger" thumb="http://thegamesdb.net/banners/boxart/original/front/17881-1.jpg">ActivateWindow(10025,&quot;plugin://plugin.program.iarl/Emulator/PSP_N3RDFLIX/Game/SpongeBob+SquarePants+-+The+Yellow+Avenger+%28USA%29?sf_options=desc%3D%26_options_sf&quot;,return)</favourite>
	<favourite name="SpongeBob SquarePants Featuring Nicktoons - Globs of Doom" thumb="http://thegamesdb.net/banners/boxart/original/front/47485-1.jpg">ActivateWindow(10025,&quot;plugin://plugin.program.iarl/Emulator/NINTENDO_DS_N3RDFLIX/Game/SpongeBob+SquarePants+Featuring+Nicktoons+-+Globs+of+Doom+%28USA%29?sf_options=desc%3D%26_options_sf&quot;,return)</favourite>
	<favourite name="SpongeBob SquarePants Movie, The" thumb="http://static.giantbomb.com/uploads/scale_large/8/87790/2285750-box_tssm.png">ActivateWindow(10025,&quot;plugin://plugin.program.iarl/Emulator/GBA_ZachMorris/Game/SpongeBob+SquarePants+Movie%2C+The+%28USA%29?sf_options=desc%3D%26_options_sf&quot;,return)</favourite>
	<favourite name="SpongeBob vs The Big One - Beach Party Cook-Off" thumb="http://thegamesdb.net/banners/boxart/original/front/47486-1.jpg">ActivateWindow(10025,&quot;plugin://plugin.program.iarl/Emulator/NINTENDO_DS_N3RDFLIX/Game/SpongeBob+vs+The+Big+One+-+Beach+Party+Cook-Off+%28USA%29?sf_options=desc%3D%26_options_sf&quot;,return)</favourite>
	<favourite name="Spongebob Squarepants - The Yellow Avenger" thumb="http://thegamesdb.net/banners/boxart/original/front/42551-1.jpg">ActivateWindow(10025,&quot;plugin://plugin.program.iarl/Emulator/NINTENDO_DS_N3RDFLIX/Game/Spongebob+Squarepants+-+The+Yellow+Avenger+%28USA%29?sf_options=desc%3D%26_options_sf&quot;,return)</favourite>
    <favourite name="Drawn to Life - SpongeBob SquarePants Edition" thumb="http://thegamesdb.net/banners/boxart/original/front/15211-1.jpg">ActivateWindow(10025,&quot;plugin://plugin.program.iarl/Emulator/NINTENDO_DS_N3RDFLIX/Game/Drawn+to+Life+-+SpongeBob+SquarePants+Edition+%28US%29%28M2%29?sf_options=desc%3D%26_options_sf&quot;,return)</favourite>
	<favourite name="SpongeBob's Atlantis SquarePantis" thumb="http://thegamesdb.net/banners/boxart/original/front/46904-1.jpg">ActivateWindow(10025,&quot;plugin://plugin.program.iarl/Emulator/NINTENDO_DS_N3RDFLIX/Game/SpongeBob%27s+Atlantis+SquarePantis+%28USA%29?sf_options=desc%3D%26_options_sf&quot;,return)</favourite>
	<favourite name="SpongeBob's Boating Bash" thumb="http://thegamesdb.net/banners/boxart/original/front/47487-1.jpg">ActivateWindow(10025,&quot;plugin://plugin.program.iarl/Emulator/NINTENDO_DS_N3RDFLIX/Game/SpongeBob%27s+Boating+Bash+%28USA%29?sf_options=desc%3D%26_options_sf&quot;,return)</favourite>
	<favourite name="SpongeBob's Truth or Square" thumb="http://thegamesdb.net/banners/boxart/original/front/39735-1.jpg">ActivateWindow(10025,&quot;plugin://plugin.program.iarl/Emulator/PSP_N3RDFLIX/Game/SpongeBob%27s+Truth+or+Square+%28USA%29?sf_options=desc%3D%26_options_sf&quot;,return)</favourite>
	<favourite name="SpongeBob's Truth or Square" thumb="http://thegamesdb.net/banners/boxart/original/front/46684-1.jpg">ActivateWindow(10025,&quot;plugin://plugin.program.iarl/Emulator/NINTENDO_DS_N3RDFLIX/Game/SpongeBob%27s+Truth+or+Square+%28USA%29?sf_options=desc%3D%26_options_sf&quot;,return)</favourite>
	<favourite name="SpongeBob - Surf & Skate Roadtrip" thumb="http://thegamesdb.net/banners/boxart/original/front/44901-1.jpg">ActivateWindow(10025,&quot;plugin://plugin.program.iarl/Emulator/NINTENDO_DS_N3RDFLIX/Game/SpongeBob+-+Surf+%26+Skate+Roadtrip+%28Europe%29?sf_options=desc%3D%26_options_sf&quot;,return)</favourite>
	<favourite name="SpongeBob SquarePants - Creature from the Krusty Krab" thumb="http://thegamesdb.net/banners/boxart/original/front/20909-1.jpg">ActivateWindow(10025,&quot;plugin://plugin.program.iarl/Emulator/NINTENDO_DS_N3RDFLIX/Game/SpongeBob+SquarePants+-+Creature+from+the+Krusty+Krab+%28USA%29?sf_options=desc%3D%26_options_sf&quot;,return)</favourite>
	<favourite name="SpongeBob SquarePants - The Yellow Avenger" thumb="http://thegamesdb.net/banners/boxart/original/front/17881-1.jpg">ActivateWindow(10025,&quot;plugin://plugin.program.iarl/Emulator/PSP_N3RDFLIX/Game/SpongeBob+SquarePants+-+The+Yellow+Avenger+%28USA%29?sf_options=desc%3D%26_options_sf&quot;,return)</favourite>
	<favourite name="SpongeBob SquarePants Battle for Bikini Bottom" thumb="http://thegamesdb.net/banners/boxart/original/front/20933-1.jpg">ActivateWindow(10025,&quot;plugin://plugin.program.iarl/Emulator/Nintendo_Gamecube_N3RDFLIX/Game/SpongeBob+SquarePants+Battle+for+Bikini+Bottom?sf_options=desc%3D%26_options_sf&quot;,return)</favourite>
	<favourite name="SpongeBob SquarePants Creature From the Krusty Krab" thumb="http://thegamesdb.net/banners/boxart/original/front/7050-1.jpg">ActivateWindow(10025,&quot;plugin://plugin.program.iarl/Emulator/Nintendo_Gamecube_N3RDFLIX/Game/SpongeBob+SquarePants+Creature+From+the+Krusty+Krab?sf_options=desc%3D%26_options_sf&quot;,return)</favourite>
	<favourite name="SpongeBob SquarePants Featuring Nicktoons - Globs of Doom" thumb="http://thegamesdb.net/banners/boxart/original/front/47485-1.jpg">ActivateWindow(10025,&quot;plugin://plugin.program.iarl/Emulator/NINTENDO_DS_N3RDFLIX/Game/SpongeBob+SquarePants+Featuring+Nicktoons+-+Globs+of+Doom+%28USA%29?sf_options=desc%3D%26_options_sf&quot;,return)</favourite>
	<favourite name="SpongeBob SquarePants Lights Camera Pants" thumb="http://thegamesdb.net/banners/boxart/original/front/18469-1.jpg">ActivateWindow(10025,&quot;plugin://plugin.program.iarl/Emulator/Nintendo_Gamecube_N3RDFLIX/Game/SpongeBob+SquarePants+Lights+Camera+Pants?sf_options=desc%3D%26_options_sf&quot;,return)</favourite>
	<favourite name="SpongeBob Squarepants Revenge of the Flying Dutchman" thumb="http://thegamesdb.net/banners/boxart/original/front/20934-1.jpg">ActivateWindow(10025,&quot;plugin://plugin.program.iarl/Emulator/Nintendo_Gamecube_N3RDFLIX/Game/SpongeBob+Squarepants+Revenge+of+the+Flying+Dutchman?sf_options=desc%3D%26_options_sf&quot;,return)</favourite>
	<favourite name="SpongeBob vs The Big One - Beach Party Cook-Off" thumb="http://thegamesdb.net/banners/boxart/original/front/47486-1.jpg">ActivateWindow(10025,&quot;plugin://plugin.program.iarl/Emulator/NINTENDO_DS_N3RDFLIX/Game/SpongeBob+vs+The+Big+One+-+Beach+Party+Cook-Off+%28USA%29?sf_options=desc%3D%26_options_sf&quot;,return)</favourite>
	<favourite name="Spongebob Squarepants - Battle for Bikini Bottom" thumb="http://thegamesdb.net/banners/boxart/original/front/22580-1.jpg">ActivateWindow(10025,&quot;plugin://plugin.program.iarl/Emulator/Sony_Playstation_2_N3RDFLIX/Game/Spongebob+Squarepants+-+Battle+for+Bikini+Bottom+%28USA%29?sf_options=desc%3D%26_options_sf&quot;,return)</favourite>
	<favourite name="Spongebob Squarepants - Creature from the Krusty Krab" thumb="http://thegamesdb.net/banners/boxart/original/front/40811-1.jpg">ActivateWindow(10025,&quot;plugin://plugin.program.iarl/Emulator/Sony_Playstation_2_N3RDFLIX/Game/Spongebob+Squarepants+-+Creature+from+the+Krusty+Krab+%28USA%29?sf_options=desc%3D%26_options_sf&quot;,return)</favourite>
	<favourite name="Spongebob Squarepants - Lights, Camera, PANTS!" thumb="http://thegamesdb.net/banners/boxart/original/front/40197-1.jpg">ActivateWindow(10025,&quot;plugin://plugin.program.iarl/Emulator/Sony_Playstation_2_N3RDFLIX/Game/Spongebob+Squarepants+-+Lights%2C+Camera%2C+PANTS%21+%28USA%29?sf_options=desc%3D%26_options_sf&quot;,return)</favourite>
	<favourite name="Spongebob Squarepants - Revenge of the Flying Dutchman" thumb="http://thegamesdb.net/banners/boxart/original/front/26070-1.jpg">ActivateWindow(10025,&quot;plugin://plugin.program.iarl/Emulator/Sony_Playstation_2_N3RDFLIX/Game/Spongebob+Squarepants+-+Revenge+of+the+Flying+Dutchman+%28USA%29?sf_options=desc%3D%26_options_sf&quot;,return)</favourite>
	<favourite name="Spongebob Squarepants - The Movie" thumb="http://thegamesdb.net/banners/boxart/original/front/9821-1.jpg">ActivateWindow(10025,&quot;plugin://plugin.program.iarl/Emulator/Sony_Playstation_2_N3RDFLIX/Game/Spongebob+Squarepants+-+The+Movie+%28USA%29?sf_options=desc%3D%26_options_sf&quot;,return)</favourite>
	<favourite name="Spongebob Squarepants - The Yellow Avenger" thumb="http://thegamesdb.net/banners/boxart/original/front/42551-1.jpg">ActivateWindow(10025,&quot;plugin://plugin.program.iarl/Emulator/NINTENDO_DS_N3RDFLIX/Game/Spongebob+Squarepants+-+The+Yellow+Avenger+%28USA%29?sf_options=desc%3D%26_options_sf&quot;,return)</favourite>
	<favourite name="The SpongeBob SquarePants Movie" thumb="http://thegamesdb.net/banners/boxart/original/front/7051-1.jpg">ActivateWindow(10025,&quot;plugin://plugin.program.iarl/Emulator/Nintendo_Gamecube_N3RDFLIX/Game/The+SpongeBob+SquarePants+Movie?sf_options=desc%3D%26_options_sf&quot;,return)</favourite>
</favourites>