<favourites>
    <favourite name="Jak and Daxter - The Lost Frontier" thumb="http://thegamesdb.net/banners/boxart/original/front/12581-1.jpg">ActivateWindow(10025,&quot;plugin://plugin.program.iarl/Emulator/PSP_N3RDFLIX/Game/Jak+and+Daxter+-+The+Lost+Frontier+%28USA%29?sf_options=desc%3D%26_options_sf&quot;,return)</favourite>
	<favourite name="Jak and Daxter - The Lost Frontier" thumb="http://thegamesdb.net/banners/boxart/original/front/12580-1.jpg">ActivateWindow(10025,&quot;plugin://plugin.program.iarl/Emulator/Sony_Playstation_2_N3RDFLIX/Game/Jak+and+Daxter+-+The+Lost+Frontier+%28USA%29?sf_options=desc%3D%26_options_sf&quot;,return)</favourite>
	<favourite name="Jak and Daxter - The Precursor Legacy" thumb="http://thegamesdb.net/banners/boxart/original/front/4865-1.jpg">ActivateWindow(10025,&quot;plugin://plugin.program.iarl/Emulator/Sony_Playstation_2_N3RDFLIX/Game/Jak+and+Daxter+-+The+Precursor+Legacy+%28USA%29?sf_options=desc%3D%26_options_sf&quot;,return)</favourite>
	<favourite name="Jak II" thumb="http://thegamesdb.net/banners/boxart/original/front/4867-1.jpg">ActivateWindow(10025,&quot;plugin://plugin.program.iarl/Emulator/Sony_Playstation_2_N3RDFLIX/Game/Jak+II+%28USA%29?sf_options=desc%3D%26_options_sf&quot;,return)</favourite>
	<favourite name="Jak X - Combat Racing" thumb="http://thegamesdb.net/banners/boxart/original/front/9720-1.jpg">ActivateWindow(10025,&quot;plugin://plugin.program.iarl/Emulator/Sony_Playstation_2_N3RDFLIX/Game/Jak+X+-+Combat+Racing+%28USA%29?sf_options=desc%3D%26_options_sf&quot;,return)</favourite>
</favourites>