<favourites>
	<favourite name="Grand Theft Auto 2" thumb="http://thegamesdb.net/banners/boxart/original/front/8136-1.jpg">ActivateWindow(10025,&quot;plugin://plugin.program.iarl/Emulator/PS1_ZachMorris/Game/Grand+Theft+Auto+2+%28USA%29?sf_options=desc%3D%26_options_sf&quot;,return)</favourite>
	<favourite name="Grand Theft Auto" thumb="http://thegamesdb.net/banners/boxart/original/front/9437-1.jpg">ActivateWindow(10025,&quot;plugin://plugin.program.iarl/Emulator/PS1_ZachMorris/Game/Grand+Theft+Auto+%28USA%29?sf_options=desc%3D%26_options_sf&quot;,return)</favourite>
	<favourite name="Grand Theft Auto" thumb="http://thegamesdb.net/banners/boxart/original/front/17463-1.png">ActivateWindow(10025,&quot;plugin://plugin.program.iarl/Emulator/GBC_ZachMorris/Game/Grand+Theft+Auto+%28USA%29?sf_options=desc%3D%26_options_sf&quot;,return)</favourite>
	<favourite name="Grand Theft Auto - Chinatown Wars" thumb="http://thegamesdb.net/banners/boxart/original/front/11056-1.jpg">ActivateWindow(10025,&quot;plugin://plugin.program.iarl/Emulator/NINTENDO_DS_N3RDFLIX/Game/Grand+Theft+Auto+-+Chinatown+Wars+%28USA%29?sf_options=desc%3D%26_options_sf&quot;,return)</favourite>
	<favourite name="Grand Theft Auto - Chinatown Wars" thumb="http://thegamesdb.net/banners/boxart/original/front/7084-1.jpg">ActivateWindow(10025,&quot;plugin://plugin.program.iarl/Emulator/PSP_N3RDFLIX/Game/Grand+Theft+Auto+-+Chinatown+Wars+%28USA%29?sf_options=desc%3D%26_options_sf&quot;,return)</favourite>
	<favourite name="Grand Theft Auto - Liberty City Stories" thumb="http://thegamesdb.net/banners/boxart/original/front/7085-1.jpg">ActivateWindow(10025,&quot;plugin://plugin.program.iarl/Emulator/PSP_N3RDFLIX/Game/Grand+Theft+Auto+-+Liberty+City+Stories+%28USA%29?sf_options=desc%3D%26_options_sf&quot;,return)</favourite>
	<favourite name="Grand Theft Auto - Liberty City Stories" thumb="http://thegamesdb.net/banners/boxart/original/front/7288-1.jpg">ActivateWindow(10025,&quot;plugin://plugin.program.iarl/Emulator/Sony_Playstation_2_N3RDFLIX/Game/Grand+Theft+Auto+-+Liberty+City+Stories+%28USA%29?sf_options=desc%3D%26_options_sf&quot;,return)</favourite>
	<favourite name="Grand Theft Auto - Mission Pack #1 - London 1969" thumb="http://www.mobygames.com/images/covers/l/22058-grand-theft-auto-mission-pack-1-london-1969-playstation-front-cover.jpg">ActivateWindow(10025,&quot;plugin://plugin.program.iarl/Emulator/PS1_ZachMorris/Game/Grand+Theft+Auto+-+Mission+Pack+%231+-+London+1969+%28USA%29?sf_options=desc%3D%26_options_sf&quot;,return)</favourite>
	<favourite name="Grand Theft Auto - San Andreas" thumb="http://thegamesdb.net/banners/boxart/original/front/3930-1.jpg">ActivateWindow(10025,&quot;plugin://plugin.program.iarl/Emulator/Sony_Playstation_2_N3RDFLIX/Game/Grand+Theft+Auto+-+San+Andreas+%28USA%29?sf_options=desc%3D%26_options_sf&quot;,return)</favourite>
	<favourite name="Grand Theft Auto - Vice City" thumb="http://thegamesdb.net/banners/boxart/original/front/4166-1.jpg">ActivateWindow(10025,&quot;plugin://plugin.program.iarl/Emulator/Sony_Playstation_2_N3RDFLIX/Game/Grand+Theft+Auto+-+Vice+City+%28USA%29?sf_options=desc%3D%26_options_sf&quot;,return)</favourite>
	<favourite name="Grand Theft Auto - Vice City Stories" thumb="http://thegamesdb.net/banners/boxart/original/front/7289-1.jpg">ActivateWindow(10025,&quot;plugin://plugin.program.iarl/Emulator/Sony_Playstation_2_N3RDFLIX/Game/Grand+Theft+Auto+-+Vice+City+Stories+%28USA%29?sf_options=desc%3D%26_options_sf&quot;,return)</favourite>
	<favourite name="Grand Theft Auto - Vice City Stories" thumb="http://thegamesdb.net/banners/boxart/original/front/7086-1.jpg">ActivateWindow(10025,&quot;plugin://plugin.program.iarl/Emulator/PSP_N3RDFLIX/Game/Grand+Theft+Auto+-+Vice+City+Stories+%28USA%29?sf_options=desc%3D%26_options_sf&quot;,return)</favourite>
	<favourite name="Grand Theft Auto 2" thumb="http://thegamesdb.net/banners/boxart/original/front/8133-1.jpg">ActivateWindow(10025,&quot;plugin://plugin.program.iarl/Emulator/Sega_Dreamcast_ZachMorris/Game/Grand+Theft+Auto+2+%28USA%29?sf_options=desc%3D%26_options_sf&quot;,return)</favourite>
	<favourite name="Grand Theft Auto 2" thumb="http://static.giantbomb.com/uploads/scale_large/0/3699/1780455-gta2_cover.png">ActivateWindow(10025,&quot;plugin://plugin.program.iarl/Emulator/GBC_ZachMorris/Game/Grand+Theft+Auto+2+%28USA%29?sf_options=desc%3D%26_options_sf&quot;,return)</favourite>
	<favourite name="Grand Theft Auto Advance" thumb="http://static.giantbomb.com/uploads/scale_large/8/87790/1786965-box_gtaa.png">ActivateWindow(10025,&quot;plugin://plugin.program.iarl/Emulator/GBA_ZachMorris/Game/Grand+Theft+Auto+Advance+%28USA%29?sf_options=desc%3D%26_options_sf&quot;,return)</favourite>
</favourites>