<favourites>
	<favourite name="Donkey Kong" thumb="http://thegamesdb.net/banners/boxart/original/front/4000-1.jpg">ActivateWindow(10025,&quot;plugin://plugin.program.iarl/Emulator/Colecovision_ZachMorris/Game/Donkey+Kong?sf_options=desc%3D%26_options_sf&quot;,return)</favourite>
	<favourite name="Donkey Kong" thumb="http://www.mobygames.com/images/shots/l/2862-donkey-kong-pc-booter-screenshot-title-screen.jpg">ActivateWindow(10025,&quot;plugin://plugin.program.iarl/Emulator/IA_MSDOS_ZachMorris/Game/Donkey+Kong?sf_options=desc%3D%26_options_sf&quot;,return)</favourite>
	<favourite name="Donkey Kong" thumb="http://static.giantbomb.com/uploads/scale_large/6/66248/1696148-dk.jpg">ActivateWindow(10025,&quot;plugin://plugin.program.iarl/Emulator/Atari_800_ZachMorris/Game/Donkey+Kong?sf_options=desc%3D%26_options_sf&quot;,return)</favourite>
	<favourite name="Donkey Kong" thumb="http://thegamesdb.net/banners/boxart/original/front/4063-1.jpg">ActivateWindow(10025,&quot;plugin://plugin.program.iarl/Emulator/Intellivision_ZachMorris/Game/Donkey+Kong?sf_options=desc%3D%26_options_sf&quot;,return)</favourite>
	<favourite name="Donkey Kong" thumb="https://archive.org/download/C64Games_201705/C64_Artwork.zip/Commodore%2064%20Artwork%2FDonkey%20Kong%20%28Atarisoft%29%20%28USA%29%2FAdvert-Atarisoft.jpg">ActivateWindow(10025,&quot;plugin://plugin.program.iarl/Emulator/C64_ZachMorris/Game/Donkey+Kong+%28Atarisoft%29+%28USA%29?sf_options=desc%3D%26_options_sf&quot;,return)</favourite>
	<favourite name="Donkey Kong" thumb="http://thegamesdb.net/banners/boxart/original/front/4000-1.jpg">ActivateWindow(10025,&quot;plugin://plugin.program.iarl/Emulator/Colecovision_ZachMorris/Game/Donkey+Kong+%28Earlier%29?sf_options=desc%3D%26_options_sf&quot;,return)</favourite>
	<favourite name="Donkey Kong" thumb="http://static.giantbomb.com/uploads/scale_large/8/82063/2267442-946928-donkey_kong_94.jpg">ActivateWindow(10025,&quot;plugin://plugin.program.iarl/Emulator/GB_Classic_ZachMorris/Game/Donkey+Kong+%28Japan%2C+USA%29+%28SGB+Enhanced%29?sf_options=desc%3D%26_options_sf&quot;,return)</favourite>
	<favourite name="Donkey Kong" thumb="https://archive.org/download/C64Games_201705/C64_Artwork.zip/Commodore%2064%20Artwork%2FDonkey%20Kong%20%28Ocean%29%20%28Europe%29%2FAdvert-Ocean_Donkey_Kong.jpg">ActivateWindow(10025,&quot;plugin://plugin.program.iarl/Emulator/C64_ZachMorris/Game/Donkey+Kong+%28Ocean%29+%28Europe%29?sf_options=desc%3D%26_options_sf&quot;,return)</favourite>
	<favourite name="Donkey Kong" thumb="http://thegamesdb.net/banners/boxart/original/front/7862-1.jpg">ActivateWindow(10025,&quot;plugin://plugin.program.iarl/Emulator/MAME_AKNF_Full/Game/Donkey+Kong+%28US+set+1%29?sf_options=desc%3D%26_options_sf&quot;,return)</favourite>
	<favourite name="Donkey Kong" thumb="http://thegamesdb.net/banners/boxart/original/front/7862-1.jpg">ActivateWindow(10025,&quot;plugin://plugin.program.iarl/Emulator/MAME_ZachMorris/Game/Donkey+Kong+%28US+set+1%29?sf_options=desc%3D%26_options_sf&quot;,return)</favourite>
	<favourite name="Donkey Kong" thumb="http://images.launchbox-app.com/e1c573d0-0ad0-43ce-9b6b-c2708f5f2b1e.jpg">ActivateWindow(10025,&quot;plugin://plugin.program.iarl/Emulator/FBA_ZachMorris/Game/Donkey+Kong+%28US+set+1%29?sf_options=desc%3D%26_options_sf&quot;,return)</favourite>
	<favourite name="Donkey Kong" thumb="http://thegamesdb.net/banners/boxart/original/front/7862-1.jpg">ActivateWindow(10025,&quot;plugin://plugin.program.iarl/Emulator/MAME_2014_ZachMorris/Game/Donkey+Kong+%28US+set+1%29?sf_options=desc%3D%26_options_sf&quot;,return)</favourite>
	<favourite name="Donkey Kong" thumb="http://i.imgur.com/X4TCr3s.jpg">ActivateWindow(10025,&quot;plugin://plugin.program.iarl/Emulator/NES_ZachMorris/Game/Donkey+Kong+%28USA%29+%28GameCube+Edition%29?sf_options=desc%3D%26_options_sf&quot;,return)</favourite>
	<favourite name="Donkey Kong" thumb="http://i.imgur.com/X4TCr3s.jpg">ActivateWindow(10025,&quot;plugin://plugin.program.iarl/Emulator/NES_ZachMorris/Game/Donkey+Kong+%28World%29+%28Rev+A%29?sf_options=desc%3D%26_options_sf&quot;,return)</favourite>
	<favourite name="Donkey Kong" thumb="http://thegamesdb.net/banners/boxart/original/front/3174-1.jpg">ActivateWindow(10025,&quot;plugin://plugin.program.iarl/Emulator/GB_Classic_ZachMorris/Game/Donkey+Kong+%28World%29+%28Rev+A%29+%28SGB+Enhanced%29?sf_options=desc%3D%26_options_sf&quot;,return)</favourite>
	<favourite name="Donkey Kong 2001" thumb="http://thegamesdb.net/banners/boxart/original/front/8612-1.jpg">ActivateWindow(10025,&quot;plugin://plugin.program.iarl/Emulator/GBC_ZachMorris/Game/Donkey+Kong+2001+%28Japan%29?sf_options=desc%3D%26_options_sf&quot;,return)</favourite>
	<favourite name="Donkey Kong 3" thumb="http://thegamesdb.net/banners/boxart/original/front/3089-1.jpg">ActivateWindow(10025,&quot;plugin://plugin.program.iarl/Emulator/MAME_2014_ZachMorris/Game/Donkey+Kong+3+%28US%29?sf_options=desc%3D%26_options_sf&quot;,return)</favourite>
	<favourite name="Donkey Kong 3" thumb="http://thegamesdb.net/banners/boxart/original/front/3089-1.jpg">ActivateWindow(10025,&quot;plugin://plugin.program.iarl/Emulator/MAME_AKNF_Full/Game/Donkey+Kong+3+%28US%29?sf_options=desc%3D%26_options_sf&quot;,return)</favourite>
	<favourite name="Donkey Kong 3" thumb="http://thegamesdb.net/banners/boxart/original/front/3089-1.jpg">ActivateWindow(10025,&quot;plugin://plugin.program.iarl/Emulator/MAME_ZachMorris/Game/Donkey+Kong+3+%28US%29?sf_options=desc%3D%26_options_sf&quot;,return)</favourite>
	<favourite name="Donkey Kong 3" thumb="http://images.launchbox-app.com/dkong3.png">ActivateWindow(10025,&quot;plugin://plugin.program.iarl/Emulator/FBA_ZachMorris/Game/Donkey+Kong+3+%28US%29?sf_options=desc%3D%26_options_sf&quot;,return)</favourite>
	<favourite name="Donkey Kong 3" thumb="http://i.imgur.com/Szpi8HB.jpg">ActivateWindow(10025,&quot;plugin://plugin.program.iarl/Emulator/NES_ZachMorris/Game/Donkey+Kong+3+%28World%29?sf_options=desc%3D%26_options_sf&quot;,return)</favourite>
	<favourite name="Donkey Kong 64" thumb="http://static.giantbomb.com/uploads/scale_large/8/87790/2267064-box_dk64.png">ActivateWindow(10025,&quot;plugin://plugin.program.iarl/Emulator/N64_ZachMorris/Game/Donkey+Kong+64+%28USA%29?sf_options=desc%3D%26_options_sf&quot;,return)</favourite>
	<favourite name="34.  Donkey Kong 64" thumb="http://static.giantbomb.com/uploads/scale_large/8/87790/2267064-box_dk64.png">ActivateWindow(10025,&quot;plugin://plugin.program.iarl/Emulator/N64_Bestof_ZachMorris/Game/34.++Donkey+Kong+64?sf_options=desc%3D%26_options_sf&quot;,return)</favourite>
	<favourite name="Donkey Kong Classics" thumb="http://i.imgur.com/25TuXXq.jpg">ActivateWindow(10025,&quot;plugin://plugin.program.iarl/Emulator/NES_ZachMorris/Game/Donkey+Kong+Classics+%28USA%2C+Europe%29?sf_options=desc%3D%26_options_sf&quot;,return)</favourite>
	<favourite name="23.  Donkey Kong Country" thumb="http://static.giantbomb.com/uploads/scale_large/9/93770/2363725-snes_donkeykongcountry.jpg">ActivateWindow(10025,&quot;plugin://plugin.program.iarl/Emulator/SNES_Bestof_ZachMorris/Game/23.++Donkey+Kong+Country?sf_options=desc%3D%26_options_sf&quot;,return)</favourite>
	<favourite name="Donkey Kong Country" thumb="http://thegamesdb.net/banners/boxart/original/front/3391-1.jpg">ActivateWindow(10025,&quot;plugin://plugin.program.iarl/Emulator/GBA_ZachMorris/Game/Donkey+Kong+Country+%28USA%29?sf_options=desc%3D%26_options_sf&quot;,return)</favourite>
	<favourite name="Donkey Kong Country" thumb="http://i.imgur.com/afaAj2A.jpg">ActivateWindow(10025,&quot;plugin://plugin.program.iarl/Emulator/SNES_ZachMorris/Game/Donkey+Kong+Country+%28USA%29+%28Rev+2%29?sf_options=desc%3D%26_options_sf&quot;,return)</favourite>
	<favourite name="Donkey Kong Country - Competition Cartridge" thumb="http://i.imgur.com/kymbAMZ.jpg">ActivateWindow(10025,&quot;plugin://plugin.program.iarl/Emulator/SNES_ZachMorris/Game/Donkey+Kong+Country+-+Competition+Cartridge+%28USA%29?sf_options=desc%3D%26_options_sf&quot;,return)</favourite>
	<favourite name="Donkey Kong Country 2" thumb="http://static.giantbomb.com/uploads/scale_large/9/93770/2363725-snes_donkeykongcountry.jpg">ActivateWindow(10025,&quot;plugin://plugin.program.iarl/Emulator/GBA_ZachMorris/Game/Donkey+Kong+Country+2+%28USA%2C+Australia%29?sf_options=desc%3D%26_options_sf&quot;,return)</favourite>
	<favourite name="Donkey Kong Country 2 - Diddy" thumb="http://i.imgur.com/LhgQkyi.jpg">ActivateWindow(10025,&quot;plugin://plugin.program.iarl/Emulator/SNES_ZachMorris/Game/Donkey+Kong+Country+2+-+Diddy%27s+Kong+Quest+%28USA%29+%28En%2CFr%29+%28Rev+1%29?sf_options=desc%3D%26_options_sf&quot;,return)</favourite>
	<favourite name="17.  Donkey Kong Country 2 - Diddy" thumb="http://static.giantbomb.com/uploads/scale_large/9/93770/2363735-snes_dkc2final.jpg">ActivateWindow(10025,&quot;plugin://plugin.program.iarl/Emulator/SNES_Bestof_ZachMorris/Game/17.++Donkey+Kong+Country+2+-+Diddy%27s+Kong+Quest?sf_options=desc%3D%26_options_sf&quot;,return)</favourite>
	<favourite name="Donkey Kong Country 3" thumb="http://static.giantbomb.com/uploads/scale_large/9/93770/2363725-snes_donkeykongcountry.jpg">ActivateWindow(10025,&quot;plugin://plugin.program.iarl/Emulator/GBA_ZachMorris/Game/Donkey+Kong+Country+3+%28USA%2C+Australia%29?sf_options=desc%3D%26_options_sf&quot;,return)</favourite>
	<favourite name="Donkey Kong Country 3 - Dixie Kong" thumb="http://i.imgur.com/T7akEtF.jpg">ActivateWindow(10025,&quot;plugin://plugin.program.iarl/Emulator/SNES_ZachMorris/Game/Donkey+Kong+Country+3+-+Dixie+Kong%27s+Double+Trouble%21+%28USA%29+%28En%2CFr%29?sf_options=desc%3D%26_options_sf&quot;,return)</favourite>
	<favourite name="Donkey Kong Jungle Beat" thumb="http://thegamesdb.net/banners/boxart/original/front/2302-1.jpg">ActivateWindow(10025,&quot;plugin://plugin.program.iarl/Emulator/Nintendo_Gamecube_N3RDFLIX/Game/Donkey+Kong+Jungle+Beat+%28U%29%28OneUp%29?sf_options=desc%3D%26_options_sf&quot;,return)</favourite>
	<favourite name="Donkey Konga" thumb="http://thegamesdb.net/banners/boxart/original/front/6966-1.jpg">ActivateWindow(10025,&quot;plugin://plugin.program.iarl/Emulator/Nintendo_Gamecube_N3RDFLIX/Game/Donkey+Konga+%28U%29%28OneUp%29?sf_options=desc%3D%26_options_sf&quot;,return)</favourite>
	<favourite name="Donkey Konga 2" thumb="http://thegamesdb.net/banners/boxart/original/front/10593-1.jpg">ActivateWindow(10025,&quot;plugin://plugin.program.iarl/Emulator/Nintendo_Gamecube_N3RDFLIX/Game/Donkey+Konga+2+%28U%29%28OneUp%29?sf_options=desc%3D%26_options_sf&quot;,return)</favourite>
	<favourite name="Mario Vs Donkey Kong 2 - March of the Minis" thumb="http://thegamesdb.net/banners/boxart/original/front/46103-1.png">ActivateWindow(10025,&quot;plugin://plugin.program.iarl/Emulator/NINTENDO_DS_N3RDFLIX/Game/Mario+Vs+Donkey+Kong+2+-+March+of+the+Minis+%28US%29?sf_options=desc%3D%26_options_sf&quot;,return)</favourite>
	<favourite name="Mario vs. Donkey Kong - Mini-Land Mayhem!" thumb="http://thegamesdb.net/banners/boxart/original/front/11336-1.jpg">ActivateWindow(10025,&quot;plugin://plugin.program.iarl/Emulator/NINTENDO_DS_N3RDFLIX/Game/Mario+vs.+Donkey+Kong+-+Mini-Land+Mayhem%21+%28v01%29%28DSi+Enhanced%29+%28US%29%28M3%29?sf_options=desc%3D%26_options_sf&quot;,return)</favourite>
    <favourite name="Donkey Kong GB - Dinky Kong &amp; Dixie Kong" thumb="http://thegamesdb.net/banners/boxart/original/front/31288-1.jpg">ActivateWindow(10025,&quot;plugin://plugin.program.iarl/Emulator/GBC_ZachMorris/Game/Donkey+Kong+GB+-+Dinky+Kong+%26+Dixie+Kong+%28Japan%29?sf_options=desc%3D%26_options_sf&quot;,return)</favourite>
	<favourite name="Donkey Kong Jr" thumb="http://static.giantbomb.com/uploads/scale_large/9/93770/2361669-nes_donkeykongjr.jpg">ActivateWindow(10025,&quot;plugin://plugin.program.iarl/Emulator/Intellivision_ZachMorris/Game/Donkey+Kong+Jr?sf_options=desc%3D%26_options_sf&quot;,return)</favourite>
	<favourite name="Donkey Kong Jr" thumb="http://static.giantbomb.com/uploads/scale_large/9/93770/2361669-nes_donkeykongjr.jpg">ActivateWindow(10025,&quot;plugin://plugin.program.iarl/Emulator/Atari_2600_ZachMorris/Game/Donkey+Kong+Jr+%28CCE%29?sf_options=desc%3D%26_options_sf&quot;,return)</favourite>
	<favourite name="Donkey Kong Jr." thumb="http://static.giantbomb.com/uploads/scale_large/9/93770/2361669-nes_donkeykongjr.jpg">ActivateWindow(10025,&quot;plugin://plugin.program.iarl/Emulator/Atari_800_ZachMorris/Game/Donkey+Kong+Jr.?sf_options=desc%3D%26_options_sf&quot;,return)</favourite>
	<favourite name="Donkey Kong Jr." thumb="http://static.giantbomb.com/uploads/scale_large/9/93770/2361669-nes_donkeykongjr.jpg">ActivateWindow(10025,&quot;plugin://plugin.program.iarl/Emulator/Atari_2600_ZachMorris/Game/Donkey+Kong+Jr.+%28Tron%29?sf_options=desc%3D%26_options_sf&quot;,return)</favourite>
	<favourite name="Donkey Kong Jr." thumb="http://i.imgur.com/lfLUbBt.jpg">ActivateWindow(10025,&quot;plugin://plugin.program.iarl/Emulator/NES_ZachMorris/Game/Donkey+Kong+Jr.+%28USA%29+%28GameCube+Edition%29?sf_options=desc%3D%26_options_sf&quot;,return)</favourite>
	<favourite name="Donkey Kong Jr." thumb="http://i.imgur.com/lfLUbBt.jpg">ActivateWindow(10025,&quot;plugin://plugin.program.iarl/Emulator/NES_ZachMorris/Game/Donkey+Kong+Jr.+%28World%29+%28Rev+A%29?sf_options=desc%3D%26_options_sf&quot;,return)</favourite>
	<favourite name="Donkey Kong Jr. + Jr. Lesson" thumb="http://i.imgur.com/lfLUbBt.jpg">ActivateWindow(10025,&quot;plugin://plugin.program.iarl/Emulator/NES_ZachMorris/Game/Donkey+Kong+Jr.+%2B+Jr.+Lesson+%28Japan%29?sf_options=desc%3D%26_options_sf&quot;,return)</favourite>
	<favourite name="Donkey Kong Jr. Math" thumb="http://i.imgur.com/hlL7bzE.jpg">ActivateWindow(10025,&quot;plugin://plugin.program.iarl/Emulator/NES_ZachMorris/Game/Donkey+Kong+Jr.+Math+%28USA%2C+Europe%29?sf_options=desc%3D%26_options_sf&quot;,return)</favourite>
	<favourite name="Donkey Kong Jr. no Sansuu Asobi" thumb="http://i.imgur.com/hlL7bzE.jpg">ActivateWindow(10025,&quot;plugin://plugin.program.iarl/Emulator/NES_ZachMorris/Game/Donkey+Kong+Jr.+no+Sansuu+Asobi+%28Japan%29?sf_options=desc%3D%26_options_sf&quot;,return)</favourite>
	<favourite name="Donkey Kong Junior" thumb="http://thegamesdb.net/banners/boxart/original/front/7613-1.jpg">ActivateWindow(10025,&quot;plugin://plugin.program.iarl/Emulator/Atari_2600_ZachMorris/Game/Donkey+Kong+Junior?sf_options=desc%3D%26_options_sf&quot;,return)</favourite>
	<favourite name="Donkey Kong Junior" thumb="http://thegamesdb.net/banners/boxart/original/front/4001-1.jpg">ActivateWindow(10025,&quot;plugin://plugin.program.iarl/Emulator/Colecovision_ZachMorris/Game/Donkey+Kong+Junior?sf_options=desc%3D%26_options_sf&quot;,return)</favourite>
	<favourite name="Donkey Kong Junior" thumb="http://thegamesdb.net/banners/boxart/original/front/7863-1.jpg">ActivateWindow(10025,&quot;plugin://plugin.program.iarl/Emulator/MAME_AKNF_Full/Game/Donkey+Kong+Junior+%28US+set+F-2%29?sf_options=desc%3D%26_options_sf&quot;,return)</favourite>
	<favourite name="Donkey Kong Junior" thumb="http://thegamesdb.net/banners/boxart/original/front/7863-1.jpg">ActivateWindow(10025,&quot;plugin://plugin.program.iarl/Emulator/MAME_ZachMorris/Game/Donkey+Kong+Junior+%28US+set+F-2%29?sf_options=desc%3D%26_options_sf&quot;,return)</favourite>
	<favourite name="Donkey Kong Junior" thumb="http://images.launchbox-app.com/e038175d-7917-432f-be41-6300436c5583.jpg">ActivateWindow(10025,&quot;plugin://plugin.program.iarl/Emulator/FBA_ZachMorris/Game/Donkey+Kong+Junior+%28US+set+F-2%29?sf_options=desc%3D%26_options_sf&quot;,return)</favourite>
	<favourite name="Donkey Kong Junior" thumb="http://thegamesdb.net/banners/boxart/original/front/7863-1.jpg">ActivateWindow(10025,&quot;plugin://plugin.program.iarl/Emulator/MAME_2014_ZachMorris/Game/Donkey+Kong+Junior+%28US+set+F-2%29?sf_options=desc%3D%26_options_sf&quot;,return)</favourite>
	<favourite name="Donkey Kong Land" thumb="http://thegamesdb.net/banners/boxart/original/front/2644-1.jpg">ActivateWindow(10025,&quot;plugin://plugin.program.iarl/Emulator/GB_Classic_ZachMorris/Game/Donkey+Kong+Land+%28USA%2C+Europe%29+%28SGB+Enhanced%29?sf_options=desc%3D%26_options_sf&quot;,return)</favourite>
	<favourite name="Donkey Kong Land 2" thumb="http://static.giantbomb.com/uploads/scale_large/0/3948/1167190-197138_27868_front.jpg">ActivateWindow(10025,&quot;plugin://plugin.program.iarl/Emulator/GB_Classic_ZachMorris/Game/Donkey+Kong+Land+2+%28USA%2C+Europe%29+%28SGB+Enhanced%29?sf_options=desc%3D%26_options_sf&quot;,return)</favourite>
	<favourite name="Donkey Kong Land III" thumb="http://thegamesdb.net/banners/boxart/original/front/3175-1.jpg">ActivateWindow(10025,&quot;plugin://plugin.program.iarl/Emulator/GB_Classic_ZachMorris/Game/Donkey+Kong+Land+III+%28USA%2C+Europe%29+%28Rev+A%29+%28SGB+Enhanced%29?sf_options=desc%3D%26_options_sf&quot;,return)</favourite>
	<favourite name="Donkey Kong Land III" thumb="http://static.giantbomb.com/uploads/scale_large/0/7465/782334-donkey_kong_land_iii_coverart.jpg">ActivateWindow(10025,&quot;plugin://plugin.program.iarl/Emulator/GB_Classic_ZachMorris/Game/Donkey+Kong+Land+III+%28USA%2C+Europe%29+%28SGB+Enhanced%29?sf_options=desc%3D%26_options_sf&quot;,return)</favourite>
	<favourite name="Famicom Mini 02 - Donkey Kong" thumb="http://thegamesdb.net/banners/boxart/original/front/3355-1.jpg">ActivateWindow(10025,&quot;plugin://plugin.program.iarl/Emulator/GBA_ZachMorris/Game/Famicom+Mini+02+-+Donkey+Kong+%28Japan%29+%28En%29?sf_options=desc%3D%26_options_sf&quot;,return)</favourite>
	<favourite name="Mario vs. Donkey Kong" thumb="http://static.giantbomb.com/uploads/scale_large/0/8600/350382-mario_vs_dk.jpg">ActivateWindow(10025,&quot;plugin://plugin.program.iarl/Emulator/GBA_ZachMorris/Game/Mario+vs.+Donkey+Kong+%28USA%2C+Australia%29?sf_options=desc%3D%26_options_sf&quot;,return)</favourite>
	<favourite name="Super Donkey Kong" thumb="http://thegamesdb.net/banners/boxart/original/front/3391-1.jpg">ActivateWindow(10025,&quot;plugin://plugin.program.iarl/Emulator/GBA_ZachMorris/Game/Super+Donkey+Kong+%28Japan%29?sf_options=desc%3D%26_options_sf&quot;,return)</favourite>
	<favourite name="Super Donkey Kong" thumb="http://i.imgur.com/XwhWuya.jpg">ActivateWindow(10025,&quot;plugin://plugin.program.iarl/Emulator/SNES_ZachMorris/Game/Super+Donkey+Kong+%28Japan%29+%28Rev+1%29?sf_options=desc%3D%26_options_sf&quot;,return)</favourite>
	<favourite name="Super Donkey Kong / Super Bomberman 2" thumb="http://archive.org/download/Mame172arcdcmplt/snap.zip/pss64.png">ActivateWindow(10025,&quot;plugin://plugin.program.iarl/Emulator/MAME_ZachMorris/Game/Super+Donkey+Kong+%2F+Super+Bomberman+2+%28Super+Famicom+Box%29?sf_options=desc%3D%26_options_sf&quot;,return)</favourite>
	<favourite name="Super Donkey Kong / Super Tetris 2 + Bombliss" thumb="http://archive.org/download/Mame172arcdcmplt/snap.zip/pss63.png">ActivateWindow(10025,&quot;plugin://plugin.program.iarl/Emulator/MAME_ZachMorris/Game/Super+Donkey+Kong+%2F+Super+Tetris+2+%2B+Bombliss+%28Super+Famicom+Box%29?sf_options=desc%3D%26_options_sf&quot;,return)</favourite>
	<favourite name="Super Donkey Kong 2" thumb="http://thegamesdb.net/banners/boxart/original/front/3392-1.jpg">ActivateWindow(10025,&quot;plugin://plugin.program.iarl/Emulator/GBA_ZachMorris/Game/Super+Donkey+Kong+2+%28Japan%29?sf_options=desc%3D%26_options_sf&quot;,return)</favourite>
	<favourite name="Super Donkey Kong 2 - Dixie &amp; Diddy" thumb="http://i.imgur.com/t2GQsUJ.jpg">ActivateWindow(10025,&quot;plugin://plugin.program.iarl/Emulator/SNES_ZachMorris/Game/Super+Donkey+Kong+2+-+Dixie+%26+Diddy+%28Japan%29+%28Rev+1%29?sf_options=desc%3D%26_options_sf&quot;,return)</favourite>
	<favourite name="Super Donkey Kong 3" thumb="http://thegamesdb.net/banners/boxart/original/front/3455-1.jpg">ActivateWindow(10025,&quot;plugin://plugin.program.iarl/Emulator/GBA_ZachMorris/Game/Super+Donkey+Kong+3+%28Japan%29?sf_options=desc%3D%26_options_sf&quot;,return)</favourite>
	<favourite name="Super Donkey Kong 3 - Nazo no Kremis-tou" thumb="http://i.imgur.com/T7akEtF.jpg">ActivateWindow(10025,&quot;plugin://plugin.program.iarl/Emulator/SNES_ZachMorris/Game/Super+Donkey+Kong+3+-+Nazo+no+Kremis-tou+%28Japan%29+%28Rev+1%29?sf_options=desc%3D%26_options_sf&quot;,return)</favourite>
	<favourite name="Super Donkey Kong GB" thumb="http://thegamesdb.net/banners/boxart/original/front/2644-1.jpg">ActivateWindow(10025,&quot;plugin://plugin.program.iarl/Emulator/GB_Classic_ZachMorris/Game/Super+Donkey+Kong+GB+%28Japan%29+%28SGB+Enhanced%29?sf_options=desc%3D%26_options_sf&quot;,return)</favourite>
	<favourite name="25.  Mario vs. Donkey Kong" thumb="http://static.giantbomb.com/uploads/scale_large/0/8600/350382-mario_vs_dk.jpg">ActivateWindow(10025,&quot;plugin://plugin.program.iarl/Emulator/GBA_Bestof_ZachMorris/Game/25.++Mario+vs.+Donkey+Kong?sf_options=desc%3D%26_options_sf&quot;,return)</favourite>
	<favourite name="Classic NES Series - Donkey Kong" thumb="http://thegamesdb.net/banners/boxart/original/front/3355-1.jpg">ActivateWindow(10025,&quot;plugin://plugin.program.iarl/Emulator/GBA_ZachMorris/Game/Classic+NES+Series+-+Donkey+Kong+%28USA%2C+Europe%29?sf_options=desc%3D%26_options_sf&quot;,return)</favourite>
	<favourite name="Classics:  2.  Donkey Kong" thumb="http://thegamesdb.net/banners/boxart/original/front/7862-1.jpg">ActivateWindow(10025,&quot;plugin://plugin.program.iarl/Emulator/MAME_Bestof_ZachMorris/Game/Classics%3A++2.++Donkey+Kong?sf_options=desc%3D%26_options_sf&quot;,return)</favourite>
	<favourite name="Classics:  6.  Donkey Kong Junior" thumb="http://thegamesdb.net/banners/boxart/original/front/7863-1.jpg">ActivateWindow(10025,&quot;plugin://plugin.program.iarl/Emulator/MAME_Bestof_ZachMorris/Game/Classics%3A++6.++Donkey+Kong+Junior?sf_options=desc%3D%26_options_sf&quot;,return)</favourite>
</favourites>