<favourites>
    <favourite name="Harvest Moon - A Wonderful Life" thumb="http://thegamesdb.net/banners/boxart/original/front/9255-2.jpg">ActivateWindow(10025,&quot;plugin://plugin.program.iarl/Emulator/Nintendo_Gamecube_N3RDFLIX/Game/Harvest+Moon+-+A+Wonderful+Life+%28Europe%29?sf_options=desc%3D%26_options_sf&quot;,return)</favourite>
	<favourite name="Harvest Moon" thumb="http://i.imgur.com/cYUOQ9O.jpg">ActivateWindow(10025,&quot;plugin://plugin.program.iarl/Emulator/SNES_ZachMorris/Game/Harvest+Moon+%28USA%29?sf_options=desc%3D%26_options_sf&quot;,return)</favourite>
	<favourite name="Harvest Moon - Back to Nature" thumb="http://thegamesdb.net/banners/boxart/original/front/13240-1.jpg">ActivateWindow(10025,&quot;plugin://plugin.program.iarl/Emulator/PS1_ZachMorris/Game/Harvest+Moon+-+Back+to+Nature+%28USA%29?sf_options=desc%3D%26_options_sf&quot;,return)</favourite>
	<favourite name="Harvest Moon - Boy & Girl" thumb="http://thegamesdb.net/banners/boxart/original/front/14485-1.jpg">ActivateWindow(10025,&quot;plugin://plugin.program.iarl/Emulator/PSP_N3RDFLIX/Game/Harvest+Moon+-+Boy+%26+Girl+%28USA%29?sf_options=desc%3D%26_options_sf&quot;,return)</favourite>
	<favourite name="Harvest Moon - Frantic Farming" thumb="http://thegamesdb.net/banners/boxart/original/front/15222-1.png">ActivateWindow(10025,&quot;plugin://plugin.program.iarl/Emulator/NINTENDO_DS_N3RDFLIX/Game/Harvest+Moon+-+Frantic+Farming+%28USA%29?sf_options=desc%3D%26_options_sf&quot;,return)</favourite>
	<favourite name="Harvest Moon - Friends of Mineral Town" thumb="http://static.giantbomb.com/uploads/scale_large/8/87790/2139794-box_hmfomt.png">ActivateWindow(10025,&quot;plugin://plugin.program.iarl/Emulator/GBA_ZachMorris/Game/Harvest+Moon+-+Friends+of+Mineral+Town+%28USA%29?sf_options=desc%3D%26_options_sf&quot;,return)</favourite>
	<favourite name="Harvest Moon - Grand Bazaar" thumb="http://thegamesdb.net/banners/boxart/original/front/15221-1.jpg">ActivateWindow(10025,&quot;plugin://plugin.program.iarl/Emulator/NINTENDO_DS_N3RDFLIX/Game/Harvest+Moon+-+Grand+Bazaar+%28Europe%29?sf_options=desc%3D%26_options_sf&quot;,return)</favourite>
	<favourite name="Harvest Moon - Hero of Leaf Valley" thumb="http://thegamesdb.net/banners/boxart/original/front/14489-1.jpg">ActivateWindow(10025,&quot;plugin://plugin.program.iarl/Emulator/PSP_N3RDFLIX/Game/Harvest+Moon+-+Hero+of+Leaf+Valley+%28USA%29?sf_options=desc%3D%26_options_sf&quot;,return)</favourite>
	<favourite name="Harvest Moon - More Friends of Mineral Town" thumb="http://thegamesdb.net/banners/boxart/original/front/3468-1.jpg">ActivateWindow(10025,&quot;plugin://plugin.program.iarl/Emulator/GBA_ZachMorris/Game/Harvest+Moon+-+More+Friends+of+Mineral+Town+%28USA%29?sf_options=desc%3D%26_options_sf&quot;,return)</favourite>
	<favourite name="Harvest Moon - The Tale of Two Towns" thumb="http://thegamesdb.net/banners/boxart/original/front/14404-1.jpg">ActivateWindow(10025,&quot;plugin://plugin.program.iarl/Emulator/NINTENDO_DS_N3RDFLIX/Game/Harvest+Moon+-+The+Tale+of+Two+Towns+%28Europe%29?sf_options=desc%3D%26_options_sf&quot;,return)</favourite>
	<favourite name="Harvest Moon 3 GBC" thumb="http://thegamesdb.net/banners/boxart/original/front/18809-1.png">ActivateWindow(10025,&quot;plugin://plugin.program.iarl/Emulator/GBC_ZachMorris/Game/Harvest+Moon+3+GBC+%28USA%29?sf_options=desc%3D%26_options_sf&quot;,return)</favourite>
	<favourite name="Harvest Moon 64" thumb="http://thegamesdb.net/banners/boxart/original/front/1114-1.jpg">ActivateWindow(10025,&quot;plugin://plugin.program.iarl/Emulator/N64_ZachMorris/Game/Harvest+Moon+64+%28USA%29?sf_options=desc%3D%26_options_sf&quot;,return)</favourite>
	<favourite name="Harvest Moon Another Wonderful Life" thumb="http://thegamesdb.net/banners/boxart/original/front/20203-1.jpg">ActivateWindow(10025,&quot;plugin://plugin.program.iarl/Emulator/Nintendo_Gamecube_N3RDFLIX/Game/Harvest+Moon+Another+Wonderful+Life?sf_options=desc%3D%26_options_sf&quot;,return)</favourite>
	<favourite name="Harvest Moon DS" thumb="http://thegamesdb.net/banners/boxart/original/front/15220-1.jpg">ActivateWindow(10025,&quot;plugin://plugin.program.iarl/Emulator/NINTENDO_DS_N3RDFLIX/Game/Harvest+Moon+DS+%28USA%29?sf_options=desc%3D%26_options_sf&quot;,return)</favourite>
	<favourite name="Harvest Moon DS - Island of Happiness" thumb="http://thegamesdb.net/banners/boxart/original/front/15219-1.png">ActivateWindow(10025,&quot;plugin://plugin.program.iarl/Emulator/NINTENDO_DS_N3RDFLIX/Game/Harvest+Moon+DS+-+Island+of+Happiness+%28Europe%29?sf_options=desc%3D%26_options_sf&quot;,return)</favourite>
	<favourite name="Harvest Moon DS - Sunshine Islands" thumb="http://thegamesdb.net/banners/boxart/original/front/15218-1.jpg">ActivateWindow(10025,&quot;plugin://plugin.program.iarl/Emulator/NINTENDO_DS_N3RDFLIX/Game/Harvest+Moon+DS+-+Sunshine+Islands+%28USA%29?sf_options=desc%3D%26_options_sf&quot;,return)</favourite>
	<favourite name="Harvest Moon DS Cute" thumb="http://thegamesdb.net/banners/boxart/original/front/14323-1.jpg">ActivateWindow(10025,&quot;plugin://plugin.program.iarl/Emulator/NINTENDO_DS_N3RDFLIX/Game/Harvest+Moon+DS+Cute+%28USA%29?sf_options=desc%3D%26_options_sf&quot;,return)</favourite>
	<favourite name="Harvest Moon GB" thumb="http://thegamesdb.net/banners/boxart/original/front/18808-1.jpg">ActivateWindow(10025,&quot;plugin://plugin.program.iarl/Emulator/GB_Classic_ZachMorris/Game/Harvest+Moon+GB+%28USA%29+%28SGB+Enhanced%29?sf_options=desc%3D%26_options_sf&quot;,return)</favourite>
	<favourite name="Harvest Moon Magical Melody" thumb="http://thegamesdb.net/banners/boxart/original/front/16854-1.jpg">ActivateWindow(10025,&quot;plugin://plugin.program.iarl/Emulator/Nintendo_Gamecube_N3RDFLIX/Game/Harvest+Moon+Magical+Melody?sf_options=desc%3D%26_options_sf&quot;,return)</favourite>
    <favourite name="Rune Factory - A Fantasy Harvest Moon" thumb="http://thegamesdb.net/banners/boxart/original/front/11407-1.jpg">ActivateWindow(10025,&quot;plugin://plugin.program.iarl/Emulator/NINTENDO_DS_N3RDFLIX/Game/Rune+Factory+-+A+Fantasy+Harvest+Moon+%28USA%29?sf_options=desc%3D%26_options_sf&quot;,return)</favourite>
	<favourite name="Rune Factory 2 - A Fantasy Harvest Moon" thumb="http://thegamesdb.net/banners/boxart/original/front/11409-1.jpg">ActivateWindow(10025,&quot;plugin://plugin.program.iarl/Emulator/NINTENDO_DS_N3RDFLIX/Game/Rune+Factory+2+-+A+Fantasy+Harvest+Moon+%28USA%29?sf_options=desc%3D%26_options_sf&quot;,return)</favourite>
	<favourite name="Rune Factory 3 - A Fantasy Harvest Moon" thumb="http://thegamesdb.net/banners/boxart/original/front/11410-1.jpg">ActivateWindow(10025,&quot;plugin://plugin.program.iarl/Emulator/NINTENDO_DS_N3RDFLIX/Game/Rune+Factory+3+-+A+Fantasy+Harvest+Moon+%28USA%29?sf_options=desc%3D%26_options_sf&quot;,return)</favourite>
    <favourite name="Harvest Moon - A Wonderful Life" thumb="http://thegamesdb.net/banners/boxart/original/front/9255-2.jpg">ActivateWindow(10025,&quot;plugin://plugin.program.iarl/Emulator/Nintendo_Gamecube_N3RDFLIX/Game/Harvest+Moon+-+A+Wonderful+Life+%28Europe%29?sf_options=desc%3D%26_options_sf&quot;,return)</favourite>
	<favourite name="Harvest Moon - A Wonderful Life - Special Edition" thumb="http://thegamesdb.net/banners/boxart/original/front/27556-1.jpg">ActivateWindow(10025,&quot;plugin://plugin.program.iarl/Emulator/Sony_Playstation_2_N3RDFLIX/Game/Harvest+Moon+-+A+Wonderful+Life+-+Special+Edition+%28USA%29?sf_options=desc%3D%26_options_sf&quot;,return)</favourite>
	<favourite name="Harvest Moon - Boy & Girl" thumb="http://thegamesdb.net/banners/boxart/original/front/14485-1.jpg">ActivateWindow(10025,&quot;plugin://plugin.program.iarl/Emulator/PSP_N3RDFLIX/Game/Harvest+Moon+-+Boy+%26+Girl+%28USA%29?sf_options=desc%3D%26_options_sf&quot;,return)</favourite>
	<favourite name="Harvest Moon - Frantic Farming" thumb="http://thegamesdb.net/banners/boxart/original/front/15222-1.png">ActivateWindow(10025,&quot;plugin://plugin.program.iarl/Emulator/NINTENDO_DS_N3RDFLIX/Game/Harvest+Moon+-+Frantic+Farming+%28USA%29?sf_options=desc%3D%26_options_sf&quot;,return)</favourite>
	<favourite name="Harvest Moon - Grand Bazaar" thumb="http://thegamesdb.net/banners/boxart/original/front/15221-1.jpg">ActivateWindow(10025,&quot;plugin://plugin.program.iarl/Emulator/NINTENDO_DS_N3RDFLIX/Game/Harvest+Moon+-+Grand+Bazaar+%28Europe%29?sf_options=desc%3D%26_options_sf&quot;,return)</favourite>
	<favourite name="Harvest Moon - Hero of Leaf Valley" thumb="http://thegamesdb.net/banners/boxart/original/front/14489-1.jpg">ActivateWindow(10025,&quot;plugin://plugin.program.iarl/Emulator/PSP_N3RDFLIX/Game/Harvest+Moon+-+Hero+of+Leaf+Valley+%28USA%29?sf_options=desc%3D%26_options_sf&quot;,return)</favourite>
	<favourite name="Harvest Moon - Save the Homeland" thumb="http://thegamesdb.net/banners/boxart/original/front/9709-1.jpg">ActivateWindow(10025,&quot;plugin://plugin.program.iarl/Emulator/Sony_Playstation_2_N3RDFLIX/Game/Harvest+Moon+-+Save+the+Homeland+%28USA%29?sf_options=desc%3D%26_options_sf&quot;,return)</favourite>
	<favourite name="Harvest Moon - The Tale of Two Towns" thumb="http://thegamesdb.net/banners/boxart/original/front/14404-1.jpg">ActivateWindow(10025,&quot;plugin://plugin.program.iarl/Emulator/NINTENDO_DS_N3RDFLIX/Game/Harvest+Moon+-+The+Tale+of+Two+Towns+%28Europe%29?sf_options=desc%3D%26_options_sf&quot;,return)</favourite>
	<favourite name="Harvest Moon Another Wonderful Life" thumb="http://thegamesdb.net/banners/boxart/original/front/20203-1.jpg">ActivateWindow(10025,&quot;plugin://plugin.program.iarl/Emulator/Nintendo_Gamecube_N3RDFLIX/Game/Harvest+Moon+Another+Wonderful+Life?sf_options=desc%3D%26_options_sf&quot;,return)</favourite>
	<favourite name="Harvest Moon DS" thumb="http://thegamesdb.net/banners/boxart/original/front/15220-1.jpg">ActivateWindow(10025,&quot;plugin://plugin.program.iarl/Emulator/NINTENDO_DS_N3RDFLIX/Game/Harvest+Moon+DS+%28USA%29?sf_options=desc%3D%26_options_sf&quot;,return)</favourite>
	<favourite name="Harvest Moon DS - Island of Happiness" thumb="http://thegamesdb.net/banners/boxart/original/front/15219-1.png">ActivateWindow(10025,&quot;plugin://plugin.program.iarl/Emulator/NINTENDO_DS_N3RDFLIX/Game/Harvest+Moon+DS+-+Island+of+Happiness+%28Europe%29?sf_options=desc%3D%26_options_sf&quot;,return)</favourite>
	<favourite name="Harvest Moon DS - Sunshine Islands" thumb="http://thegamesdb.net/banners/boxart/original/front/15218-1.jpg">ActivateWindow(10025,&quot;plugin://plugin.program.iarl/Emulator/NINTENDO_DS_N3RDFLIX/Game/Harvest+Moon+DS+-+Sunshine+Islands+%28USA%29?sf_options=desc%3D%26_options_sf&quot;,return)</favourite>
	<favourite name="Harvest Moon DS Cute" thumb="http://thegamesdb.net/banners/boxart/original/front/14323-1.jpg">ActivateWindow(10025,&quot;plugin://plugin.program.iarl/Emulator/NINTENDO_DS_N3RDFLIX/Game/Harvest+Moon+DS+Cute+%28USA%29?sf_options=desc%3D%26_options_sf&quot;,return)</favourite>
	<favourite name="Harvest Moon Magical Melody" thumb="http://thegamesdb.net/banners/boxart/original/front/16854-1.jpg">ActivateWindow(10025,&quot;plugin://plugin.program.iarl/Emulator/Nintendo_Gamecube_N3RDFLIX/Game/Harvest+Moon+Magical+Melody?sf_options=desc%3D%26_options_sf&quot;,return)</favourite>
	<favourite name="Innocent Life - A Futuristic Harvest Moon" thumb="http://thegamesdb.net/banners/boxart/original/front/19750-1.jpg">ActivateWindow(10025,&quot;plugin://plugin.program.iarl/Emulator/Sony_Playstation_2_N3RDFLIX/Game/Innocent+Life+-+A+Futuristic+Harvest+Moon+%28USA%29?sf_options=desc%3D%26_options_sf&quot;,return)</favourite>
	<favourite name="Innocent Life - A futuristic Harvest Moon" thumb="http://thegamesdb.net/banners/boxart/original/front/15063-1.jpg">ActivateWindow(10025,&quot;plugin://plugin.program.iarl/Emulator/PSP_N3RDFLIX/Game/Innocent+Life+-+A+futuristic+Harvest+Moon+%28USA%29?sf_options=desc%3D%26_options_sf&quot;,return)</favourite>
	<favourite name="Puzzle de Harvest Moon" thumb="http://thegamesdb.net/banners/boxart/original/front/15223-1.jpg">ActivateWindow(10025,&quot;plugin://plugin.program.iarl/Emulator/NINTENDO_DS_N3RDFLIX/Game/Puzzle+de+Harvest+Moon+%28USA%29?sf_options=desc%3D%26_options_sf&quot;,return)</favourite>
	<favourite name="Rune Factory - A Fantasy Harvest Moon" thumb="http://thegamesdb.net/banners/boxart/original/front/11407-1.jpg">ActivateWindow(10025,&quot;plugin://plugin.program.iarl/Emulator/NINTENDO_DS_N3RDFLIX/Game/Rune+Factory+-+A+Fantasy+Harvest+Moon+%28USA%29?sf_options=desc%3D%26_options_sf&quot;,return)</favourite>
	<favourite name="Rune Factory 2 - A Fantasy Harvest Moon" thumb="http://thegamesdb.net/banners/boxart/original/front/11409-1.jpg">ActivateWindow(10025,&quot;plugin://plugin.program.iarl/Emulator/NINTENDO_DS_N3RDFLIX/Game/Rune+Factory+2+-+A+Fantasy+Harvest+Moon+%28USA%29?sf_options=desc%3D%26_options_sf&quot;,return)</favourite>
	<favourite name="Rune Factory 3 - A Fantasy Harvest Moon" thumb="http://thegamesdb.net/banners/boxart/original/front/11410-1.jpg">ActivateWindow(10025,&quot;plugin://plugin.program.iarl/Emulator/NINTENDO_DS_N3RDFLIX/Game/Rune+Factory+3+-+A+Fantasy+Harvest+Moon+%28USA%29?sf_options=desc%3D%26_options_sf&quot;,return)</favourite>
</favourites>