<favourites>
	<favourite name="1.  Pitfall!" thumb="http://thegamesdb.net/banners/boxart/original/front/5317-1.jpg">ActivateWindow(10025,&quot;plugin://plugin.program.iarl/Emulator/Atari_2600_Bestof_ZachMorris/Game/1.++Pitfall%21?sf_options=desc%3D%26_options_sf&quot;,return)</favourite>
	<favourite name="David Crane" thumb="http://www.mobygames.com/images/covers/l/32804-pitfall-ii-lost-caverns-atari-5200-front-cover.jpg">ActivateWindow(10025,&quot;plugin://plugin.program.iarl/Emulator/Atari_5200_ZachMorris/Game/David+Crane%27s+Pitfall+II+-+Lost+Caverns?sf_options=desc%3D%26_options_sf&quot;,return)</favourite>
	<favourite name="Pitfall!" thumb="http://static.giantbomb.com/uploads/scale_large/9/93770/2367802-a2600_pitfall_none.jpg">ActivateWindow(10025,&quot;plugin://plugin.program.iarl/Emulator/Atari_800_ZachMorris/Game/Pitfall%21?sf_options=desc%3D%26_options_sf&quot;,return)</favourite>
	<favourite name="Pitfall!" thumb="http://thegamesdb.net/banners/boxart/original/front/4013-1.jpg">ActivateWindow(10025,&quot;plugin://plugin.program.iarl/Emulator/Colecovision_ZachMorris/Game/Pitfall%21?sf_options=desc%3D%26_options_sf&quot;,return)</favourite>
	<favourite name="Pitfall!" thumb="http://thegamesdb.net/banners/boxart/original/front/5192-1.jpg">ActivateWindow(10025,&quot;plugin://plugin.program.iarl/Emulator/Atari_5200_ZachMorris/Game/Pitfall%21?sf_options=desc%3D%26_options_sf&quot;,return)</favourite>
	<favourite name="Pitfall!" thumb="http://thegamesdb.net/banners/boxart/original/front/4079-1.jpg">ActivateWindow(10025,&quot;plugin://plugin.program.iarl/Emulator/Intellivision_ZachMorris/Game/Pitfall%21?sf_options=desc%3D%26_options_sf&quot;,return)</favourite>
	<favourite name="Pitfall! - Abenteuer im Urwald" thumb="http://static.giantbomb.com/uploads/scale_large/9/93770/2367802-a2600_pitfall_none.jpg">ActivateWindow(10025,&quot;plugin://plugin.program.iarl/Emulator/Atari_2600_ZachMorris/Game/Pitfall%21+-+Abenteuer+im+Urwald+%28PAL%29?sf_options=desc%3D%26_options_sf&quot;,return)</favourite>
	<favourite name="Pitfall - Beyond the Jungle" thumb="http://thegamesdb.net/banners/boxart/original/front/17467-1.jpg">ActivateWindow(10025,&quot;plugin://plugin.program.iarl/Emulator/GBC_ZachMorris/Game/Pitfall+-+Beyond+the+Jungle+%28USA%2C+Europe%29?sf_options=desc%3D%26_options_sf&quot;,return)</favourite>
	<favourite name="Pitfall - Pitfall Harry" thumb="https://archive.org/download/C64Games_201705/C64_Artwork.zip/Commodore%2064%20Artwork%2FPitfall%20-%20Pitfall%20Harry%27s%20Jungle%20Adventure%20%28USA%29%2FCover%20%28Activision%20-%20Cartridge%29-Pitfall_%28Cartridge_v1%29.jpg">ActivateWindow(10025,&quot;plugin://plugin.program.iarl/Emulator/C64_ZachMorris/Game/Pitfall+-+Pitfall+Harry%27s+Jungle+Adventure?sf_options=desc%3D%26_options_sf&quot;,return)</favourite>
	<favourite name="Pitfall - The Lost Expedition" thumb="http://thegamesdb.net/banners/boxart/original/front/12933-1.jpg">ActivateWindow(10025,&quot;plugin://plugin.program.iarl/Emulator/Sony_Playstation_2_N3RDFLIX/Game/Pitfall+-+The+Lost+Expedition+%28USA%29?sf_options=desc%3D%26_options_sf&quot;,return)</favourite>
	<favourite name="Pitfall - The Lost Expedition" thumb="http://static.giantbomb.com/uploads/scale_large/8/87790/1797990-box_pitfalltle.png">ActivateWindow(10025,&quot;plugin://plugin.program.iarl/Emulator/GBA_ZachMorris/Game/Pitfall+-+The+Lost+Expedition+%28USA%29?sf_options=desc%3D%26_options_sf&quot;,return)</favourite>
	<favourite name="Pitfall - The Mayan Adventure" thumb="http://thegamesdb.net/banners/boxart/original/front/5075-1.png">ActivateWindow(10025,&quot;plugin://plugin.program.iarl/Emulator/Sega_CD_ZachMorris/Game/Pitfall+-+The+Mayan+Adventure?sf_options=desc%3D%26_options_sf&quot;,return)</favourite>
	<favourite name="Pitfall - The Mayan Adventure" thumb="http://thegamesdb.net/banners/boxart/original/front/9079-1.jpg">ActivateWindow(10025,&quot;plugin://plugin.program.iarl/Emulator/32X_ZachMorris/Game/Pitfall+-+The+Mayan+Adventure+%28USA%29?sf_options=desc%3D%26_options_sf&quot;,return)</favourite>
	<favourite name="Pitfall - The Mayan Adventure" thumb="http://i.imgur.com/a9aH7ER.jpg">ActivateWindow(10025,&quot;plugin://plugin.program.iarl/Emulator/SNES_ZachMorris/Game/Pitfall+-+The+Mayan+Adventure+%28USA%29?sf_options=desc%3D%26_options_sf&quot;,return)</favourite>
	<favourite name="Pitfall - The Mayan Adventure" thumb="http://static.giantbomb.com/uploads/scale_large/9/93770/2371351-genesis_pitfallthemayanadventure.jpg">ActivateWindow(10025,&quot;plugin://plugin.program.iarl/Emulator/Genesis_ZachMorris/Game/Pitfall+-+The+Mayan+Adventure+%28USA%29?sf_options=desc%3D%26_options_sf&quot;,return)</favourite>
	<favourite name="Pitfall - The Mayan Adventure" thumb="http://thegamesdb.net/banners/boxart/original/front/3532-1.jpg">ActivateWindow(10025,&quot;plugin://plugin.program.iarl/Emulator/GBA_ZachMorris/Game/Pitfall+-+The+Mayan+Adventure+%28USA%2C+Europe%29?sf_options=desc%3D%26_options_sf&quot;,return)</favourite>
	<favourite name="Pitfall - The Mayan Adventure" thumb="http://thegamesdb.net/banners/boxart/original/front/3979-1.jpg">ActivateWindow(10025,&quot;plugin://plugin.program.iarl/Emulator/Atari_Jaguar_ZachMorris/Game/Pitfall+-+The+Mayan+Adventure+%28World%29?sf_options=desc%3D%26_options_sf&quot;,return)</favourite>
	<favourite name="Pitfall 3D - Beyond the Jungle" thumb="http://thegamesdb.net/banners/boxart/original/front/11726-1.jpg">ActivateWindow(10025,&quot;plugin://plugin.program.iarl/Emulator/PS1_ZachMorris/Game/Pitfall+3D+-+Beyond+the+Jungle+%28USA%29?sf_options=desc%3D%26_options_sf&quot;,return)</favourite>
	<favourite name="Pitfall II: Lost Caverns" thumb="http://thegamesdb.net/banners/boxart/original/front/10411-1.jpg">ActivateWindow(10025,&quot;plugin://plugin.program.iarl/Emulator/Colecovision_ZachMorris/Game/Pitfall+II%3A+Lost+Caverns?sf_options=desc%3D%26_options_sf&quot;,return)</favourite>
	<favourite name="Pitfall II" thumb="http://archive.org/download/Mame172arcdcmplt/cabinets.zip/pitfall2.png">ActivateWindow(10025,&quot;plugin://plugin.program.iarl/Emulator/MAME_ZachMorris/Game/Pitfall+II+%28315-5093%29?sf_options=desc%3D%26_options_sf&quot;,return)</favourite>
	<favourite name="Pitfall II" thumb="http://archive.org/download/Mame172arcdcmplt/cabinets.zip/pitfall2.png">ActivateWindow(10025,&quot;plugin://plugin.program.iarl/Emulator/MAME_2014_ZachMorris/Game/Pitfall+II+%28315-5093%29?sf_options=desc%3D%26_options_sf&quot;,return)</favourite>
	<favourite name="Pitfall II" thumb="http://images.launchbox-app.com/1903bdaf-6826-4e64-b946-36b3933ab6b2.png">ActivateWindow(10025,&quot;plugin://plugin.program.iarl/Emulator/FBA_ZachMorris/Game/Pitfall+II+%28315-5093%29?sf_options=desc%3D%26_options_sf&quot;,return)</favourite>
	<favourite name="Pitfall II - Lost Caverns" thumb="https://archive.org/download/C64Games_201705/C64_Artwork.zip/Commodore%2064%20Artwork%2FPitfall%20II%20-%20Lost%20Caverns%20%28USA%29%2F%5B1.Front%5D%20Front1.jpg">ActivateWindow(10025,&quot;plugin://plugin.program.iarl/Emulator/C64_ZachMorris/Game/Pitfall+II+-+Lost+Caverns?sf_options=desc%3D%26_options_sf&quot;,return)</favourite>
	<favourite name="Pitfall II - Lost Caverns" thumb="http://static.giantbomb.com/uploads/scale_large/9/93770/2366214-a5200_pitfall2.jpg">ActivateWindow(10025,&quot;plugin://plugin.program.iarl/Emulator/Atari_800_ZachMorris/Game/Pitfall+II+-+Lost+Caverns?sf_options=desc%3D%26_options_sf&quot;,return)</favourite>
	<favourite name="Super Pitfall" thumb="http://i.imgur.com/TYgCPe3.png">ActivateWindow(10025,&quot;plugin://plugin.program.iarl/Emulator/NES_ZachMorris/Game/Super+Pitfall+%28USA%29?sf_options=desc%3D%26_options_sf&quot;,return)</favourite>
    <favourite name="Pitfall - The Lost Expedition" thumb="http://thegamesdb.net/banners/boxart/original/front/12933-1.jpg">ActivateWindow(10025,&quot;plugin://plugin.program.iarl/Emulator/Sony_Playstation_2_N3RDFLIX/Game/Pitfall+-+The+Lost+Expedition+%28USA%29?sf_options=desc%3D%26_options_sf&quot;,return)</favourite>
</favourites>