<favourites>
	<favourite name="Pinball 2000" thumb="http://www.mobygames.com/images/covers/l/11133-pinball-2000-dos-front-cover.jpg">ActivateWindow(10025,&quot;plugin://plugin.program.iarl/Emulator/IA_MSDOS_ZachMorris/Game/Pinball+2000?sf_options=desc%3D%26_options_sf&quot;,return)</favourite>
	<favourite name="Advanced Pinball Simulator" thumb="https://archive.org/download/C64Games_201705/C64_Artwork.zip/Commodore%2064%20Artwork%2FAdvanced%20Pinball%20Simulator%20%28Europe%29%2F%5B1.Front%5D%20Front1.jpg">ActivateWindow(10025,&quot;plugin://plugin.program.iarl/Emulator/C64_ZachMorris/Game/Advanced+Pinball+Simulator+%28Europe%29?sf_options=desc%3D%26_options_sf&quot;,return)</favourite>
	<favourite name="Austin Powers Pinball" thumb="http://thegamesdb.net/banners/boxart/original/front/12145-1.jpg">ActivateWindow(10025,&quot;plugin://plugin.program.iarl/Emulator/PS1_ZachMorris/Game/Austin+Powers+Pinball+%28USA%29?sf_options=desc%3D%26_options_sf&quot;,return)</favourite>
	<favourite name="Battle Pinball" thumb="http://thegamesdb.net/banners/boxart/original/front/25185-1.jpg">ActivateWindow(10025,&quot;plugin://plugin.program.iarl/Emulator/3DO_ZachMorris/Game/Battle+Pinball+%28Japan%29?sf_options=desc%3D%26_options_sf&quot;,return)</favourite>
	<favourite name="Battle Pinball" thumb="http://i.imgur.com/f1d2pZ1.jpg">ActivateWindow(10025,&quot;plugin://plugin.program.iarl/Emulator/SNES_ZachMorris/Game/Battle+Pinball+%28Japan%29?sf_options=desc%3D%26_options_sf&quot;,return)</favourite>
	<favourite name="Combo Pack - Sonic Advance + Sonic Pinball Party" thumb="http://img.gamefaqs.net/box/9/5/4/71954_front.jpg">ActivateWindow(10025,&quot;plugin://plugin.program.iarl/Emulator/GBA_ZachMorris/Game/Combo+Pack+-+Sonic+Advance+%2B+Sonic+Pinball+Party+%28USA%29+%28En%2CJa%2CFr%2CDe%2CEs%2BEn%2CJa%2CFr%2CDe%2CEs%2CIt%29?sf_options=desc%3D%26_options_sf&quot;,return)</favourite>
	<favourite name="Crue Ball - Heavy Metal Pinball" thumb="http://i.imgur.com/D8PcU8y.jpg">ActivateWindow(10025,&quot;plugin://plugin.program.iarl/Emulator/Genesis_ZachMorris/Game/Crue+Ball+-+Heavy+Metal+Pinball+%28USA%2C+Europe%29?sf_options=desc%3D%26_options_sf&quot;,return)</favourite>
	<favourite name="Devil Crash - Naxat Pinball" thumb="http://thegamesdb.net/banners/boxart/original/front/18442-1.jpg">ActivateWindow(10025,&quot;plugin://plugin.program.iarl/Emulator/TG16_ZachMorris/Game/Devil+Crash+-+Naxat+Pinball+%28Japan%29?sf_options=desc%3D%26_options_sf&quot;,return)</favourite>
	<favourite name="Double Pack - Sonic Battle &amp; Sonic Pinball Party" thumb="http://img.gamefaqs.net/box/6/6/5/92665_front.jpg">ActivateWindow(10025,&quot;plugin://plugin.program.iarl/Emulator/GBA_ZachMorris/Game/Double+Pack+-+Sonic+Battle+%26+Sonic+Pinball+Party+%28Japan%29+%28En%2CJa%2BEn%2CJa%2CFr%2CDe%2CEs%2CIt%29?sf_options=desc%3D%26_options_sf&quot;,return)</favourite>
	<favourite name="Dream Pinball 3D" thumb="http://thegamesdb.net/banners/boxart/original/front/47154-1.jpg">ActivateWindow(10025,&quot;plugin://plugin.program.iarl/Emulator/NINTENDO_DS_N3RDFLIX/Game/Dream+Pinball+3D+%28USA%29?sf_options=desc%3D%26_options_sf&quot;,return)</favourite>
	<favourite name="Extreme Pinball" thumb="http://static.giantbomb.com/uploads/scale_large/0/9253/1258118-extremepinball_us_ps_front.jpg">ActivateWindow(10025,&quot;plugin://plugin.program.iarl/Emulator/PS1_ZachMorris/Game/Extreme+Pinball+%28USA%29?sf_options=desc%3D%26_options_sf&quot;,return)</favourite>
	<favourite name="Family Pinball" thumb="http://i.imgur.com/Cj6z8Vl.jpg">ActivateWindow(10025,&quot;plugin://plugin.program.iarl/Emulator/NES_ZachMorris/Game/Family+Pinball+%28Japan%29?sf_options=desc%3D%26_options_sf&quot;,return)</favourite>
	<favourite name="Hardcore Pinball" thumb="http://thegamesdb.net/banners/boxart/original/front/25980-1.jpg">ActivateWindow(10025,&quot;plugin://plugin.program.iarl/Emulator/GBA_ZachMorris/Game/Hardcore+Pinball+%28USA%2C+Europe%29?sf_options=desc%3D%26_options_sf&quot;,return)</favourite>
	<favourite name="Hero Shuugou!! Pinball Party" thumb="http://img.gamefaqs.net/box/7/3/4/316734_front.jpg">ActivateWindow(10025,&quot;plugin://plugin.program.iarl/Emulator/GB_Classic_ZachMorris/Game/Hero+Shuugou%21%21+Pinball+Party+%28Japan%29?sf_options=desc%3D%26_options_sf&quot;,return)</favourite>
	<favourite name="KISS Pinball" thumb="http://thegamesdb.net/banners/boxart/original/front/12760-1.jpg">ActivateWindow(10025,&quot;plugin://plugin.program.iarl/Emulator/PS1_ZachMorris/Game/KISS+Pinball+%28USA%29?sf_options=desc%3D%26_options_sf&quot;,return)</favourite>
	<favourite name="Kirby" thumb="http://thegamesdb.net/banners/boxart/original/front/3191-1.jpg">ActivateWindow(10025,&quot;plugin://plugin.program.iarl/Emulator/GB_Classic_ZachMorris/Game/Kirby%27s+Pinball+Land+%28USA%2C+Europe%29?sf_options=desc%3D%26_options_sf&quot;,return)</favourite>
	<favourite name="Kirby no Pinball" thumb="http://thegamesdb.net/banners/boxart/original/front/3191-1.jpg">ActivateWindow(10025,&quot;plugin://plugin.program.iarl/Emulator/GB_Classic_ZachMorris/Game/Kirby+no+Pinball+%28Japan%29?sf_options=desc%3D%26_options_sf&quot;,return)</favourite>
	<favourite name="Last Gladiators - Digital Pinball" thumb="http://thegamesdb.net/banners/boxart/original/front/6279-1.jpg">ActivateWindow(10025,&quot;plugin://plugin.program.iarl/Emulator/Sega_Saturn_ZachMorris/Game/Last+Gladiators+-+Digital+Pinball+%28USA%29+%284S%29?sf_options=desc%3D%26_options_sf&quot;,return)</favourite>
	<favourite name="Little Mermaid II, The - Pinball Frenzy" thumb="http://static.giantbomb.com/uploads/scale_large/4/48222/1377791-472569_44201_front.jpg">ActivateWindow(10025,&quot;plugin://plugin.program.iarl/Emulator/GBC_ZachMorris/Game/Little+Mermaid+II%2C+The+-+Pinball+Frenzy+%28USA%29+%28En%2CFr%2CDe%2CEs%2CIt%29+%28Rumble+Version%29?sf_options=desc%3D%26_options_sf&quot;,return)</favourite>
	<favourite name="Mario Pinball Land" thumb="http://thegamesdb.net/banners/boxart/original/front/14576-1.jpg">ActivateWindow(10025,&quot;plugin://plugin.program.iarl/Emulator/GBA_ZachMorris/Game/Mario+Pinball+Land+%28USA%2C+Australia%29?sf_options=desc%3D%26_options_sf&quot;,return)</favourite>
	<favourite name="Microsoft Pinball Arcade" thumb="http://thegamesdb.net/banners/boxart/original/front/21853-1.png">ActivateWindow(10025,&quot;plugin://plugin.program.iarl/Emulator/GBC_ZachMorris/Game/Microsoft+Pinball+Arcade+%28USA%29?sf_options=desc%3D%26_options_sf&quot;,return)</favourite>
	<favourite name="Muppet Pinball Mayhem" thumb="http://thegamesdb.net/banners/boxart/original/front/26054-1.jpg">ActivateWindow(10025,&quot;plugin://plugin.program.iarl/Emulator/GBA_ZachMorris/Game/Muppet+Pinball+Mayhem+%28USA%29?sf_options=desc%3D%26_options_sf&quot;,return)</favourite>
	<favourite name="Naxat Super Pinball - Jaki Crush" thumb="http://i.imgur.com/0FQjNEH.jpg">ActivateWindow(10025,&quot;plugin://plugin.program.iarl/Emulator/SNES_ZachMorris/Game/Naxat+Super+Pinball+-+Jaki+Crush+%28Japan%29?sf_options=desc%3D%26_options_sf&quot;,return)</favourite>
	<favourite name="Night Mission Pinball" thumb="http://www.mobygames.com/images/covers/l/10288-night-mission-pinball-pc-booter-front-cover.jpg">ActivateWindow(10025,&quot;plugin://plugin.program.iarl/Emulator/IA_MSDOS_ZachMorris/Game/Night+Mission+Pinball?sf_options=desc%3D%26_options_sf&quot;,return)</favourite>
	<favourite name="Night Mission Pinball" thumb="https://archive.org/download/C64Games_201705/C64_Artwork.zip/Commodore%2064%20Artwork%2FNight%20Mission%20Pinball%20%28USA%29%2F%5B1.Front%5D%20Front1.jpg">ActivateWindow(10025,&quot;plugin://plugin.program.iarl/Emulator/C64_ZachMorris/Game/Night+Mission+Pinball+%28USA%29?sf_options=desc%3D%26_options_sf&quot;,return)</favourite>
	<favourite name="Patriotic Pinball" thumb="http://static.giantbomb.com/uploads/scale_large/0/980/471147-patriotic_pinball.jpg">ActivateWindow(10025,&quot;plugin://plugin.program.iarl/Emulator/PS1_ZachMorris/Game/Patriotic+Pinball+%28USA%29?sf_options=desc%3D%26_options_sf&quot;,return)</favourite>
	<favourite name="Metroid Prime Pinball" thumb="http://thegamesdb.net/banners/boxart/original/front/6849-1.jpg">ActivateWindow(10025,&quot;plugin://plugin.program.iarl/Emulator/NINTENDO_DS_N3RDFLIX/Game/Metroid+Prime+Pinball+%28US%29?sf_options=desc%3D%26_options_sf&quot;,return)</favourite>
	<favourite name="Pinball" thumb="http://thegamesdb.net/banners/boxart/original/front/43881-1.jpg">ActivateWindow(10025,&quot;plugin://plugin.program.iarl/Emulator/Sony_Playstation_2_N3RDFLIX/Game/Pinball+%28Europe%29?sf_options=desc%3D%26_options_sf&quot;,return)</favourite>
	<favourite name="Pinball" thumb="http://thegamesdb.net/banners/boxart/original/front/19249-1.jpg">ActivateWindow(10025,&quot;plugin://plugin.program.iarl/Emulator/PSP_N3RDFLIX/Game/Pinball+%28J%29%28DMU%29?sf_options=desc%3D%26_options_sf&quot;,return)</favourite>
	<favourite name="Pinball Hall of Fame" thumb="http://thegamesdb.net/banners/boxart/original/front/18160-1.jpg">ActivateWindow(10025,&quot;plugin://plugin.program.iarl/Emulator/Nintendo_Gamecube_N3RDFLIX/Game/Pinball+Hall+of+Fame+%28U%29%28XWaR%29?sf_options=desc%3D%26_options_sf&quot;,return)</favourite>
	<favourite name="Pinball Hall of Fame - The Gottlieb Collection" thumb="http://thegamesdb.net/banners/boxart/original/front/18158-1.jpg">ActivateWindow(10025,&quot;plugin://plugin.program.iarl/Emulator/Sony_Playstation_2_N3RDFLIX/Game/Pinball+Hall+of+Fame+-+The+Gottlieb+Collection+%28USA%29?sf_options=desc%3D%26_options_sf&quot;,return)</favourite>
	<favourite name="Pinball Hall of Fame - The Gottlieb Collection" thumb="http://thegamesdb.net/banners/boxart/original/front/18159-1.jpg">ActivateWindow(10025,&quot;plugin://plugin.program.iarl/Emulator/PSP_N3RDFLIX/Game/Pinball+Hall+of+Fame+-+The+Gottlieb+Collection+%28USA%29?sf_options=desc%3D%26_options_sf&quot;,return)</favourite>
	<favourite name="Pinball Hall of Fame - The Williams Collection" thumb="http://thegamesdb.net/banners/boxart/original/front/24822-1.jpg">ActivateWindow(10025,&quot;plugin://plugin.program.iarl/Emulator/PSP_N3RDFLIX/Game/Pinball+Hall+of+Fame+-+The+Williams+Collection+%28USA%29?sf_options=desc%3D%26_options_sf&quot;,return)</favourite>
	<favourite name="Pinball Hall of Fame - The Williams Collection" thumb="http://thegamesdb.net/banners/boxart/original/front/14599-1.jpg">ActivateWindow(10025,&quot;plugin://plugin.program.iarl/Emulator/Sony_Playstation_2_N3RDFLIX/Game/Pinball+Hall+of+Fame+-+The+Williams+Collection+%28USA%29?sf_options=desc%3D%26_options_sf&quot;,return)</favourite>
    <favourite name="Pinball" thumb="http://thegamesdb.net/banners/boxart/original/front/10535-1.jpg">ActivateWindow(10025,&quot;plugin://plugin.program.iarl/Emulator/Intellivision_ZachMorris/Game/Pinball?sf_options=desc%3D%26_options_sf&quot;,return)</favourite>
	<favourite name="Pinball" thumb="http://thegamesdb.net/banners/boxart/original/front/43881-1.jpg">ActivateWindow(10025,&quot;plugin://plugin.program.iarl/Emulator/Sony_Playstation_2_N3RDFLIX/Game/Pinball+%28Europe%29?sf_options=desc%3D%26_options_sf&quot;,return)</favourite>
	<favourite name="Pinball" thumb="http://i.imgur.com/XspI0TG.jpg">ActivateWindow(10025,&quot;plugin://plugin.program.iarl/Emulator/NES_ZachMorris/Game/Pinball+%28USA%29+%28GameCube+Edition%29?sf_options=desc%3D%26_options_sf&quot;,return)</favourite>
	<favourite name="Pinball" thumb="http://i.imgur.com/XspI0TG.jpg">ActivateWindow(10025,&quot;plugin://plugin.program.iarl/Emulator/NES_ZachMorris/Game/Pinball+%28World%29?sf_options=desc%3D%26_options_sf&quot;,return)</favourite>
	<favourite name="Pinball - 66hiki no Wani Daikoushin!" thumb="http://thegamesdb.net/banners/boxart/original/front/16782-1.png">ActivateWindow(10025,&quot;plugin://plugin.program.iarl/Emulator/GB_Classic_ZachMorris/Game/Pinball+-+66hiki+no+Wani+Daikoushin%21+%28Japan%29?sf_options=desc%3D%26_options_sf&quot;,return)</favourite>
	<favourite name="Pinball - Revenge of the " thumb="http://static.giantbomb.com/uploads/scale_large/0/5911/832303-pinball_revenge_gator.jpg">ActivateWindow(10025,&quot;plugin://plugin.program.iarl/Emulator/GB_Classic_ZachMorris/Game/Pinball+-+Revenge+of+the+%27Gator+%28USA%2C+Europe%29?sf_options=desc%3D%26_options_sf&quot;,return)</favourite>
	<favourite name="Pinball Action" thumb="http://thegamesdb.net/banners/boxart/original/front/12882-1.png">ActivateWindow(10025,&quot;plugin://plugin.program.iarl/Emulator/MAME_ZachMorris/Game/Pinball+Action+%28set+1%29?sf_options=desc%3D%26_options_sf&quot;,return)</favourite>
	<favourite name="Pinball Action" thumb="http://thegamesdb.net/banners/boxart/original/front/12882-1.png">ActivateWindow(10025,&quot;plugin://plugin.program.iarl/Emulator/MAME_2014_ZachMorris/Game/Pinball+Action+%28set+1%29?sf_options=desc%3D%26_options_sf&quot;,return)</favourite>
	<favourite name="Pinball Advance" thumb="http://thegamesdb.net/banners/boxart/original/front/26109-1.jpg">ActivateWindow(10025,&quot;plugin://plugin.program.iarl/Emulator/GBA_ZachMorris/Game/Pinball+Advance+%28Europe%29+%28En%2CFr%2CDe%2CEs%2CIt%29?sf_options=desc%3D%26_options_sf&quot;,return)</favourite>
	<favourite name="Pinball Challenge Deluxe" thumb="http://thegamesdb.net/banners/boxart/original/front/26110-1.jpg">ActivateWindow(10025,&quot;plugin://plugin.program.iarl/Emulator/GBA_ZachMorris/Game/Pinball+Challenge+Deluxe+%28Europe%29?sf_options=desc%3D%26_options_sf&quot;,return)</favourite>
	<favourite name="Pinball Construction Set" thumb="http://www.mobygames.com/images/covers/l/239295-pinball-construction-set-pc-booter-front-cover.jpg">ActivateWindow(10025,&quot;plugin://plugin.program.iarl/Emulator/IA_MSDOS_ZachMorris/Game/Pinball+Construction+Set?sf_options=desc%3D%26_options_sf&quot;,return)</favourite>
	<favourite name="Pinball Construction Set" thumb="https://archive.org/download/C64Games_201705/C64_Artwork.zip/Commodore%2064%20Artwork%2FPinball%20Construction%20Set%20%28USA%29%2FCover-Pinball_Construction_Set.jpg">ActivateWindow(10025,&quot;plugin://plugin.program.iarl/Emulator/C64_ZachMorris/Game/Pinball+Construction+Set+%28USA%29?sf_options=desc%3D%26_options_sf&quot;,return)</favourite>
	<favourite name="Pinball Deluxe" thumb="http://thegamesdb.net/banners/boxart/original/front/24105-1.jpg">ActivateWindow(10025,&quot;plugin://plugin.program.iarl/Emulator/GB_Classic_ZachMorris/Game/Pinball+Deluxe+%28Europe%29?sf_options=desc%3D%26_options_sf&quot;,return)</favourite>
	<favourite name="Pinball Dreams" thumb="http://www.mobygames.com/images/covers/l/23679-jill-of-the-jungle-jill-saves-the-prince-dos-front-cover.jpg">ActivateWindow(10025,&quot;plugin://plugin.program.iarl/Emulator/IA_MSDOS_ZachMorris/Game/Pinball+Dreams?sf_options=desc%3D%26_options_sf&quot;,return)</favourite>
	<favourite name="Pinball Dreams" thumb="http://thegamesdb.net/banners/boxart/original/front/25171-1.jpg">ActivateWindow(10025,&quot;plugin://plugin.program.iarl/Emulator/Game_Gear_ZachMorris/Game/Pinball+Dreams+%28USA%29?sf_options=desc%3D%26_options_sf&quot;,return)</favourite>
	<favourite name="Pinball Dreams" thumb="http://i.imgur.com/YSwhw0p.jpg">ActivateWindow(10025,&quot;plugin://plugin.program.iarl/Emulator/SNES_ZachMorris/Game/Pinball+Dreams+%28USA%29?sf_options=desc%3D%26_options_sf&quot;,return)</favourite>
	<favourite name="Pinball Dreams" thumb="http://thegamesdb.net/banners/boxart/original/front/21695-1.jpg">ActivateWindow(10025,&quot;plugin://plugin.program.iarl/Emulator/GB_Classic_ZachMorris/Game/Pinball+Dreams+%28USA%2C+Europe%29?sf_options=desc%3D%26_options_sf&quot;,return)</favourite>
	<favourite name="Pinball Dreams II" thumb="http://www.mobygames.com/images/covers/l/87419-pinball-dreams-ii-dos-front-cover.jpg">ActivateWindow(10025,&quot;plugin://plugin.program.iarl/Emulator/IA_MSDOS_ZachMorris/Game/Pinball+Dreams+II?sf_options=desc%3D%26_options_sf&quot;,return)</favourite>
	<favourite name="Pinball Fantasies" thumb="http://www.mobygames.com/images/covers/l/46633-arcade-pool-dos-front-cover.jpg">ActivateWindow(10025,&quot;plugin://plugin.program.iarl/Emulator/IA_MSDOS_ZachMorris/Game/Pinball+Fantasies?sf_options=desc%3D%26_options_sf&quot;,return)</favourite>
	<favourite name="Pinball Fantasies" thumb="http://i.imgur.com/A9e7CFm.jpg">ActivateWindow(10025,&quot;plugin://plugin.program.iarl/Emulator/SNES_ZachMorris/Game/Pinball+Fantasies+%28USA%29?sf_options=desc%3D%26_options_sf&quot;,return)</favourite>
	<favourite name="Pinball Fantasies" thumb="http://thegamesdb.net/banners/boxart/original/front/21696-1.jpg">ActivateWindow(10025,&quot;plugin://plugin.program.iarl/Emulator/GB_Classic_ZachMorris/Game/Pinball+Fantasies+%28USA%2C+Europe%29?sf_options=desc%3D%26_options_sf&quot;,return)</favourite>
	<favourite name="Pinball Fantasies" thumb="http://thegamesdb.net/banners/boxart/original/front/3978-1.jpg">ActivateWindow(10025,&quot;plugin://plugin.program.iarl/Emulator/Atari_Jaguar_ZachMorris/Game/Pinball+Fantasies+%28World%29?sf_options=desc%3D%26_options_sf&quot;,return)</favourite>
	<favourite name="Pinball Graffiti" thumb="">ActivateWindow(10025,&quot;plugin://plugin.program.iarl/Emulator/Sega_Saturn_ZachMorris/Game/Pinball+Graffiti+%28Europe%29?sf_options=desc%3D%26_options_sf&quot;,return)</favourite>
	<favourite name="Pinball Hall of Fame - The Gottlieb Collection" thumb="http://thegamesdb.net/banners/boxart/original/front/18158-1.jpg">ActivateWindow(10025,&quot;plugin://plugin.program.iarl/Emulator/Sony_Playstation_2_N3RDFLIX/Game/Pinball+Hall+of+Fame+-+The+Gottlieb+Collection+%28USA%29?sf_options=desc%3D%26_options_sf&quot;,return)</favourite>
	<favourite name="Pinball Hall of Fame - The Gottlieb Collection" thumb="http://thegamesdb.net/banners/boxart/original/front/18159-1.jpg">ActivateWindow(10025,&quot;plugin://plugin.program.iarl/Emulator/PSP_N3RDFLIX/Game/Pinball+Hall+of+Fame+-+The+Gottlieb+Collection+%28USA%29?sf_options=desc%3D%26_options_sf&quot;,return)</favourite>
	<favourite name="Pinball Hall of Fame - The Williams Collection" thumb="http://thegamesdb.net/banners/boxart/original/front/24822-1.jpg">ActivateWindow(10025,&quot;plugin://plugin.program.iarl/Emulator/PSP_N3RDFLIX/Game/Pinball+Hall+of+Fame+-+The+Williams+Collection+%28USA%29?sf_options=desc%3D%26_options_sf&quot;,return)</favourite>
	<favourite name="Pinball Magic" thumb="http://www.mobygames.com/images/shots/l/377980-pinball-magic-dos-screenshot-title-screen.jpg">ActivateWindow(10025,&quot;plugin://plugin.program.iarl/Emulator/IA_MSDOS_ZachMorris/Game/Pinball+Magic?sf_options=desc%3D%26_options_sf&quot;,return)</favourite>
	<favourite name="Pinball Mania" thumb="http://thegamesdb.net/banners/boxart/original/front/28562-1.png">ActivateWindow(10025,&quot;plugin://plugin.program.iarl/Emulator/GB_Classic_ZachMorris/Game/Pinball+Mania+%28Europe%29?sf_options=desc%3D%26_options_sf&quot;,return)</favourite>
	<favourite name="Pinball Pinball" thumb="http://i.imgur.com/mxSjaGJ.jpg">ActivateWindow(10025,&quot;plugin://plugin.program.iarl/Emulator/SNES_ZachMorris/Game/Pinball+Pinball+%28Japan%29?sf_options=desc%3D%26_options_sf&quot;,return)</favourite>
	<favourite name="Pinball Quest" thumb="http://i.imgur.com/xTJCxXT.jpg">ActivateWindow(10025,&quot;plugin://plugin.program.iarl/Emulator/NES_ZachMorris/Game/Pinball+Quest+%28USA%29?sf_options=desc%3D%26_options_sf&quot;,return)</favourite>
	<favourite name="Pinball Spectacular" thumb="https://archive.org/download/C64Games_201705/C64_Artwork.zip/Commodore%2064%20Artwork%2FPinball%20Spectacular%20%28USA%29%2FCover%20%28French%29-Pinball_Spectacular_%28French%29.jpg">ActivateWindow(10025,&quot;plugin://plugin.program.iarl/Emulator/C64_ZachMorris/Game/Pinball+Spectacular+%28USA%29?sf_options=desc%3D%26_options_sf&quot;,return)</favourite>
	<favourite name="Pinball Tycoon" thumb="http://thegamesdb.net/banners/boxart/original/front/3529-1.jpg">ActivateWindow(10025,&quot;plugin://plugin.program.iarl/Emulator/GBA_ZachMorris/Game/Pinball+Tycoon+%28USA%29?sf_options=desc%3D%26_options_sf&quot;,return)</favourite>
	<favourite name="Pinball Wizard" thumb="https://archive.org/download/C64Games_201705/C64_Artwork.zip/Commodore%2064%20Artwork%2FPinball%20Wizard%20%28Europe%29%2F%5B1.Front%5D%20Front1.jpg">ActivateWindow(10025,&quot;plugin://plugin.program.iarl/Emulator/C64_ZachMorris/Game/Pinball+Wizard?sf_options=desc%3D%26_options_sf&quot;,return)</favourite>
	<favourite name="Pinball Wizard" thumb="https://archive.org/download/C64Games_201705/C64_Artwork.zip/Commodore%2064%20Artwork%2FPinball%20Wizard%20%28Europe%29%2F%5B1.Front%5D%20Front1.jpg">ActivateWindow(10025,&quot;plugin://plugin.program.iarl/Emulator/C64_ZachMorris/Game/Pinball+Wizard+%28Europe%29?sf_options=desc%3D%26_options_sf&quot;,return)</favourite>
	<favourite name="Pinball Wizard" thumb="http://archive.org/download/Mame172arcdcmplt/snap.zip/mg_pbw.png">ActivateWindow(10025,&quot;plugin://plugin.program.iarl/Emulator/MAME_ZachMorris/Game/Pinball+Wizard+%28Maygay+M2%29?sf_options=desc%3D%26_options_sf&quot;,return)</favourite>
	<favourite name="Pinball of the Dead, The" thumb="http://thegamesdb.net/banners/boxart/original/front/3528-1.jpg">ActivateWindow(10025,&quot;plugin://plugin.program.iarl/Emulator/GBA_ZachMorris/Game/Pinball+of+the+Dead%2C+The+%28USA%29?sf_options=desc%3D%26_options_sf&quot;,return)</favourite>
	<favourite name="Pro Pinball - Big Race USA" thumb="http://thegamesdb.net/banners/boxart/original/front/21553-1.jpg">ActivateWindow(10025,&quot;plugin://plugin.program.iarl/Emulator/PS1_ZachMorris/Game/Pro+Pinball+-+Big+Race+USA+%28USA%29?sf_options=desc%3D%26_options_sf&quot;,return)</favourite>
	<favourite name="Pro Pinball - Fantastic Journey" thumb="http://thegamesdb.net/banners/boxart/original/front/32894-1.jpg">ActivateWindow(10025,&quot;plugin://plugin.program.iarl/Emulator/PS1_ZachMorris/Game/Pro+Pinball+-+Fantastic+Journey+%28USA%29?sf_options=desc%3D%26_options_sf&quot;,return)</favourite>
	<favourite name="Pro Pinball - Timeshock!" thumb="http://static.giantbomb.com/uploads/scale_large/0/1860/402342-pinball_000.png">ActivateWindow(10025,&quot;plugin://plugin.program.iarl/Emulator/PS1_ZachMorris/Game/Pro+Pinball+-+Timeshock%21+%28USA%29?sf_options=desc%3D%26_options_sf&quot;,return)</favourite>
	<favourite name="Pro-Pinball" thumb="http://static.giantbomb.com/uploads/scale_large/0/1860/402342-pinball_000.png">ActivateWindow(10025,&quot;plugin://plugin.program.iarl/Emulator/PS1_ZachMorris/Game/Pro-Pinball+%28USA%29?sf_options=desc%3D%26_options_sf&quot;,return)</favourite>
	<favourite name="Real Pinball" thumb="http://thegamesdb.net/banners/boxart/original/front/10141-1.jpg">ActivateWindow(10025,&quot;plugin://plugin.program.iarl/Emulator/3DO_ZachMorris/Game/Real+Pinball+%28Europe%29?sf_options=desc%3D%26_options_sf&quot;,return)</favourite>
	<favourite name="Ruiner Pinball" thumb="http://thegamesdb.net/banners/boxart/original/front/3983-1.jpg">ActivateWindow(10025,&quot;plugin://plugin.program.iarl/Emulator/Atari_Jaguar_ZachMorris/Game/Ruiner+Pinball+%28World%29?sf_options=desc%3D%26_options_sf&quot;,return)</favourite>
	<favourite name="Saban" thumb="http://static.giantbomb.com/uploads/scale_large/8/87790/2367521-box_przftbp.png">ActivateWindow(10025,&quot;plugin://plugin.program.iarl/Emulator/PS1_ZachMorris/Game/Saban%27s+Power+Rangers+Zeo+-+Full+Tilt+Battle+Pinball+%28USA%29?sf_options=desc%3D%26_options_sf&quot;,return)</favourite>
	<favourite name="Soccer Pinball" thumb="https://archive.org/download/C64Games_201705/C64_Artwork.zip/Commodore%2064%20Artwork%2FSoccer%20Pinball%20%28Europe%29%2FCover-Soccer_Pinball.jpg">ActivateWindow(10025,&quot;plugin://plugin.program.iarl/Emulator/C64_ZachMorris/Game/Soccer+Pinball+%28Europe%29?sf_options=desc%3D%26_options_sf&quot;,return)</favourite>
	<favourite name="Sonic Pinball Party" thumb="http://static.giantbomb.com/uploads/scale_large/8/87790/1803664-box_sonicpp.png">ActivateWindow(10025,&quot;plugin://plugin.program.iarl/Emulator/GBA_ZachMorris/Game/Sonic+Pinball+Party+%28USA%29+%28En%2CJa%2CFr%2CDe%2CEs%2CIt%29?sf_options=desc%3D%26_options_sf&quot;,return)</favourite>
	<favourite name="Sonic Spinball" thumb="http://thegamesdb.net/banners/boxart/original/front/692-1.jpg">ActivateWindow(10025,&quot;plugin://plugin.program.iarl/Emulator/Genesis_ZachMorris/Game/Sonic+Spinball+%28Japan%29?sf_options=desc%3D%26_options_sf&quot;,return)</favourite>
	<favourite name="Sonic The Hedgehog Spinball" thumb="http://thegamesdb.net/banners/boxart/original/front/3015-2.jpg">ActivateWindow(10025,&quot;plugin://plugin.program.iarl/Emulator/Master_System_ZachMorris/Game/Sonic+The+Hedgehog+Spinball+%28Europe%29?sf_options=desc%3D%26_options_sf&quot;,return)</favourite>
	<favourite name="Sonic The Hedgehog Spinball" thumb="http://thegamesdb.net/banners/boxart/original/front/22366-1.jpg">ActivateWindow(10025,&quot;plugin://plugin.program.iarl/Emulator/Game_Gear_ZachMorris/Game/Sonic+The+Hedgehog+Spinball+%28USA%2C+Europe%29?sf_options=desc%3D%26_options_sf&quot;,return)</favourite>
	<favourite name="Spinball" thumb="http://thegamesdb.net/banners/boxart/original/front/32798-1.jpg">ActivateWindow(10025,&quot;plugin://plugin.program.iarl/Emulator/Vectrex_ZachMorris/Game/Spinball?sf_options=desc%3D%26_options_sf&quot;,return)</favourite>
	<favourite name="Super Pinball - Behind the Mask" thumb="http://i.imgur.com/fLH2EEP.jpg">ActivateWindow(10025,&quot;plugin://plugin.program.iarl/Emulator/SNES_ZachMorris/Game/Super+Pinball+-+Behind+the+Mask+%28USA%29+%28Rev+1%29?sf_options=desc%3D%26_options_sf&quot;,return)</favourite>
	<favourite name="Super Pinball Action" thumb="http://archive.org/download/Mame172arcdcmplt/flyers.zip/spbactn.png">ActivateWindow(10025,&quot;plugin://plugin.program.iarl/Emulator/MAME_2014_ZachMorris/Game/Super+Pinball+Action+%28US%29?sf_options=desc%3D%26_options_sf&quot;,return)</favourite>
	<favourite name="Super Pinball II - The Amazing Odyssey" thumb="http://i.imgur.com/NLflcpI.jpg">ActivateWindow(10025,&quot;plugin://plugin.program.iarl/Emulator/SNES_ZachMorris/Game/Super+Pinball+II+-+The+Amazing+Odyssey+%28Japan%29?sf_options=desc%3D%26_options_sf&quot;,return)</favourite>
	<favourite name="Super Robot Pinball" thumb="http://static.giantbomb.com/uploads/scale_large/1/16207/829041-srpinball.jpg">ActivateWindow(10025,&quot;plugin://plugin.program.iarl/Emulator/GBC_ZachMorris/Game/Super+Robot+Pinball+%28Japan%29?sf_options=desc%3D%26_options_sf&quot;,return)</favourite>
	<favourite name="Tristan Pinball" thumb="http://www.mobygames.com/images/shots/l/286859-the-lost-episodes-of-doom-dos-screenshot-episode-selection.jpg">ActivateWindow(10025,&quot;plugin://plugin.program.iarl/Emulator/IA_MSDOS_ZachMorris/Game/Tristan+Pinball?sf_options=desc%3D%26_options_sf&quot;,return)</favourite>
	<favourite name="True Pinball" thumb="http://thegamesdb.net/banners/boxart/original/front/13443-1.jpg">ActivateWindow(10025,&quot;plugin://plugin.program.iarl/Emulator/PS1_ZachMorris/Game/True+Pinball+%28USA%29?sf_options=desc%3D%26_options_sf&quot;,return)</favourite>
	<favourite name="Video Pinball" thumb="http://archive.org/download/Mame172arcdcmplt/flyers.zip/videopin.png">ActivateWindow(10025,&quot;plugin://plugin.program.iarl/Emulator/MAME_ZachMorris/Game/Video+Pinball?sf_options=desc%3D%26_options_sf&quot;,return)</favourite>
	<favourite name="Video Pinball" thumb="http://archive.org/download/Mame172arcdcmplt/flyers.zip/videopin.png">ActivateWindow(10025,&quot;plugin://plugin.program.iarl/Emulator/MAME_2014_ZachMorris/Game/Video+Pinball?sf_options=desc%3D%26_options_sf&quot;,return)</favourite>
	<favourite name="Video Pinball - Arcade Pinball" thumb="http://thegamesdb.net/banners/boxart/original/front/7958-1.jpg">ActivateWindow(10025,&quot;plugin://plugin.program.iarl/Emulator/Atari_2600_ZachMorris/Game/Video+Pinball+-+Arcade+Pinball?sf_options=desc%3D%26_options_sf&quot;,return)</favourite>
	<favourite name="Virtual Pinball" thumb="http://thegamesdb.net/banners/boxart/original/front/725-1.jpg">ActivateWindow(10025,&quot;plugin://plugin.program.iarl/Emulator/Genesis_ZachMorris/Game/Virtual+Pinball+%28USA%2C+Europe%29?sf_options=desc%3D%26_options_sf&quot;,return)</favourite>
	<favourite name="Vs. Pinball" thumb="http://archive.org/download/Mame172arcdcmplt/flyers.zip/vspinbal.png">ActivateWindow(10025,&quot;plugin://plugin.program.iarl/Emulator/MAME_ZachMorris/Game/Vs.+Pinball+%28US%2C+set+PN4+E-1%29?sf_options=desc%3D%26_options_sf&quot;,return)</favourite>
	<favourite name="Vs. Pinball" thumb="http://archive.org/download/Mame172arcdcmplt/flyers.zip/vspinbal.png">ActivateWindow(10025,&quot;plugin://plugin.program.iarl/Emulator/MAME_2014_ZachMorris/Game/Vs.+Pinball+%28US%2C+set+PN4+E-1%29?sf_options=desc%3D%26_options_sf&quot;,return)</favourite>
	<favourite name="Wizard Pinball" thumb="http://thegamesdb.net/banners/boxart/original/front/17798-1.jpg">ActivateWindow(10025,&quot;plugin://plugin.program.iarl/Emulator/Game_Gear_ZachMorris/Game/Wizard+Pinball+%28Europe%29?sf_options=desc%3D%26_options_sf&quot;,return)</favourite>
	<favourite name="1st Person Pinball" thumb="http://www.mobygames.com/images/shots/l/271672-1st-person-pinball-dos-screenshot-title-screen.jpg">ActivateWindow(10025,&quot;plugin://plugin.program.iarl/Emulator/IA_MSDOS_ZachMorris/Game/1st+Person+Pinball?sf_options=desc%3D%26_options_sf&quot;,return)</favourite>
	<favourite name="2 Games in 1 - Sonic Advance + Sonic Pinball Party" thumb="http://img.gamefaqs.net/box/9/5/4/71954_front.jpg">ActivateWindow(10025,&quot;plugin://plugin.program.iarl/Emulator/GBA_ZachMorris/Game/2+Games+in+1+-+Sonic+Advance+%2B+Sonic+Pinball+Party+%28Europe%29+%28En%2CJa%2CFr%2CDe%2CEs%2BEn%2CJa%2CFr%2CDe%2CEs%2CIt%29?sf_options=desc%3D%26_options_sf&quot;,return)</favourite>
	<favourite name="2 Games in 1 - Sonic Battle + Sonic Pinball Party" thumb="http://img.gamefaqs.net/box/9/5/4/71954_front.jpg">ActivateWindow(10025,&quot;plugin://plugin.program.iarl/Emulator/GBA_ZachMorris/Game/2+Games+in+1+-+Sonic+Battle+%2B+Sonic+Pinball+Party+%28Europe%29+%28En%2CJa%2CFr%2CDe%2CEs%2CIt%29?sf_options=desc%3D%26_options_sf&quot;,return)</favourite>
	<favourite name="2 Games in 1 - Sonic Pinball Party + Columns Crown" thumb="http://img.gamefaqs.net/box/4/8/1/111481_front.jpg">ActivateWindow(10025,&quot;plugin://plugin.program.iarl/Emulator/GBA_ZachMorris/Game/2+Games+in+1+-+Sonic+Pinball+Party+%2B+Columns+Crown+%28Europe%29+%28En%2CJa%2CFr%2CDe%2CEs%2CIt%2BEn%29?sf_options=desc%3D%26_options_sf&quot;,return)</favourite>
	<favourite name="3-D Pinball - Pinball Power" thumb="https://archive.org/download/C64Games_201705/C64_Artwork.zip/Commodore%2064%20Artwork%2F3-D%20Pinball%20-%20Pinball%20Power%20%28Europe%29%2FCover-3-D_Pinball.jpg">ActivateWindow(10025,&quot;plugin://plugin.program.iarl/Emulator/C64_ZachMorris/Game/3-D+Pinball+-+Pinball+Power?sf_options=desc%3D%26_options_sf&quot;,return)</favourite>
	<favourite name="3-D Ultra Pinball - Thrillride" thumb="http://thegamesdb.net/banners/boxart/original/front/21871-1.jpg">ActivateWindow(10025,&quot;plugin://plugin.program.iarl/Emulator/GBC_ZachMorris/Game/3-D+Ultra+Pinball+-+Thrillride+%28USA%29+%28Rumble+Version%29?sf_options=desc%3D%26_options_sf&quot;,return)</favourite>
	<favourite name="47.  Pokemon Pinball - Ruby &amp; Sapphire" thumb="http://static.giantbomb.com/uploads/scale_large/0/976/214184-pokemon_pinball.jpg">ActivateWindow(10025,&quot;plugin://plugin.program.iarl/Emulator/GBA_Bestof_ZachMorris/Game/47.++Pokemon+Pinball+-+Ruby+%26+Sapphire?sf_options=desc%3D%26_options_sf&quot;,return)</favourite>
	<favourite name="47.  Sonic The Hedgehog Spinball" thumb="http://thegamesdb.net/banners/boxart/original/front/3015-2.jpg">ActivateWindow(10025,&quot;plugin://plugin.program.iarl/Emulator/Master_System_Bestof_ZachMorris/Game/47.++Sonic+The+Hedgehog+Spinball?sf_options=desc%3D%26_options_sf&quot;,return)</favourite>
</favourites>