<favourites>
    <favourite name="Shrek's Carnival Craze - Party Games" thumb="http://thegamesdb.net/banners/boxart/original/front/43293-1.jpg">ActivateWindow(10025,&quot;plugin://plugin.program.iarl/Emulator/NINTENDO_DS_N3RDFLIX/Game/Shrek%27s+Carnival+Craze+-+Party+Games+%28USA%29?sf_options=desc%3D%26_options_sf&quot;,return)</favourite>
	<favourite name="Shrek - Fairy Tale Freakdown" thumb="http://thegamesdb.net/banners/boxart/original/front/22079-1.jpg">ActivateWindow(10025,&quot;plugin://plugin.program.iarl/Emulator/GBC_ZachMorris/Game/Shrek+-+Fairy+Tale+Freakdown+%28USA%2C+Europe%29+%28En%2CFr%2CDe%2CEs%2CIt%29?sf_options=desc%3D%26_options_sf&quot;,return)</favourite>
	<favourite name="Shrek - Forever After" thumb="http://thegamesdb.net/banners/boxart/original/front/16533-1.jpg">ActivateWindow(10025,&quot;plugin://plugin.program.iarl/Emulator/NINTENDO_DS_N3RDFLIX/Game/Shrek+-+Forever+After+%28USA%29?sf_options=desc%3D%26_options_sf&quot;,return)</favourite>
	<favourite name="Shrek - Hassle at the Castle" thumb="http://thegamesdb.net/banners/boxart/original/front/22303-1.jpg">ActivateWindow(10025,&quot;plugin://plugin.program.iarl/Emulator/GBA_ZachMorris/Game/Shrek+-+Hassle+at+the+Castle+%28USA%29+%28En%2CFr%2CDe%2CEs%2CIt%2CNl%29?sf_options=desc%3D%26_options_sf&quot;,return)</favourite>
	<favourite name="Shrek - Ogres & Dronkeys" thumb="http://thegamesdb.net/banners/boxart/original/front/36945-1.png">ActivateWindow(10025,&quot;plugin://plugin.program.iarl/Emulator/NINTENDO_DS_N3RDFLIX/Game/Shrek+-+Ogres+%26+Dronkeys+%28NL%29?sf_options=desc%3D%26_options_sf&quot;,return)</favourite>
	<favourite name="Shrek - Reekin' Havoc" thumb="http://static.giantbomb.com/uploads/scale_large/17/171939/2625771-1121497709-53628.jpg">ActivateWindow(10025,&quot;plugin://plugin.program.iarl/Emulator/GBA_ZachMorris/Game/Shrek+-+Reekin%27+Havoc+%28USA%29+%28En%2CFr%2CDe%2CEs%2CIt%2CNl%29?sf_options=desc%3D%26_options_sf&quot;,return)</favourite>
	<favourite name="Shrek - Smash n' Crash Racing" thumb="http://static.giantbomb.com/uploads/scale_large/8/87790/2284713-box_ssncr.png">ActivateWindow(10025,&quot;plugin://plugin.program.iarl/Emulator/GBA_ZachMorris/Game/Shrek+-+Smash+n%27+Crash+Racing+%28USA%29?sf_options=desc%3D%26_options_sf&quot;,return)</favourite>
	<favourite name="Shrek - Smash n' Crash Racing" thumb="http://thegamesdb.net/banners/boxart/original/front/36955-1.jpg">ActivateWindow(10025,&quot;plugin://plugin.program.iarl/Emulator/NINTENDO_DS_N3RDFLIX/Game/Shrek+-+Smash+n%27+Crash+Racing+%28USA%29?sf_options=desc%3D%26_options_sf&quot;,return)</favourite>
	<favourite name="Shrek - Smash n' Crash Racing" thumb="http://thegamesdb.net/banners/boxart/original/front/19400-1.jpg">ActivateWindow(10025,&quot;plugin://plugin.program.iarl/Emulator/PSP_N3RDFLIX/Game/Shrek+-+Smash+n%27+Crash+Racing+%28USA%29?sf_options=desc%3D%26_options_sf&quot;,return)</favourite>
	<favourite name="Shrek - Super Slam" thumb="http://thegamesdb.net/banners/boxart/original/front/22300-1.jpg">ActivateWindow(10025,&quot;plugin://plugin.program.iarl/Emulator/GBA_ZachMorris/Game/Shrek+-+Super+Slam+%28USA%29?sf_options=desc%3D%26_options_sf&quot;,return)</favourite>
	<favourite name="Shrek - Super Slam" thumb="http://thegamesdb.net/banners/boxart/original/front/44659-1.jpg">ActivateWindow(10025,&quot;plugin://plugin.program.iarl/Emulator/NINTENDO_DS_N3RDFLIX/Game/Shrek+-+Super+Slam+%28USA%29?sf_options=desc%3D%26_options_sf&quot;,return)</favourite>
	<favourite name="Shrek - Swamp Kart Speedway" thumb="http://thegamesdb.net/banners/boxart/original/front/22304-1.jpg">ActivateWindow(10025,&quot;plugin://plugin.program.iarl/Emulator/GBA_ZachMorris/Game/Shrek+-+Swamp+Kart+Speedway+%28USA%2C+Europe%29+%28En%2CFr%2CDe%2CEs%2CIt%2CNl%29?sf_options=desc%3D%26_options_sf&quot;,return)</favourite>
	<favourite name="Shrek 2" thumb="http://thegamesdb.net/banners/boxart/original/front/5443-1.jpg">ActivateWindow(10025,&quot;plugin://plugin.program.iarl/Emulator/Nintendo_Gamecube_N3RDFLIX/Game/Shrek+2+%28U%29%28OneUp%29?sf_options=desc%3D%26_options_sf&quot;,return)</favourite>
	<favourite name="Shrek 2" thumb="http://thegamesdb.net/banners/boxart/original/front/8575-1.jpg">ActivateWindow(10025,&quot;plugin://plugin.program.iarl/Emulator/Sony_Playstation_2_N3RDFLIX/Game/Shrek+2+%28USA%29?sf_options=desc%3D%26_options_sf&quot;,return)</favourite>
	<favourite name="Shrek 2" thumb="http://static.giantbomb.com/uploads/scale_large/8/87790/2284706-box_shrek2.png">ActivateWindow(10025,&quot;plugin://plugin.program.iarl/Emulator/GBA_ZachMorris/Game/Shrek+2+%28USA%2C+Europe%29?sf_options=desc%3D%26_options_sf&quot;,return)</favourite>
	<favourite name="Shrek 2 - Beg for Mercy" thumb="http://static.giantbomb.com/uploads/scale_large/8/87790/2284707-box_shrek2bfm.png">ActivateWindow(10025,&quot;plugin://plugin.program.iarl/Emulator/GBA_ZachMorris/Game/Shrek+2+-+Beg+for+Mercy+%28USA%2C+Europe%29?sf_options=desc%3D%26_options_sf&quot;,return)</favourite>
	<favourite name="Shrek Extra Large" thumb="http://thegamesdb.net/banners/boxart/original/front/20938-1.jpg">ActivateWindow(10025,&quot;plugin://plugin.program.iarl/Emulator/Nintendo_Gamecube_N3RDFLIX/Game/Shrek+Extra+Large+%28U%29%28OneUp%29?sf_options=desc%3D%26_options_sf&quot;,return)</favourite>
	<favourite name="Shrek Smash N Crash Racing" thumb="http://thegamesdb.net/banners/boxart/original/front/7042-1.jpg">ActivateWindow(10025,&quot;plugin://plugin.program.iarl/Emulator/Nintendo_Gamecube_N3RDFLIX/Game/Shrek+Smash+N+Crash+Racing?sf_options=desc%3D%26_options_sf&quot;,return)</favourite>
	<favourite name="Shrek Super Party" thumb="http://thegamesdb.net/banners/boxart/original/front/20939-1.jpg">ActivateWindow(10025,&quot;plugin://plugin.program.iarl/Emulator/Nintendo_Gamecube_N3RDFLIX/Game/Shrek+Super+Party+%28Europe%29?sf_options=desc%3D%26_options_sf&quot;,return)</favourite>
	<favourite name="Shrek Superslam" thumb="http://thegamesdb.net/banners/boxart/original/front/20940-1.jpg">ActivateWindow(10025,&quot;plugin://plugin.program.iarl/Emulator/Nintendo_Gamecube_N3RDFLIX/Game/Shrek+Superslam+%28U%29%28OneUp%29?sf_options=desc%3D%26_options_sf&quot;,return)</favourite>
	<favourite name="Shrek Treasure Hunt" thumb="http://thegamesdb.net/banners/boxart/original/front/11603-1.jpg">ActivateWindow(10025,&quot;plugin://plugin.program.iarl/Emulator/PS1_ZachMorris/Game/Shrek+Treasure+Hunt+%28USA%29?sf_options=desc%3D%26_options_sf&quot;,return)</favourite>
	<favourite name="Shrek the Third" thumb="http://thegamesdb.net/banners/boxart/original/front/19401-1.jpg">ActivateWindow(10025,&quot;plugin://plugin.program.iarl/Emulator/PSP_N3RDFLIX/Game/Shrek+the+Third+%28USA%29?sf_options=desc%3D%26_options_sf&quot;,return)</favourite>
	<favourite name="Shrek the Third" thumb="http://thegamesdb.net/banners/boxart/original/front/40151-1.jpg">ActivateWindow(10025,&quot;plugin://plugin.program.iarl/Emulator/NINTENDO_DS_N3RDFLIX/Game/Shrek+the+Third+%28USA%29?sf_options=desc%3D%26_options_sf&quot;,return)</favourite>
	<favourite name="Shrek the Third" thumb="http://thegamesdb.net/banners/boxart/original/front/22301-1.jpg">ActivateWindow(10025,&quot;plugin://plugin.program.iarl/Emulator/GBA_ZachMorris/Game/Shrek+the+Third+%28USA%29?sf_options=desc%3D%26_options_sf&quot;,return)</favourite>
	<favourite name="Shrek the Third" thumb="http://thegamesdb.net/banners/boxart/original/front/5379-1.jpg">ActivateWindow(10025,&quot;plugin://plugin.program.iarl/Emulator/Sony_Playstation_2_N3RDFLIX/Game/Shrek+the+Third+%28USA%29?sf_options=desc%3D%26_options_sf&quot;,return)</favourite>
</favourites>