<favourites>
    <favourite name="Masters of the Universe: The Power of He-Man" thumb="http://thegamesdb.net/banners/boxart/original/front/7934-1.jpg">ActivateWindow(10025,&quot;plugin://plugin.program.iarl/Emulator/Intellivision_ZachMorris/Game/Masters+of+the+Universe%3A+The+Power+of+He-Man?sf_options=desc%3D%26_options_sf&quot;,return)</favourite>
	<favourite name="Masters of the Universe - He-Man - Defender of Grayskull" thumb="http://thegamesdb.net/banners/boxart/original/front/23327-1.jpg">ActivateWindow(10025,&quot;plugin://plugin.program.iarl/Emulator/Sony_Playstation_2_N3RDFLIX/Game/Masters+of+the+Universe+-+He-Man+-+Defender+of+Grayskull+%28Europe%29?sf_options=desc%3D%26_options_sf&quot;,return)</favourite>
	<favourite name="Masters of the Universe - The Power of He-Man" thumb="http://thegamesdb.net/banners/boxart/original/front/28692-1.jpg">ActivateWindow(10025,&quot;plugin://plugin.program.iarl/Emulator/Atari_2600_ZachMorris/Game/Masters+of+the+Universe+-+The+Power+of+He-Man?sf_options=desc%3D%26_options_sf&quot;,return)</favourite>
	<favourite name="Masters of the Universe He-Man - Power of Grayskull" thumb="http://thegamesdb.net/banners/boxart/original/front/26427-1.jpg">ActivateWindow(10025,&quot;plugin://plugin.program.iarl/Emulator/GBA_ZachMorris/Game/Masters+of+the+Universe+He-Man+-+Power+of+Grayskull+%28USA%29?sf_options=desc%3D%26_options_sf&quot;,return)</favourite>
    <favourite name="He-Man and the Masters of the Universe" thumb="https://archive.org/download/C64Games_201705/C64_Artwork.zip/Commodore%2064%20Artwork%2FHe-Man%20and%20the%20Masters%20of%20the%20Universe%20%28Europe%29%2FCover%20%5BThe%20Gold%20Collection%20III%5D-Gold_Collection_III_The.jpg">ActivateWindow(10025,&quot;plugin://plugin.program.iarl/Emulator/C64_ZachMorris/Game/He-Man+and+the+Masters+of+the+Universe+%28Europe%29?sf_options=desc%3D%26_options_sf&quot;,return)</favourite>
    <favourite name="Masters of the Universe - He-Man - Defender of Grayskull" thumb="http://thegamesdb.net/banners/boxart/original/front/23327-1.jpg">ActivateWindow(10025,&quot;plugin://plugin.program.iarl/Emulator/Sony_Playstation_2_N3RDFLIX/Game/Masters+of+the+Universe+-+He-Man+-+Defender+of+Grayskull+%28Europe%29?sf_options=desc%3D%26_options_sf&quot;,return)</favourite>
</favourites>