<favourites>
	<favourite name="1.  Streets of Rage 2" thumb="http://thegamesdb.net/banners/boxart/original/front/694-2.jpg">ActivateWindow(10025,&quot;plugin://plugin.program.iarl/Emulator/Genesis_Bestof_ZachMorris/Game/1.++Streets+of+Rage+2?sf_options=desc%3D%26_options_sf&quot;,return)</favourite>
	<favourite name="11.  Streets of Rage II" thumb="http://thegamesdb.net/banners/boxart/original/front/25226-1.jpg">ActivateWindow(10025,&quot;plugin://plugin.program.iarl/Emulator/Game_Gear_Bestof_ZachMorris/Game/11.++Streets+of+Rage+II?sf_options=desc%3D%26_options_sf&quot;,return)</favourite>
	<favourite name="19.  Streets of Rage II" thumb="http://thegamesdb.net/banners/boxart/original/front/3033-2.jpg">ActivateWindow(10025,&quot;plugin://plugin.program.iarl/Emulator/Master_System_Bestof_ZachMorris/Game/19.++Streets+of+Rage+II?sf_options=desc%3D%26_options_sf&quot;,return)</favourite>
    <favourite name="Streets of Rage" thumb="http://thegamesdb.net/banners/boxart/original/front/3032-2.jpg">ActivateWindow(10025,&quot;plugin://plugin.program.iarl/Emulator/Master_System_ZachMorris/Game/Streets+of+Rage+%28Europe%29?sf_options=desc%3D%26_options_sf&quot;,return)</favourite>
	<favourite name="Streets of Rage" thumb="http://archive.org/download/Mame172arcdcmplt/flyers.zip/megatech.png">ActivateWindow(10025,&quot;plugin://plugin.program.iarl/Emulator/MAME_ZachMorris/Game/Streets+of+Rage+%28Mega-Tech%29?sf_options=desc%3D%26_options_sf&quot;,return)</favourite>
	<favourite name="Streets of Rage 2" thumb="http://thegamesdb.net/banners/boxart/original/front/694-2.jpg">ActivateWindow(10025,&quot;plugin://plugin.program.iarl/Emulator/Genesis_ZachMorris/Game/Streets+of+Rage+2+%28USA%29?sf_options=desc%3D%26_options_sf&quot;,return)</favourite>
	<favourite name="Streets of Rage II" thumb="http://thegamesdb.net/banners/boxart/original/front/3033-2.jpg">ActivateWindow(10025,&quot;plugin://plugin.program.iarl/Emulator/Master_System_ZachMorris/Game/Streets+of+Rage+II+%28Europe%29?sf_options=desc%3D%26_options_sf&quot;,return)</favourite>
	<favourite name="Streets of Rage II" thumb="http://archive.org/download/Mame172arcdcmplt/artpreview.zip/mp_sor2.png">ActivateWindow(10025,&quot;plugin://plugin.program.iarl/Emulator/MAME_AKNF_Full/Game/Streets+of+Rage+II+%28Mega+Play%29?sf_options=desc%3D%26_options_sf&quot;,return)</favourite>
	<favourite name="Streets of Rage II" thumb="http://archive.org/download/Mame172arcdcmplt/artpreview.zip/mp_sor2.png">ActivateWindow(10025,&quot;plugin://plugin.program.iarl/Emulator/MAME_ZachMorris/Game/Streets+of+Rage+II+%28Mega+Play%29?sf_options=desc%3D%26_options_sf&quot;,return)</favourite>
	<favourite name="Bare Knuckle ~ Streets of Rage" thumb="http://thegamesdb.net/banners/boxart/original/front/25225-1.jpg">ActivateWindow(10025,&quot;plugin://plugin.program.iarl/Emulator/Game_Gear_ZachMorris/Game/Bare+Knuckle+%7E+Streets+of+Rage+%28World%29?sf_options=desc%3D%26_options_sf&quot;,return)</favourite>
	<favourite name="Bare Knuckle - Ikari no Tetsuken ~ Streets of Rage" thumb="http://thegamesdb.net/banners/boxart/original/front/971-1.jpg">ActivateWindow(10025,&quot;plugin://plugin.program.iarl/Emulator/Genesis_ZachMorris/Game/Bare+Knuckle+-+Ikari+no+Tetsuken+%7E+Streets+of+Rage+%28World%29?sf_options=desc%3D%26_options_sf&quot;,return)</favourite>
	<favourite name="Bare Knuckle II ~ Streets of Rage 2 ~ Streets of Rage II" thumb="http://thegamesdb.net/banners/boxart/original/front/25226-1.jpg">ActivateWindow(10025,&quot;plugin://plugin.program.iarl/Emulator/Game_Gear_ZachMorris/Game/Bare+Knuckle+II+%7E+Streets+of+Rage+2+%7E+Streets+of+Rage+II+%28World%29?sf_options=desc%3D%26_options_sf&quot;,return)</favourite>
	<favourite name="Bare Knuckle II - Shitou heno Requiem ~ Streets of Rage II" thumb="http://static.giantbomb.com/uploads/scale_large/8/87790/2224351-box_sor2.png">ActivateWindow(10025,&quot;plugin://plugin.program.iarl/Emulator/Genesis_ZachMorris/Game/Bare+Knuckle+II+-+Shitou+heno+Requiem+%7E+Streets+of+Rage+II+%28Japan%2C+Europe%29?sf_options=desc%3D%26_options_sf&quot;,return)</favourite>
	<favourite name="Bare Knuckle III" thumb="http://thegamesdb.net/banners/boxart/original/front/2653-1.jpg">ActivateWindow(10025,&quot;plugin://plugin.program.iarl/Emulator/Genesis_ZachMorris/Game/Bare+Knuckle+III+%28Japan%29?sf_options=desc%3DTranslation+Description%3A%5BCR%5DAll+the+text+in+the+game+has+been+translated.+This+includes+both+dialogue+in+the+story+mode+and+the+win%2Flose+quotes+in+the+Battle+mode%2C+and+the+Engrish+in+the+battle+mode+has+been+fixed.+The+patch+has+been+thoroughly+tested+and+works+on+the+hardware.+If+you+find+a+platform+it+doesn%27t+work+on%2C+contact+the+author.%5BCR%5DThere+are+currently+no+known+bugs.+Please+note%2C+however%2C+that+the+patch+has+only+been+tested+on+an+American+Sega+Genesis+Model+2.+The+code+has+been+written+in+such+a+way+that+it+should+work+on+all+models%2C+though.%5BCR%5Dhttp%3A%2F%2Fwww.romhacking.net%2Ftrans%2F1375%2F%5BCR%5D%5BB%5DCheat%3A%5B%2FB%5D+Extra+Lives+Select%5BCR%5DGo+to+the+options+screen+and+select+the+%27%27Lives%27%27+option.+Press+and+hold+UP+%2B+%28A%29+%2B+%28B%29+%2B+%28C%29+on+Controller+2%2C+and+press+LEFT+or+RIGHT+on+Controller+1+to+select+the+number+of+lives+you+can+start+the+game+with.+You+will+now+be+able+to+select+9+lives%2C+past+the+default+max+of+5.%5BCR%5D%5BB%5DCheat%3A%5B%2FB%5D+Extra+Lives+Select%5BCR%5DAt+the+title+screen%2C+hold+Up+and+B%2C+then+press+Start.++A+kangaroo+named+Roo+will+now+be+available+at+the+character+select+screen.%5BCR%5D%5BB%5DCheat%3A%5B%2FB%5D+Extra+Lives+Select%5BCR%5DAfter+beating+Shiva+in+the+first+stage+when+you+get+the+last+hit%2C+press+B%2BStart+and+hold+it.++When+the+continue+screen+comes+up+you%27ll+be+able+to+play+as+Shiva.++%5BCR%5DWARNING%3A+He+is+weaker+than+his+Streets+of+Rage+2+character.%5BCR%5D%5BB%5DCheat%3A%5B%2FB%5D+Extra+Lives+Select%5BCR%5DTo+select+Ash%2C+defeat+him%2C+then+hold+A+on+Controller+1.+After+losing+all+of+your+lives%2C+you+select+to+continue+and+you+can+choose+Ash+as+your+character.%5BCR%5D%5BB%5DCheat%3A%5B%2FB%5D+Extra+Lives+Select%5BCR%5DPress+C+to+select+a+player%2C+then+quickly+hold+A+and+sweep+the+D-pad+in+a+clockwise+circle+until+Axel+appears.+Then+press+A.++%5BCR%5DNote%3A+This+cheat+is+very+hard+to+get+working.+%5BCR%5D%5BB%5DCheat%3A%5B%2FB%5D+Extra+Lives+Select%5BCR%5DOn+the+Character+Select+screen%2C+hold+C+button+on+both+gamepads+when+selecting+Zan+and+keep+holding+them+until+the+game+start.+You+will+have+Super+Zan+afterward.%5BCR%5D%5BB%5DCheat%3A%5B%2FB%5D+Extra+Lives+Select%5BCR%5DHold+Down%2BC+on+controller+2+as+you+enter+2+PLAYER+mode+with+controller+1.%5BCR%5D%5BB%5DCheat%3A%5B%2FB%5D+Shivas+infinite+combo%5BCR%5DWhen+playing+as+Shiva%2C+you+can+hit+the+opponent+over+and+over+again+until+they+die+without+them+being+able+to+escape+you+by+pressing+Z+on+a+6+button+pad+or+B+and+C+together+on+a+3+button+one+over+and+over+again.+This+will+work+on+any+opponent+apart+from+the+ones+that+can+block+and+the+bosses+%28excluding+Jet%29%5BCR%5D%5BB%5DCheat%3A%5B%2FB%5D+Another+way+to+get+Roo%5BCR%5DWhen+you+fight+the+clown+and+Roo%2C+defeat+the+clown+first+and+Roo+should+hop+away+off+the+screen.++When+you+lose+all+your+lives+and+continue%2C+cycle+through+the+characters+and+Roo+will+now+be+available.%5BCR%5D%5BB%5DCheat%3A%5B%2FB%5D+Another+way+to+get+Roo%5BCR%5DTo+get+Ending+1%2C+successfully+rescue+the+Chief+in+Stage+6+before+his+health+runs+out.+Then%2C+at+the+end+of+Stage+7%2C+defeat+Robot+Y+before+the+time+limit+runs+out.+You+will+see+the+true+ending.+%5BCR%5D%5BB%5DCheat%3A%5B%2FB%5D+Another+way+to+get+Roo%5BCR%5DTo+see+Ending+2%2C+manage+to+rescue+the+Chief+before+his+health+runs+out+in+Stage+6.+Then%2C+in+Stage+7%2C+defeat+Robot+Y+but+let+the+time+limit+run+out.+You+will+see+Ending+2.+%5BCR%5D%5BB%5DCheat%3A%5B%2FB%5D+Another+way+to+get+Roo%5BCR%5DTo+see+Ending+3%2C+let+the+Chief%27s+health+run+out+in+Stage+6.+When+you+go+to+Stage+7%2C+you+will+see+that+it+is+changed.+Make+it+to+the+last+boss+and+defeat+him.+You+will+see+Ending+3.+%5BCR%5D%5BB%5DCheat%3A%5B%2FB%5D+Another+way+to+get+Roo%5BCR%5DTo+see+Ending+4+%2C+simply+set+the+difficulty+on+Easy+Level+and+beat+Robot+X+in+Stage+5.+%5BCR%5D%5BB%5DCheat%3A%5B%2FB%5D+Another+way+to+get+Roo%5BCR%5DPick+Skate.+As+the+first+level+starts%2C+lose+a+your+first+life+having+0+points.+You+will+now+be+Super+Skate%2C+with+a+much+more+powerful+combo.%5BCR%5D%5BB%5DCheat%3A%5B%2FB%5D+Another+way+to+get+Roo%5BCR%5DIn+Stage+1%2C+at+the+Warehouse+Area%2C+go+to+the+bottom-left+most+region+blocked+by+the+crates+in+the+background+and+press+B+in+the+area.+You%27ll+get+5000+PTS.+and+a+1-UP.++%5BCR%5DAlso+in+Stage+7%2C+%28City+Hall%29+there+are+lots+of+hidden+items+as+well.+Search+in+areas+blocked+off+by+the+background+such+as+lampposts%2C+flower+pots%2C+etc.%5BCR%5D%5BB%5DCheat%3A%5B%2FB%5D+Another+way+to+get+Roo%5BCR%5DOn+Stage+5%2C+in+the+first+room+with+all+the+ninjas%2C+there+are+three+secret+routes+you+can+take+other+than+the+normal+route.+You+can+access+them+by+killing+all+enemies+here.+These+rooms+have+more+items+than+the+normal+rooms.+The+way+to+get+to+the+rooms+are+as+follows%3A+%5BCR%5D1.%29+Above+the+door+where+you+follow+your+normal+route%2C+there+is+a+white+wall+in+front+of+you+with+cracks+near+the+top.+Punch+it+to+access+Secret+Route+1.+%5BCR%5D2.%29+At+the+bottom+of+the+screen+is+a+very+unlikely+secret+that+most+of+you+won%27t+suspect+until+reading+this.+Go+to+the+bottom+center+part+of+this+room+and+punch+a+few+times.+You%27ll+eventually+bust+a+hole+in+the+floor+leading+you+to+the+basement+of+Stage+5+and+also+Secret+Route+2.+%5BCR%5D3.%29+Go+to+the+top+of+the+screen+and+go+up+to+the+red+walls.+There+is+a+certain+red+wall+with+a+few+cracks+in+it.+Punch+it+to+access+Secret+Route+3.+Beware.+There+are+a+lot+of+enemies+here%2C+so+be+careful.%5BCR%5D%5BB%5DCheat%3A%5B%2FB%5D+Another+way+to+get+Roo%5BCR%5DHold+B+and+Up%2C+then+press+Start.++The+Stage+Select+will+appear+on+the+options+screen.%26_options_sf&quot;,return)</favourite>
</favourites>