<favourites>
	<favourite name="Alien 3" thumb="http://thegamesdb.net/banners/boxart/original/front/2969-1.jpg">ActivateWindow(10025,&quot;plugin://plugin.program.iarl/Emulator/Genesis_ZachMorris/Game/Alien+3+%28USA%2C+Europe%29?sf_options=desc%3D%26_options_sf&quot;,return)</favourite>
	<favourite name="Alien" thumb="">ActivateWindow(10025,&quot;plugin://plugin.program.iarl/Emulator/Atari_2600_ZachMorris/Game/Alien%27s+Return?sf_options=desc%3D%26_options_sf&quot;,return)</favourite>
	<favourite name="Alien" thumb="http://www.mobygames.com/images/shots/l/72040-alien-dos-screenshot-title-screen.jpg">ActivateWindow(10025,&quot;plugin://plugin.program.iarl/Emulator/IA_MSDOS_ZachMorris/Game/Alien?sf_options=desc%3D%26_options_sf&quot;,return)</favourite>
	<favourite name="Alien" thumb="http://thegamesdb.net/banners/boxart/original/front/19020-1.jpg">ActivateWindow(10025,&quot;plugin://plugin.program.iarl/Emulator/Atari_2600_ZachMorris/Game/Alien+%2820th+Century+Fox%29?sf_options=desc%3D%26_options_sf&quot;,return)</favourite>
	<favourite name="Alien" thumb="https://archive.org/download/C64Games_201705/C64_Artwork.zip/Commodore%2064%20Artwork%2FAlien%20%28Argus%20Press%20Software%20%20%20Mind%20Games%29%20%28Europe%29%2FCover%20%28Aackosoft%29-Alien_%28Aackosoft%29.jpg">ActivateWindow(10025,&quot;plugin://plugin.program.iarl/Emulator/C64_ZachMorris/Game/Alien+%28Argus+Press+Software+%2B+Mind+Games%29+%28Europe%29?sf_options=desc%3D%26_options_sf&quot;,return)</favourite>
	<favourite name="Alien" thumb="https://archive.org/download/C64Games_201705/C64_Artwork.zip/Commodore%2064%20Artwork%2FAlien%20%28Argus%20Press%20Software%20%20%20Mind%20Games%29%20%28Europe%29%2FCover%20%28Aackosoft%29-Alien_%28Aackosoft%29.jpg">ActivateWindow(10025,&quot;plugin://plugin.program.iarl/Emulator/C64_ZachMorris/Game/Alien+%28SoftGold%29+%28USA%29?sf_options=desc%3D%26_options_sf&quot;,return)</favourite>
	<favourite name="Alien 3" thumb="https://archive.org/download/C64Games_201705/C64_Artwork.zip/Commodore%2064%20Artwork%2FAlien%203%20%28Europe%29%2FCover-Alien_3.jpg">ActivateWindow(10025,&quot;plugin://plugin.program.iarl/Emulator/C64_ZachMorris/Game/Alien+3+%28Europe%29?sf_options=desc%3D%26_options_sf&quot;,return)</favourite>
	<favourite name="Alien 3" thumb="http://thegamesdb.net/banners/boxart/original/front/2967-1.jpg">ActivateWindow(10025,&quot;plugin://plugin.program.iarl/Emulator/Master_System_ZachMorris/Game/Alien+3+%28Europe%29?sf_options=desc%3D%26_options_sf&quot;,return)</favourite>
	<favourite name="Alien 3" thumb="http://i.imgur.com/cjFglgf.png">ActivateWindow(10025,&quot;plugin://plugin.program.iarl/Emulator/NES_ZachMorris/Game/Alien+3+%28USA%29?sf_options=desc%3D%26_options_sf&quot;,return)</favourite>
	<favourite name="Alien 3" thumb="http://i.imgur.com/2ivZOz3.png">ActivateWindow(10025,&quot;plugin://plugin.program.iarl/Emulator/SNES_ZachMorris/Game/Alien+3+%28USA%29?sf_options=desc%3D%26_options_sf&quot;,return)</favourite>
	<favourite name="Alien 3" thumb="http://thegamesdb.net/banners/boxart/original/front/11830-1.jpg">ActivateWindow(10025,&quot;plugin://plugin.program.iarl/Emulator/Game_Gear_ZachMorris/Game/Alien+3+%28USA%2C+Europe%29?sf_options=desc%3D%26_options_sf&quot;,return)</favourite>
	<favourite name="Alien 3" thumb="http://thegamesdb.net/banners/boxart/original/front/18279-1.jpg">ActivateWindow(10025,&quot;plugin://plugin.program.iarl/Emulator/GB_Classic_ZachMorris/Game/Alien+3+%28USA%2C+Europe%29?sf_options=desc%3D%26_options_sf&quot;,return)</favourite>
	<favourite name="Alien Ambush" thumb="http://www.mobygames.com/images/covers/l/258808-alien-ambush-atari-8-bit-front-cover.jpg">ActivateWindow(10025,&quot;plugin://plugin.program.iarl/Emulator/Atari_800_ZachMorris/Game/Alien+Ambush?sf_options=desc%3D%26_options_sf&quot;,return)</favourite>
	<favourite name="Alien Resurrection" thumb="http://thegamesdb.net/banners/boxart/original/front/11563-1.jpg">ActivateWindow(10025,&quot;plugin://plugin.program.iarl/Emulator/PS1_ZachMorris/Game/Alien+Resurrection+%28USA%29?sf_options=desc%3D%26_options_sf&quot;,return)</favourite>
	<favourite name="Alien Trilogy" thumb="http://thegamesdb.net/banners/boxart/original/front/9850-1.jpg">ActivateWindow(10025,&quot;plugin://plugin.program.iarl/Emulator/PS1_ZachMorris/Game/Alien+Trilogy+%28USA%29?sf_options=desc%3D%26_options_sf&quot;,return)</favourite>
	<favourite name="Alien Trilogy" thumb="http://thegamesdb.net/banners/boxart/original/front/2421-1.jpg">ActivateWindow(10025,&quot;plugin://plugin.program.iarl/Emulator/Sega_Saturn_ZachMorris/Game/Alien+Trilogy+%28USA%29?sf_options=desc%3D%26_options_sf&quot;,return)</favourite>
	<favourite name="Alien Worlds" thumb="http://www.mobygames.com/images/shots/l/4651-alien-worlds-dos-screenshot-title-screen.jpg">ActivateWindow(10025,&quot;plugin://plugin.program.iarl/Emulator/IA_MSDOS_ZachMorris/Game/Alien+Worlds?sf_options=desc%3D%26_options_sf&quot;,return)</favourite>
	<favourite name="Alien vs Predator" thumb="http://thegamesdb.net/banners/boxart/original/front/18280-1.jpg">ActivateWindow(10025,&quot;plugin://plugin.program.iarl/Emulator/GB_Classic_ZachMorris/Game/Alien+vs+Predator+%28Japan%29?sf_options=desc%3D%26_options_sf&quot;,return)</favourite>
	<favourite name="Alien vs Predator" thumb="http://i.imgur.com/xolqt0d.jpg">ActivateWindow(10025,&quot;plugin://plugin.program.iarl/Emulator/SNES_ZachMorris/Game/Alien+vs+Predator+%28USA%29?sf_options=desc%3D%26_options_sf&quot;,return)</favourite>
	<favourite name="Alien vs Predator" thumb="http://thegamesdb.net/banners/boxart/original/front/3962-1.jpg">ActivateWindow(10025,&quot;plugin://plugin.program.iarl/Emulator/Atari_Jaguar_ZachMorris/Game/Alien+vs+Predator+%28World%29?sf_options=desc%3D%26_options_sf&quot;,return)</favourite>
	<favourite name="Alien vs Predator - The Last of His Clan" thumb="http://static.giantbomb.com/uploads/scale_large/16/164924/2475904-avp.jpg">ActivateWindow(10025,&quot;plugin://plugin.program.iarl/Emulator/GB_Classic_ZachMorris/Game/Alien+vs+Predator+-+The+Last+of+His+Clan+%28USA%29?sf_options=desc%3D%26_options_sf&quot;,return)</favourite>
	<favourite name="Alien vs. Predator" thumb="http://thegamesdb.net/banners/boxart/original/front/10683-1.jpg">ActivateWindow(10025,&quot;plugin://plugin.program.iarl/Emulator/FBA_ZachMorris/Game/Alien+vs.+Predator+%28Euro+940520%29?sf_options=desc%3D%26_options_sf&quot;,return)</favourite>
	<favourite name="Alien vs. Predator" thumb="http://thegamesdb.net/banners/boxart/original/front/10683-1.jpg">ActivateWindow(10025,&quot;plugin://plugin.program.iarl/Emulator/MAME_2014_ZachMorris/Game/Alien+vs.+Predator+%28Euro+940520%29?sf_options=desc%3D%26_options_sf&quot;,return)</favourite>
	<favourite name="Alien vs. Predator" thumb="http://thegamesdb.net/banners/boxart/original/front/10683-1.jpg">ActivateWindow(10025,&quot;plugin://plugin.program.iarl/Emulator/MAME_AKNF_Full/Game/Alien+vs.+Predator+%28Euro+940520%29?sf_options=desc%3D%26_options_sf&quot;,return)</favourite>
	<favourite name="Alien vs. Predator" thumb="http://thegamesdb.net/banners/boxart/original/front/10683-1.jpg">ActivateWindow(10025,&quot;plugin://plugin.program.iarl/Emulator/MAME_ZachMorris/Game/Alien+vs.+Predator+%28Euro+940520%29?sf_options=desc%3D%26_options_sf&quot;,return)</favourite>
	<favourite name="Alien3: The Gun" thumb="http://thegamesdb.net/banners/boxart/original/front/12050-1.jpg">ActivateWindow(10025,&quot;plugin://plugin.program.iarl/Emulator/MAME_ZachMorris/Game/Alien3%3A+The+Gun+%28World%29?sf_options=desc%3D%26_options_sf&quot;,return)</favourite>
	<favourite name="Alien3: The Gun" thumb="http://thegamesdb.net/banners/boxart/original/front/12050-1.jpg">ActivateWindow(10025,&quot;plugin://plugin.program.iarl/Emulator/MAME_2014_ZachMorris/Game/Alien3%3A+The+Gun+%28World%29?sf_options=desc%3D%26_options_sf&quot;,return)</favourite>
	<favourite name="Aliens" thumb="http://thegamesdb.net/banners/boxart/original/front/7894-1.jpg">ActivateWindow(10025,&quot;plugin://plugin.program.iarl/Emulator/MAME_2014_ZachMorris/Game/Aliens+%28World+set+1%29?sf_options=desc%3D%26_options_sf&quot;,return)</favourite>
	<favourite name="Aliens" thumb="http://images.launchbox-app.com/aliens.png">ActivateWindow(10025,&quot;plugin://plugin.program.iarl/Emulator/FBA_ZachMorris/Game/Aliens+%28World+set+1%29?sf_options=desc%3D%26_options_sf&quot;,return)</favourite>
	<favourite name="Aliens" thumb="http://thegamesdb.net/banners/boxart/original/front/7894-1.jpg">ActivateWindow(10025,&quot;plugin://plugin.program.iarl/Emulator/MAME_AKNF_Full/Game/Aliens+%28World+set+1%29?sf_options=desc%3D%26_options_sf&quot;,return)</favourite>
	<favourite name="Aliens" thumb="http://thegamesdb.net/banners/boxart/original/front/7894-1.jpg">ActivateWindow(10025,&quot;plugin://plugin.program.iarl/Emulator/MAME_ZachMorris/Game/Aliens+%28World+set+1%29?sf_options=desc%3D%26_options_sf&quot;,return)</favourite>
	<favourite name="Aliens - Infestation" thumb="http://thegamesdb.net/banners/boxart/original/front/11981-1.png">ActivateWindow(10025,&quot;plugin://plugin.program.iarl/Emulator/NINTENDO_DS_N3RDFLIX/Game/Aliens+-+Infestation+%28USA%29?sf_options=desc%3D%26_options_sf&quot;,return)</favourite>
	<favourite name="Aliens - Thanatos Encounter" thumb="http://thegamesdb.net/banners/boxart/original/front/17456-1.jpg">ActivateWindow(10025,&quot;plugin://plugin.program.iarl/Emulator/GBC_ZachMorris/Game/Aliens+-+Thanatos+Encounter+%28USA%2C+Europe%29?sf_options=desc%3D%26_options_sf&quot;,return)</favourite>
	<favourite name="Aliens - The Computer Game" thumb="https://archive.org/download/C64Games_201705/C64_Artwork.zip/Commodore%2064%20Artwork%2FAliens%20-%20The%20Computer%20Game%20%28USA%29%2F%5B1.Front%5D%20Front1.jpg">ActivateWindow(10025,&quot;plugin://plugin.program.iarl/Emulator/C64_ZachMorris/Game/Aliens+-+The+Computer+Game+%28USA%29?sf_options=desc%3D%26_options_sf&quot;,return)</favourite>
	<favourite name="Aliens Versus Predator - Extinction" thumb="http://thegamesdb.net/banners/boxart/original/front/5407-1.jpg">ActivateWindow(10025,&quot;plugin://plugin.program.iarl/Emulator/Sony_Playstation_2_N3RDFLIX/Game/Aliens+Versus+Predator+-+Extinction+%28Europe%29?sf_options=desc%3D%26_options_sf&quot;,return)</favourite>
	<favourite name="Aliens vs. Predator" thumb="http://i.imgur.com/xolqt0d.jpg">ActivateWindow(10025,&quot;plugin://plugin.program.iarl/Emulator/SNES_ZachMorris/Game/Aliens+vs.+Predator+%28Japan%29?sf_options=desc%3D%26_options_sf&quot;,return)</favourite>
	<favourite name="Aliens vs. Predator - Requiem" thumb="http://thegamesdb.net/banners/boxart/original/front/6461-1.jpg">ActivateWindow(10025,&quot;plugin://plugin.program.iarl/Emulator/PSP_N3RDFLIX/Game/Aliens+vs.+Predator+-+Requiem+%28USA%29?sf_options=desc%3D%26_options_sf&quot;,return)</favourite>
	<favourite name="Aliens - Infestation" thumb="http://thegamesdb.net/banners0/boxart/original/front/11981-1.png">ActivateWindow(10025,&quot;plugin://plugin.program.iarl/Emulator/NINTENDO_DS_N3RDFLIX/Game/Aliens+-+Infestation+%28USA%29?sf_options=desc%3D%26_options_sf&quot;,return)</favourite>
	<favourite name="Aliens Versus Predator - Extinction" thumb="http://thegamesdb.net/banners/boxart/original/front/5407-1.jpg">ActivateWindow(10025,&quot;plugin://plugin.program.iarl/Emulator/Sony_Playstation_2_N3RDFLIX/Game/Aliens+Versus+Predator+-+Extinction+%28Europe%29?sf_options=desc%3D%26_options_sf&quot;,return)</favourite>
	<favourite name="Aliens vs. Predator - Requiem" thumb="http://thegamesdb.net/banners/boxart/original/front/6461-1.jpg">ActivateWindow(10025,&quot;plugin://plugin.program.iarl/Emulator/PSP_N3RDFLIX/Game/Aliens+vs.+Predator+-+Requiem+%28USA%29?sf_options=desc%3D%26_options_sf&quot;,return)</favourite>
	<favourite name="Men in Black II - Alien Escape" thumb="http://thegamesdb.net/banners/boxart/original/front/26357-1.jpg">ActivateWindow(10025,&quot;plugin://plugin.program.iarl/Emulator/Nintendo_Gamecube_N3RDFLIX/Game/Men+in+Black+II+-+Alien+Escape+%28Europe%29?sf_options=desc%3D%26_options_sf&quot;,return)</favourite>
    <favourite name="Predator" thumb="https://archive.org/download/C64Games_201705/C64_Artwork.zip/Commodore%2064%20Artwork%2FPredator%20%28USA%29%2F%5B1.Front%5D%20Front1.jpg">ActivateWindow(10025,&quot;plugin://plugin.program.iarl/Emulator/C64_ZachMorris/Game/Predator?sf_options=desc%3D%26_options_sf&quot;,return)</favourite>
	<favourite name="Predator" thumb="https://archive.org/download/C64Games_201705/C64_Artwork.zip/Commodore%2064%20Artwork%2FPredator%20%28USA%29%2F%5B1.Front%5D%20Front1.jpg">ActivateWindow(10025,&quot;plugin://plugin.program.iarl/Emulator/C64_ZachMorris/Game/Predator+%28USA%29?sf_options=desc%3D%26_options_sf&quot;,return)</favourite>
	<favourite name="Predator" thumb="http://i.imgur.com/4lCZ5sl.jpg">ActivateWindow(10025,&quot;plugin://plugin.program.iarl/Emulator/NES_ZachMorris/Game/Predator+%28USA%29?sf_options=desc%3D%26_options_sf&quot;,return)</favourite>
	<favourite name="Predator 2" thumb="http://www.mobygames.com/images/covers/l/241508-predator-2-dos-front-cover.jpg">ActivateWindow(10025,&quot;plugin://plugin.program.iarl/Emulator/IA_MSDOS_ZachMorris/Game/Predator+2?sf_options=desc%3D%26_options_sf&quot;,return)</favourite>
	<favourite name="Predator 2" thumb="http://thegamesdb.net/banners/boxart/original/front/2975-2.jpg">ActivateWindow(10025,&quot;plugin://plugin.program.iarl/Emulator/Master_System_ZachMorris/Game/Predator+2+%28Europe%29?sf_options=desc%3D%26_options_sf&quot;,return)</favourite>
	<favourite name="Predator 2" thumb="http://thegamesdb.net/banners/boxart/original/front/25177-1.jpg">ActivateWindow(10025,&quot;plugin://plugin.program.iarl/Emulator/Game_Gear_ZachMorris/Game/Predator+2+%28USA%2C+Europe%29?sf_options=desc%3D%26_options_sf&quot;,return)</favourite>
	<favourite name="Predator 2" thumb="http://thegamesdb.net/banners/boxart/original/front/4564-1.jpg">ActivateWindow(10025,&quot;plugin://plugin.program.iarl/Emulator/Genesis_ZachMorris/Game/Predator+2+%28USA%2C+Europe%29?sf_options=desc%3D%26_options_sf&quot;,return)</favourite>
	<favourite name="Predator II" thumb="https://archive.org/download/C64Games_201705/C64_Artwork.zip/Commodore%2064%20Artwork%2FPredator%20II%20%28Europe%29%2F%5B1.Front%5D%20Front1.jpg">ActivateWindow(10025,&quot;plugin://plugin.program.iarl/Emulator/C64_ZachMorris/Game/Predator+II+%28Europe%29?sf_options=desc%3D%26_options_sf&quot;,return)</favourite>
</favourites>