<favourites>
    <favourite name="Rayman" thumb="http://thegamesdb.net/banners/boxart/original/front/7834-1.jpg">ActivateWindow(10025,&quot;plugin://plugin.program.iarl/Emulator/Sega_Saturn_ZachMorris/Game/Rayman+%28Europe%29+%28En%2CFr%2CDe%29+%286S%29?sf_options=desc%3D%26_options_sf&quot;,return)</favourite>
	<favourite name="Rayman" thumb="http://thegamesdb.net/banners/boxart/original/front/11542-1.jpg">ActivateWindow(10025,&quot;plugin://plugin.program.iarl/Emulator/PS1_ZachMorris/Game/Rayman+%28USA%29?sf_options=desc%3D%26_options_sf&quot;,return)</favourite>
	<favourite name="Rayman" thumb="http://static.giantbomb.com/uploads/scale_large/0/4938/1041330-rayman_coverart.png">ActivateWindow(10025,&quot;plugin://plugin.program.iarl/Emulator/GBC_ZachMorris/Game/Rayman+%28USA%29+%28En%2CFr%2CDe%2CEs%2CIt%2CNl%29?sf_options=desc%3D%26_options_sf&quot;,return)</favourite>
	<favourite name="Rayman" thumb="http://thegamesdb.net/banners/boxart/original/front/3982-1.jpg">ActivateWindow(10025,&quot;plugin://plugin.program.iarl/Emulator/Atari_Jaguar_ZachMorris/Game/Rayman+%28World%29?sf_options=desc%3D%26_options_sf&quot;,return)</favourite>
	<favourite name="Rayman - 10th Anniversary" thumb="http://static.giantbomb.com/uploads/scale_large/16/164924/2666261-0324544776-70544.jpg">ActivateWindow(10025,&quot;plugin://plugin.program.iarl/Emulator/GBA_ZachMorris/Game/Rayman+-+10th+Anniversary+%28USA%29+%28En%2CFr%2CDe%2CEs%2CIt%29?sf_options=desc%3D%26_options_sf&quot;,return)</favourite>
	<favourite name="Rayman - Hoodlum's Revenge" thumb="http://thegamesdb.net/banners/boxart/original/front/3583-1.jpg">ActivateWindow(10025,&quot;plugin://plugin.program.iarl/Emulator/GBA_ZachMorris/Game/Rayman+-+Hoodlum%27s+Revenge+%28USA%29+%28En%2CFr%2CEs%29?sf_options=desc%3D%26_options_sf&quot;,return)</favourite>
	<favourite name="Rayman - Hoodlums' Revenge" thumb="http://static.giantbomb.com/uploads/scale_large/8/87790/1810961-box_raymanhr.png">ActivateWindow(10025,&quot;plugin://plugin.program.iarl/Emulator/GBA_ZachMorris/Game/Rayman+-+Hoodlums%27+Revenge+%28Europe%29+%28En%2CFr%2CDe%2CEs%2CIt%2CNl%29?sf_options=desc%3D%26_options_sf&quot;,return)</favourite>
	<favourite name="Rayman - Mister Dark no Wana" thumb="http://static.giantbomb.com/uploads/scale_large/0/4938/1041330-rayman_coverart.png">ActivateWindow(10025,&quot;plugin://plugin.program.iarl/Emulator/GBC_ZachMorris/Game/Rayman+-+Mister+Dark+no+Wana+%28Japan%29?sf_options=desc%3D%26_options_sf&quot;,return)</favourite>
	<favourite name="Rayman - Raving Rabbids" thumb="http://thegamesdb.net/banners/boxart/original/front/22295-1.jpg">ActivateWindow(10025,&quot;plugin://plugin.program.iarl/Emulator/GBA_ZachMorris/Game/Rayman+-+Raving+Rabbids+%28USA%29+%28En%2CFr%2CEs%29?sf_options=desc%3D%26_options_sf&quot;,return)</favourite>
	<favourite name="Rayman 2 - Revolution" thumb="http://thegamesdb.net/banners/boxart/original/front/12905-1.jpg">ActivateWindow(10025,&quot;plugin://plugin.program.iarl/Emulator/Sony_Playstation_2_N3RDFLIX/Game/Rayman+2+-+Revolution+%28USA%29?sf_options=desc%3D%26_options_sf&quot;,return)</favourite>
	<favourite name="Rayman 2 - The Great Escape" thumb="http://thegamesdb.net/banners/boxart/original/front/3957-1.jpg">ActivateWindow(10025,&quot;plugin://plugin.program.iarl/Emulator/Sega_Dreamcast_ZachMorris/Game/Rayman+2+-+The+Great+Escape+%28Europe%29+%28En%2CFr%2CDe%2CEs%2CIt%29?sf_options=desc%3D%26_options_sf&quot;,return)</favourite>
	<favourite name="Rayman 2 - The Great Escape" thumb="http://thegamesdb.net/banners/boxart/original/front/13699-1.jpg">ActivateWindow(10025,&quot;plugin://plugin.program.iarl/Emulator/GBC_ZachMorris/Game/Rayman+2+-+The+Great+Escape+%28USA%29+%28En%2CFr%2CDe%2CEs%2CIt%29?sf_options=desc%3D%26_options_sf&quot;,return)</favourite>
	<favourite name="Rayman 2 - The Great Escape" thumb="http://static.giantbomb.com/uploads/scale_large/8/87790/1810957-box_rayman2.png">ActivateWindow(10025,&quot;plugin://plugin.program.iarl/Emulator/N64_ZachMorris/Game/Rayman+2+-+The+Great+Escape+%28USA%29+%28En%2CFr%2CDe%2CEs%2CIt%29?sf_options=desc%3D%26_options_sf&quot;,return)</favourite>
	<favourite name="Rayman 2 - The Great Escape" thumb="http://thegamesdb.net/banners/boxart/original/front/7769-1.jpg">ActivateWindow(10025,&quot;plugin://plugin.program.iarl/Emulator/PS1_ZachMorris/Game/Rayman+2+-+The+Great+Escape+%28USA%29+%28En%2CFr%2CEs%29?sf_options=desc%3D%26_options_sf&quot;,return)</favourite>
	<favourite name="Rayman 3" thumb="http://static.giantbomb.com/uploads/scale_large/0/1817/967554-rayman3.jpg.jpeg">ActivateWindow(10025,&quot;plugin://plugin.program.iarl/Emulator/GBA_ZachMorris/Game/Rayman+3+%28USA%29+%28En%2CFr%2CEs%29?sf_options=desc%3D%26_options_sf&quot;,return)</favourite>
	<favourite name="Rayman 3 - Hoodlum Havoc" thumb="http://thegamesdb.net/banners/boxart/original/front/9782-1.jpg">ActivateWindow(10025,&quot;plugin://plugin.program.iarl/Emulator/Sony_Playstation_2_N3RDFLIX/Game/Rayman+3+-+Hoodlum+Havoc+%28USA%29?sf_options=desc%3D%26_options_sf&quot;,return)</favourite>
	<favourite name="Rayman Advance" thumb="http://thegamesdb.net/banners/boxart/original/front/5491-1.jpg">ActivateWindow(10025,&quot;plugin://plugin.program.iarl/Emulator/GBA_ZachMorris/Game/Rayman+Advance+%28USA%29+%28En%2CFr%2CDe%2CEs%2CIt%29?sf_options=desc%3D%26_options_sf&quot;,return)</favourite>
	<favourite name="Rayman Arena" thumb="http://thegamesdb.net/banners/boxart/original/front/38963-1.jpg">ActivateWindow(10025,&quot;plugin://plugin.program.iarl/Emulator/Sony_Playstation_2_N3RDFLIX/Game/Rayman+Arena+%28USA%29?sf_options=desc%3D%26_options_sf&quot;,return)</favourite>
	<favourite name="Rayman Brain Games" thumb="http://thegamesdb.net/banners/boxart/original/front/11787-1.jpg">ActivateWindow(10025,&quot;plugin://plugin.program.iarl/Emulator/PS1_ZachMorris/Game/Rayman+Brain+Games+%28USA%29?sf_options=desc%3D%26_options_sf&quot;,return)</favourite>
	<favourite name="Rayman Raving Rabbids" thumb="http://thegamesdb.net/banners/boxart/original/front/2935-1.jpg">ActivateWindow(10025,&quot;plugin://plugin.program.iarl/Emulator/NINTENDO_DS_N3RDFLIX/Game/Rayman+Raving+Rabbids+%28USA%29?sf_options=desc%3D%26_options_sf&quot;,return)</favourite>
	<favourite name="Rayman Raving Rabbids - TV Party" thumb="http://thegamesdb.net/banners/boxart/original/front/16690-1.jpg">ActivateWindow(10025,&quot;plugin://plugin.program.iarl/Emulator/NINTENDO_DS_N3RDFLIX/Game/Rayman+Raving+Rabbids+-+TV+Party+%28USA%29?sf_options=desc%3D%26_options_sf&quot;,return)</favourite>
	<favourite name="Rayman Raving Rabbids 2" thumb="http://thegamesdb.net/banners/boxart/original/front/11399-1.jpg">ActivateWindow(10025,&quot;plugin://plugin.program.iarl/Emulator/NINTENDO_DS_N3RDFLIX/Game/Rayman+Raving+Rabbids+2+%28USA%29?sf_options=desc%3D%26_options_sf&quot;,return)</favourite>
	<favourite name="Rayman Rush" thumb="http://thegamesdb.net/banners/boxart/original/front/11598-1.jpg">ActivateWindow(10025,&quot;plugin://plugin.program.iarl/Emulator/PS1_ZachMorris/Game/Rayman+Rush+%28USA%29?sf_options=desc%3D%26_options_sf&quot;,return)</favourite>
    <favourite name="Rayman 2 - Revolution" thumb="http://thegamesdb.net/banners/boxart/original/front/12905-1.jpg">ActivateWindow(10025,&quot;plugin://plugin.program.iarl/Emulator/Sony_Playstation_2_N3RDFLIX/Game/Rayman+2+-+Revolution+%28USA%29?sf_options=desc%3D%26_options_sf&quot;,return)</favourite>
	<favourite name="Rayman 3 - Hoodlum Havoc" thumb="http://thegamesdb.net/banners/boxart/original/front/9782-1.jpg">ActivateWindow(10025,&quot;plugin://plugin.program.iarl/Emulator/Sony_Playstation_2_N3RDFLIX/Game/Rayman+3+-+Hoodlum+Havoc+%28USA%29?sf_options=desc%3D%26_options_sf&quot;,return)</favourite>
	<favourite name="Rayman 3 Hoodlum Havoc" thumb="http://thegamesdb.net/banners/boxart/original/front/11470-2.jpg">ActivateWindow(10025,&quot;plugin://plugin.program.iarl/Emulator/Nintendo_Gamecube_N3RDFLIX/Game/Rayman+3+Hoodlum+Havoc+%28U%29%28OneUp%29?sf_options=desc%3D%26_options_sf&quot;,return)</favourite>
	<favourite name="Rayman Arena" thumb="http://thegamesdb.net/banners/boxart/original/front/7037-1.jpg">ActivateWindow(10025,&quot;plugin://plugin.program.iarl/Emulator/Nintendo_Gamecube_N3RDFLIX/Game/Rayman+Arena+%28U%29%28GRF%29?sf_options=desc%3D%26_options_sf&quot;,return)</favourite>
	<favourite name="Rayman Arena" thumb="http://thegamesdb.net/banners/boxart/original/front/38963-1.jpg">ActivateWindow(10025,&quot;plugin://plugin.program.iarl/Emulator/Sony_Playstation_2_N3RDFLIX/Game/Rayman+Arena+%28USA%29?sf_options=desc%3D%26_options_sf&quot;,return)</favourite>
	<favourite name="Rayman DS" thumb="http://thegamesdb.net/banners/boxart/original/front/11398-1.jpg">ActivateWindow(10025,&quot;plugin://plugin.program.iarl/Emulator/NINTENDO_DS_N3RDFLIX/Game/Rayman+DS+%28US%29%28M3%29?sf_options=desc%3D%26_options_sf&quot;,return)</favourite>
	<favourite name="Rayman Raving Rabbids" thumb="http://thegamesdb.net/banners/boxart/original/front/2935-1.jpg">ActivateWindow(10025,&quot;plugin://plugin.program.iarl/Emulator/NINTENDO_DS_N3RDFLIX/Game/Rayman+Raving+Rabbids+%28USA%29?sf_options=desc%3D%26_options_sf&quot;,return)</favourite>
	<favourite name="Rayman Raving Rabbids - TV Party" thumb="http://thegamesdb.net/banners/boxart/original/front/16690-1.jpg">ActivateWindow(10025,&quot;plugin://plugin.program.iarl/Emulator/NINTENDO_DS_N3RDFLIX/Game/Rayman+Raving+Rabbids+-+TV+Party+%28USA%29?sf_options=desc%3D%26_options_sf&quot;,return)</favourite>
	<favourite name="Rayman Raving Rabbids 2" thumb="http://thegamesdb.net/banners/boxart/original/front/11399-1.jpg">ActivateWindow(10025,&quot;plugin://plugin.program.iarl/Emulator/NINTENDO_DS_N3RDFLIX/Game/Rayman+Raving+Rabbids+2+%28USA%29?sf_options=desc%3D%26_options_sf&quot;,return)</favourite>
</favourites>