<favourites>
	<favourite name="Bugs Bunny in Double Trouble" thumb="http://thegamesdb.net/banners/boxart/original/front/21766-1.jpg">ActivateWindow(10025,&quot;plugin://plugin.program.iarl/Emulator/Game_Gear_ZachMorris/Game/Bugs+Bunny+in+Double+Trouble+%28USA%2C+Europe%29?sf_options=desc%3DThe+game+is+based+on+the+Looney+Tunes+cartoon+movies.+Bugs+Bunny+falls+asleep%2C+and+in+his+dream+sees+Yosemite+Sam+developing+a+robot+called+Gossamer.+The+robot+disobeys+the+commands+of+his+master+and+goes+out+of+control.+Now+Bugs+Bunny+has+to+enter+the+TV+world+and+to+correct+things%2C+bringing+order+back+to+the+lives+of+Looney+Tunes+inhabitants.%5BCR%5DThe+game+consists+of+several+platform-based+stages%2C+each+one+having+a+different+goal+%28guiding+another+character+to+a+safe+place%2C+defeating+a+big+monster%2C+etc.%29+Bugs+Bunny+can+jump+and+run+quickly%2C+as+well+as+collect+items+and+throw+them+at+enemies.%26_options_sf&quot;,return)</favourite>
	<favourite name="Bugs Bunny &amp; Lola Bunny - Operation Carrots" thumb="http://thegamesdb.net/banners/boxart/original/front/13701-1.jpg">ActivateWindow(10025,&quot;plugin://plugin.program.iarl/Emulator/GBC_ZachMorris/Game/Bugs+Bunny+%26+Lola+Bunny+-+Operation+Carrots+%28Europe%29+%28En%2CFr%2CDe%2CEs%2CIt%2CNl%29?sf_options=desc%3D%5BCR%5DIn+Looney+Tunes%3A+Carrot+Crazy+you+take+control+of+either+Bugs+and+Lola+to+find+your+carrots+that+have+been+stolen+by+an+unknown+Looney+Tunes+character.+Bugs+and+Lola+each+have+their+special+abilities+and+you+will+have+to+switch+between+them+when+necessary+to+proceed.+You+access+the+game%27s+different+stages+through+a+Warner+Bros.+film+studio+that+acts+as+your+hub.%5BCR%5D%26_options_sf&quot;,return)</favourite>
	<favourite name="Bugs Bunny Crazy Castle 2, The" thumb="http://thegamesdb.net/banners/boxart/original/front/18328-1.jpg">ActivateWindow(10025,&quot;plugin://plugin.program.iarl/Emulator/GB_Classic_ZachMorris/Game/Bugs+Bunny+Crazy+Castle+2%2C+The+%28USA%29?sf_options=desc%3DBugs+is+back+in+the+palm+of+your+hand+and+here%27s+%27What%27s+Up%2C+Doc%3A%27+Nasty+Witch+Hazel+has+nabbed+Honey+Bunny+from+a+party+in+the+castle+and+locked+her+away.This+time+you%27ll+have+to+hunt+through+28+huge%2C+multi-level+rooms+to+help+Bugs+rescue+his+main+squeeze.+But+watch+out%21+Your+search+for+potions%2C+carrots+and+incredible+devices+will+be+stymied+by+Looney+Tunes+characters+lurking+in+every+corridor.+Bringing+Bugs+and+Honey+back+together+is+a+greater+challenge+than+ever+in+Bugs+Bunny+Crazy+Castle+2%21%26_options_sf&quot;,return)</favourite>
	<favourite name="Bugs Bunny Crazy Castle, The" thumb="http://thegamesdb.net/banners/boxart/original/front/18336-1.jpg">ActivateWindow(10025,&quot;plugin://plugin.program.iarl/Emulator/GB_Classic_ZachMorris/Game/Bugs+Bunny+Crazy+Castle%2C+The+%28USA%2C+Europe%29?sf_options=desc%3D%5BCR%5D%5BB%5DOverview%3A%5B%2FB%5D%5BCR%5DThe+Bugs+Bunny+Crazy+Castle+is+an+action-platforming+puzzle+game+for+the+NES+in+which+the+player+takes+control+of+Bugs+Bunny.+In+each+of+the+sixty+or+so+levels+in+the+Crazy+Castle%2C+Bugs+must+collect+all+of+the+carrots+in+each+stage+before+moving+on+to+the+next.+Standing+in+Bugs%27s+way+are+fellow+Looney+Tunes+characters+Yosemite+Sam%2C+Sylvester%2C+and+Daffy+Duck%2C+who+wander+around+the+stage+and+attempt+to+catch+him.%5BCR%5DThe+player+can+defeat+enemies+by+either+hitting+them+with+a+boxing+glove+power-up+or+by+dropping+a+weight%2C+such+as+a+flower+pot%2C+onto+their+head.+There+is+also+a+power-up+that+can+make+Bugs+invincible+for+a+short+period+of+time%2C+and+he+is+also+invulnerable+while+being+transported+through+a+pipe+or+moving+through+a+doorway.+One+thing+that+Bugs+cannot+do%2C+however%2C+is+jump.%5BCR%5DIn+its+original+Japanese+release%2C+the+game+featured+Roger+Rabbit%2C+from+the+Amblin%2FDisney+movie+Who+Framed+Roger+Rabbit%3F.+However%2C+when+Kemco+released+the+game+in+the+US+later+the+same+year%2C+they+could+not+use+the+Roger+Rabbit+license+in+that+territory+because+it+had+already+been+purchased+by+LJN+for+their+Roger+Rabbit+game%2C+released+around+the+same+time.+Instead%2C+the+game%27s+sprites+were+reworked+to+resemble+Looney+Tunes+characters.+The+two+versions+are+otherwise+identical.+This+would+be+a+common+issue+for+most+of+Kemco%27s+later+Crazy+Castle+games%2C+as+the+Japanese+versions+would+invariably+feature+Disney+characters+that+would+be+switched+out+for+Looney+Tunes+characters+for+their+US%2FEU+releases+because+of+licensing+issues.%5BCR%5D%26_options_sf&quot;,return)</favourite>
	<favourite name="Looney Tunes - Bugs Bunny to Yukai na Nakama-tachi" thumb="http://thegamesdb.net/banners/boxart/original/front/8379-1.jpg">ActivateWindow(10025,&quot;plugin://plugin.program.iarl/Emulator/GB_Classic_ZachMorris/Game/Looney+Tunes+-+Bugs+Bunny+to+Yukai+na+Nakama-tachi+%28Japan%29?sf_options=desc%3D%5BCR%5DBasic+Gameplay%5BCR%5D+Overview+In+Looney+Tunes%2C+you+control+one+of+seven+Looney+Tunes+characters+and+traverse+seven+different+levels%2C+collecting+gems+and+killing+enemies.+Each+character+has+it%27s+own+specific+level%2C+along+with+it%27s+own+abilities+and+attacks.+Players+have+three+hearts+for+health%2C+but+these+hearts+can+be+healed+by+potions+scattered+throughout+the+levels.+Somewhere+along+the+level%2C+players+fight+a+mid-level+boss%2C+sometimes+twice.+At+the+end+of+each+level%2C+a+boss+fight+occurs%2C+and+some+sort+of+prize+drops+down+from+the+air+for+you+to+collect+and+end+the+level.+After+the+prize+is+collected%2C+a+bonus+level+pops+up.+You+can+collect+gems+in+this+level+to+get+1ups.+This+is+very+helpful%2C+because+the+game+has+no+save+feature.Controls+Looney+Tunes+uses+a+very+familiar+platformer+control+scheme.+The+A+button+is+used+to+jump%2C+the+B+button+is+used+to+attack%2C+and+the+D-Pad+is+used+to+move+your+character.++%5BCR%5DLevel+Rundown%5BCR%5D+Level+1%3A+Daffy+Duck+Daffy+Duck%27s+level+starts+out+on+land%2C+where+he+can+use+his+frisbee+attack+%28I%27m+sorry%2C+but+since+when+did+Daffy+Duck+have+a+frisbee%3F%29+to+kill+the+various+crows+and+lizards.++It+then+transitions+to+a+water+zone%2C+where+Daffy+must+swim+through+the+level%2C+killing+fish+and+shelled+creatures+to+finally+reach+the+boss%3A+A+giant+fish.+Character%3A+Daffy+DuckWeapon%2FAttack%3A+FrisbeeEnemies%3A+Fish%2C+Shelled+creatures%2C+lizards%2C+chickens%2C+crowsMidboss%28es%29%3A+Yosemite+Sam%2C+Marvin+the+Martian%2C+Underwater+Yosemite+SamBoss%3A+Giant+FishLevel+2%3A+Tweety+Bird+Tweety%27s+level+is+a+chase+scene%2C+where+he+is+trying+to+fly+away+from+Sylvester+as+fast+as+possible.+Chester+will+jump+and+run+after+you%2C+but+he+can+also+fall+into+sewer+holes+throughout+the+level%2C+where+he+will+disappear+for+a+while.+Tweety+can+be+slowed+down+by+flying+plants%2C+baseballs%2C+baseball+bats%2C+and+mirrors%2C+though+he+can+sometimes+be+actually+sped+up+by+these.++Character%3A+Tweety+BirdWeapon%2FAttack%3A+NoneEnemies%3A+Flying+pots%2C+mirrors%2C+baseball+bats%2C+plants+and+baseballsMidboss%28es%29%3A+Sylvester%27s+sonBoss%3A+Sylvester+the+CatLevel+3%3A+Porky+Pig+In+this+level%2C+you+control+Porky+Pig+as+he+flies+a+plane+through+a+sunset+sky.+You+will+use+his+ability+to+shoot+stars+out+of+his+plane+to+defeat+sattelites+and+UFOs.+I+suppose+this+level+is+a+play+on+the+tern+%22when+pigs+fly%22.+Character%3A+Porky+PigWeapon%2FAttack%3A+Stars+shot+from+planeEnemies%3A+UFOs%2C+Satellites%2C+bombsMidboss%28es%29%3A+WitchBoss%3A+Psychic+Spoon-bending+StarLevel+4%3A+Tazmanian+Devil+Taz%27s+level+is+completely+different+from+the+others.+It+is+a+time+trial+in+which+you+have+sixty+seconds+to+collect+all+the+meat+power-ups+from+around+the+level.+The+environment+is+made+up+of+moss-covered+rocks%2C+which+Taz+can+spin+into+to+destroy.+Character%3A+Tazmanian+DevilWeapon%2FAttack%3A+SpinningEnemies%3A+NoneMidboss%28es%29%3A+NoneBoss%3A+NoneLevel+5%3A+Speedy+Gonzalez+In+this+level%2C+you+control+Speedy+Gonzalez+as+he+jumps%2C+runs+and+dances+through+an+ancient+temple+to+defeat+his+enemies.+You+will+have+to+avoid+spikes+and+make+tricky+jumps%2C+as+well+as+outrun+the+lava+that+appears+about+halfway+through+the+level.++There+is+also+a+short+puzzle+sequence%2C+in+which+you+will+have+to+move+blocks+in+the+right+order+to+get+through+and+avoid+getting+crushed.Character%3A+Speedy+GonzalezWeapon%2FAttack%3A+Dancing+and+causing+damaging+stars+to+appear+around+his+bodyEnemies%3A+Bats%2C+frogs%2C+mummies%2C+flying+arrows.Midboss%28es%29%3A+Master+Frog%2C+Singing+MummyBoss%3A+Vampire+Bat+FormLevel+6%3A+Road+Runner+Road+Runner%27s+level+plays+a+bit+like+a+side+scrolling+shooter.+You+do+not+control+his+movement+as+far+as+distance+goes%2C+but+you+do+control+his+movement+from+right+to+left+in+wherever+you+are+in+the+level.+The+level+has+two+parts.+In+the+first+part%2C+you+must+jump+on+top+of+rocks+to+avoid+getting+hit+by+them.+Second%2C+you+fight+Wile+E.+Coyote%2C+who+is+skiing+through+the+desert+with+a+rocket+on+his+back.+You+must+jump+on+him+while+dodging+his+attacks.+Character%3A+Road+RunnerWeapon%2FAttack%3A+JumpingEnemies%3A+RocksMidboss%28es%29%3A+NoneBoss%3A+Wile+E.+CoyoteLevel+7%3A+Bugs+Bunny+Bugs%27+level+takes+place+in+pretty+much+the+exact+same+place+as+Speedy%27s.+In+it%2C+you+fight+some+of+the+midbosses+from+previous+levels+all+over+again%2C+and+then+end+it+by+fighting+Elmer+Fudd.+Character%3A+Bugs+BunnyWeapon%2FAttack%3A+FrisbeeEnemies%3A+Bats%2C+frogs%2C+mummies%2C+skeletonsMidboss%28es%29%3A+Master+Frog%2C+Rock+throwerBoss%3A+Elmer+Fudd%5BCR%5D%5BB%5DCheat%3A%5B%2FB%5D+Start+With+5+Extra+Lives%5BCR%5DAt+the+Title+Screen.+You+will+hear+a+confirmation+sound+and+will+start+with+7+extra+lives+instead+of+2.%5BCR%5D%5BB%5DCheat%3A%5B%2FB%5D+Get+99+lives%5BCR%5DThis+glitch+can+be+triggered+while+fighting+the+boss+of+Stage+3+%28Porky+Pig%27s+stage%29.+Make+sure+you%27re+on+your+last+life.+Get+both+your+health+and+the+boss%27s+health+down+to+one%2C+then+wait+until+it+shoots+its+bullets.+Defeat+it%2C+then+quickly+fly+into+a+bullet+and+die.The+Stage+Clear+screen+will+appear+before+Porky+reaches+the+bottom+of+the+screen%2C+and+you%27ll+progress+to+Stage+4+like+normal.+Your+life+counter%2C+however%2C+now+says+%22x%26%239829%3B%26%239829%3B%22%2C+which+means+you+have+99+lives%21%5BCR%5D%5BB%5DCheat%3A%5B%2FB%5D+Super+Frisbee%5BCR%5DTo+obtain+the+Super+Frisbee%2C+jump+in+the+first+lake+in+Level+1.+Jump+to+the+right%2C+and+keep+going+through+the+mountain+until+you+reach+a+cave+with+the+Super+Frisbee.%26_options_sf&quot;,return)</favourite>
	<favourite name="Bugs Bunny in Double Trouble" thumb="http://thegamesdb.net/banners/boxart/original/front/460-1.jpg">ActivateWindow(10025,&quot;plugin://plugin.program.iarl/Emulator/Genesis_ZachMorris/Game/Bugs+Bunny+in+Double+Trouble+%28USA%29?sf_options=fanart%3Dhttp%3A%2F%2Fthegamesdb.net%2Fbanners%2Ffanart%2Foriginal%2F460-1.jpg%26desc%3DThe+game+is+based+on+the+Looney+Tunes+cartoon+movies.+Bugs+Bunny+falls+asleep%2C+and+in+his+dream+sees+Yosemite+Sam+developing+a+robot+called+Gossamer.+The+robot+disobeys+the+commands+of+his+master+and+goes+out+of+control.+Now+Bugs+Bunny+has+to+enter+the+TV+world+and+to+correct+things%2C+bringing+order+back+to+the+lives+of+Looney+Tunes+inhabitants.%5BCR%5DThe+game+consists+of+several+platform-based+stages%2C+each+one+having+a+different+goal+%28guiding+another+character+to+a+safe+place%2C+defeating+a+big+monster%2C+etc.%29+Bugs+Bunny+can+jump+and+run+quickly%2C+as+well+as+collect+items+and+throw+them+at+enemies.%5BCR%5D%5BB%5DCheat%3A%5B%2FB%5D+Cheat+Menu%5BCR%5DTo+access+the+cheat+menu%2C+at+the+menu+select+screen%2C+press+Down%2C+Down%2C+Left%2C+Up%2C+A%2C+C%2C+Down%2C+Down%2C+A+%2B+B+%2B+C%2B+Start.+Here+you+can+choose+any+level+and+enable+invincibility+amongst+other+things.%5BCR%5D%5BB%5DCheat%3A%5B%2FB%5D+Cheat+Menu%5BCR%5DIn+the+first+level+run+quickly+till+you+get+tired+and+stop.+Then+pause+the+game+and+press%3A+A%2C+Up%2C+Right%2C+B%2C+Up+%2CB.+unpause+and+you+will+have+an+extra+life.%26_options_sf&quot;,return)</favourite>
	<favourite name="The Bugs Bunny Hare-Brained Adventure" thumb="http://www.mobygames.com/images/shots/l/25665-the-bugs-bunny-hare-brained-adventure-dos-screenshot-title.jpg">ActivateWindow(10025,&quot;plugin://plugin.program.iarl/Emulator/IA_MSDOS_ZachMorris/Game/The+Bugs+Bunny+Hare-Brained+Adventure?sf_options=desc%3DYou%27re+Bugs+Bunny%2C+the+well-known+hare+from+Warner+Bros.+animations.+Now+you%27re+trapped+in+some+kind+of+tower.+Run+from+one+room+to+another%2C+avoiding+creatures%2C+who+are+lethal+to+your+hare+health%2C+and+collect+useful+items.+If+you%27re+quick%2C+you%27ll+get+away+with+this+tower.%26_options_sf&quot;,return)</favourite>
	<favourite name="Bugs Bunny Birthday Blowout, The" thumb="http://i.imgur.com/DJkO9Zj.jpg">ActivateWindow(10025,&quot;plugin://plugin.program.iarl/Emulator/NES_ZachMorris/Game/Bugs+Bunny+Birthday+Blowout%2C+The+%28USA%29?sf_options=fanart%3Dhttp%3A%2F%2Fi.imgur.com%2Fgeuh4cS.jpg%26desc%3D%5BCR%5DBugs+Bunny+Birthday+Blowout+was+a+2D+side-scrolling+action+platform+title+published+by+Kemco+for+the+Nintendo+Entertainment+System+in+1990.+Differing+wildly+from+its+North+American+predecessor%2C+Bugs+Bunny%27s+Crazy+Castle%2C+Birthday+Blowout%27s+gameplay+consisted+of+platforming%2C+combat+using+Bugs%27+hammer%2C+and+collecting+power-ups+and+carrots.+Several+antagonistic+Warner+Brothers+characters--including+Elmer+Fudd%2C+Foghorn+Leghorn%2C+Daffy+Duck+and+Yosemite+Sam--appeared+as+boss+characters+at+the+end+of+levels.+Birthday+Blowout+also+included+minigames+such+as+a+slot+machine+and+Whack-a-Mole+as+opportunities+to+earn+extra+lives.%5BCR%5DBirthday+Blowout+featured+levels+that+were+decently+large+in+vertical+scope%2C+with+many+areas+being+up+to+two+screens+high%2C+if+not+more.+There+were+rabbit-hole+warps+to+hidden+areas+with+bonus+carrots+as+well%2C+further+increasing+the+explorable+size+of+each+level.+Several+levels+made+up+an+entire+world%2C+and+each+of+the+six+worlds+in+the+game+offered+different+environmental+themes%3A+A+grassy+plain%3B+a+desert%3B+a+temple%3B+a+jungle%3B+and+a+dank+cavern+were+the+different+backdrops+on+offer.%5BCR%5DBugs%27s+abilities+never+really+deviate+from+using+his+hammer%2C+which+is+admittedly+very+short-range%2C+though+there+is+a+power-up+that+renders+him+invulnerable+for+a+short+period+of+time.+Bugs+is+also+able+to+jump+on+top+of+some+enemies+without+incurring+any+damage%2C+similar+in+fashion+to+Super+Mario+Bros.+2%2C+and+while+atop+them+can+safely+thwack+them+with+the+hammer.+Oddly+enough%2C+collecting+a+bonus+carrot+within+a+level+leaves+behind+a+blue+%22WB%22+insignia+that+then+acts+as+a+platform+on+top+of+which+Bugs+can+jump.%5BCR%5D%26_options_sf&quot;,return)</favourite>
	<favourite name="Bugs Bunny Blowout, The" thumb="http://i.imgur.com/DJkO9Zj.jpg">ActivateWindow(10025,&quot;plugin://plugin.program.iarl/Emulator/NES_ZachMorris/Game/Bugs+Bunny+Blowout%2C+The+%28Europe%29?sf_options=fanart%3Dhttp%3A%2F%2Fi.imgur.com%2Fgeuh4cS.jpg%26desc%3DIt%27s+Bugs+Bunny%27s+50th+birthday+and+Bugs+has+been+invited+to+a+huge+party+in+his+honor.+But+Elmer+Fudd%2C+Yosemite+Sam%2C+Wile+E.+Coyote+and+Sylvester+didn%27t+make+the+guest+list+and+they%27re+out+for+not-so-sweet+revenge.+They+have+non-stop+nasty+tricks+up+their+sleeves+to+spoil+Bugs%27+chances+of+ever+arriving+at+his+own+birthday+bash.+Dodge+dangerous+contraptions%21+Smash+mysterious+monsters%21+Help+Bugs+hip-hop+to+a+happy+birthday+blowout%21%26_options_sf&quot;,return)</favourite>
	<favourite name="Bugs Bunny Crazy Castle, The" thumb="http://i.imgur.com/kYG95jd.jpg">ActivateWindow(10025,&quot;plugin://plugin.program.iarl/Emulator/NES_ZachMorris/Game/Bugs+Bunny+Crazy+Castle%2C+The+%28USA%29?sf_options=fanart%3Dhttp%3A%2F%2Fi.imgur.com%2FjGLd3oK.jpg%26desc%3D%5BCR%5D%5BB%5DOverview%3A%5B%2FB%5D%5BCR%5DThe+Bugs+Bunny+Crazy+Castle+is+an+action-platforming+puzzle+game+for+the+NES+in+which+the+player+takes+control+of+Bugs+Bunny.+In+each+of+the+sixty+or+so+levels+in+the+Crazy+Castle%2C+Bugs+must+collect+all+of+the+carrots+in+each+stage+before+moving+on+to+the+next.+Standing+in+Bugs%27s+way+are+fellow+Looney+Tunes+characters+Yosemite+Sam%2C+Sylvester%2C+and+Daffy+Duck%2C+who+wander+around+the+stage+and+attempt+to+catch+him.%5BCR%5DThe+player+can+defeat+enemies+by+either+hitting+them+with+a+boxing+glove+power-up+or+by+dropping+a+weight%2C+such+as+a+flower+pot%2C+onto+their+head.+There+is+also+a+power-up+that+can+make+Bugs+invincible+for+a+short+period+of+time%2C+and+he+is+also+invulnerable+while+being+transported+through+a+pipe+or+moving+through+a+doorway.+One+thing+that+Bugs+cannot+do%2C+however%2C+is+jump.%5BCR%5DIn+its+original+Japanese+release%2C+the+game+featured+Roger+Rabbit%2C+from+the+Amblin%2FDisney+movie+Who+Framed+Roger+Rabbit%3F.+However%2C+when+Kemco+released+the+game+in+the+US+later+the+same+year%2C+they+could+not+use+the+Roger+Rabbit+license+in+that+territory+because+it+had+already+been+purchased+by+LJN+for+their+Roger+Rabbit+game%2C+released+around+the+same+time.+Instead%2C+the+game%27s+sprites+were+reworked+to+resemble+Looney+Tunes+characters.+The+two+versions+are+otherwise+identical.+This+would+be+a+common+issue+for+most+of+Kemco%27s+later+Crazy+Castle+games%2C+as+the+Japanese+versions+would+invariably+feature+Disney+characters+that+would+be+switched+out+for+Looney+Tunes+characters+for+their+US%2FEU+releases+because+of+licensing+issues.%5BCR%5D%26_options_sf&quot;,return)</favourite>
	<favourite name="Bugs Bunny &amp; Taz - Time Busters" thumb="http://thegamesdb.net/banners/boxart/original/front/12217-1.jpg">ActivateWindow(10025,&quot;plugin://plugin.program.iarl/Emulator/PS1_ZachMorris/Game/Bugs+Bunny+%26+Taz+-+Time+Busters+%28USA%29+%28En%2CFr%2CEs%29?sf_options=desc%3DDaffy+Duck+has+ruined+the+Time+Machine%2C+and+Granny+is+asking+you+%28Bugs+Bunny%29+to+collect+all+the+part+of+the+machine.+So+now+you+got+to+travel+in+few+eras+and+help+her...%5BCR%5DUps...+I+almost+forgot+Tazmanian+Devil+will+%22help%22+you...%26_options_sf&quot;,return)</favourite>
	<favourite name="Bugs Bunny - Lost in Time" thumb="http://thegamesdb.net/banners/boxart/original/front/11515-1.jpg">ActivateWindow(10025,&quot;plugin://plugin.program.iarl/Emulator/PS1_ZachMorris/Game/Bugs+Bunny+-+Lost+in+Time+%28USA%29+%28En%2CFr%2CEs%29?sf_options=desc%3DOn+His+way+to+Beach%2C+Bugs+Bunny+accidentally+finds+and+activates+a+time+machine.+Bugs+Bunny+is+immediately+propelled+through+five+different+area+in+time+and+must+find+his+way+back+to+the+present.%5BCR%5DIt+wont+be+an+easy+task%2C+because+blocking++his+way+back+to+the+present+are+some+of+the+wildest+troublemakers%28Stupid+villians%29+he+has+ever+known+like+Elmer+Fudd%2C+Witch+Haxel%2C+Yosemite+Sam%2C+Rocky+and+Marvin.%26_options_sf&quot;,return)</favourite>
	<favourite name="Bugs Bunny - Hachamecha Daibouken" thumb="http://i.imgur.com/tPN3QIU.jpg">ActivateWindow(10025,&quot;plugin://plugin.program.iarl/Emulator/SNES_ZachMorris/Game/Bugs+Bunny+-+Hachamecha+Daibouken+%28Japan%29?sf_options=fanart%3Dhttp%3A%2F%2Fi.imgur.com%2FbAlhli3.jpg%26desc%3D%27What%27s+up%2C+Doc%3F%27+The+rip-roaringest%2C+cartoon+adventure+you%27ve+ever+seen%21+It+stars+Bug+Bunny+and+the+rest+of+your+favorite+Looney+Tunes+characters.+And+you%27re+in+control+every+uproarious+minute%21%5BCR%5D%5BB%5D%5BB%5DCheat%3A%5B%2FB%5D%5B%2FB%5D+Get+10+Lives%5BCR%5DAt+the+Controls+screen+hit+Select%2C+a+new+menu+should+appear.+Go+into+that+menu%2C+highlight+Lives.+To+change+your+amount+keep+pressing+X.%26_options_sf&quot;,return)</favourite>
	<favourite name="Bugs Bunny - Rabbit Rampage" thumb="http://i.imgur.com/IXDMDSl.jpg">ActivateWindow(10025,&quot;plugin://plugin.program.iarl/Emulator/SNES_ZachMorris/Game/Bugs+Bunny+-+Rabbit+Rampage+%28USA%29?sf_options=fanart%3Dhttp%3A%2F%2Fi.imgur.com%2FbAlhli3.jpg%26desc%3D%27What%27s+up%2C+Doc%3F%27+The+rip-roaringest%2C+cartoon+adventure+you%27ve+ever+seen%21+It+stars+Bug+Bunny+and+the+rest+of+your+favorite+Looney+Tunes+characters.+And+you%27re+in+control+every+uproarious+minute%21%5BCR%5D%5BB%5D%5BB%5DCheat%3A%5B%2FB%5D%5B%2FB%5D+Get+10+Lives%5BCR%5DAt+the+Controls+screen+hit+Select%2C+a+new+menu+should+appear.+Go+into+that+menu%2C+highlight+Lives.+To+change+your+amount+keep+pressing+X.%26_options_sf&quot;,return)</favourite>
	<favourite name="Daffy Duck in Hollywood" thumb="http://thegamesdb.net/banners/boxart/original/front/21767-1.jpg">ActivateWindow(10025,&quot;plugin://plugin.program.iarl/Emulator/Game_Gear_ZachMorris/Game/Daffy+Duck+in+Hollywood+%28Europe%29+%28En%2CFr%2CDe%2CEs%2CIt%29?sf_options=desc%3D%5BCR%5DUh-oh%21+Mad+Professor+Duckbrain+has+stolen+Yosemite+Sam%27s+previous+golden+movie+awards%2C+and+he+wants+a+million+bucks+for+%27em%21+What+to+do%3F+Well%2C+call+Daffy+Duck+of+course%21+Daffy+grabs+his+trusty+bubble+gun+and+explores+different+film+sets+to+retrieve+the+awards.+But+watch+out%21+The+film+sets+are+also+rigged+with+dynamite+that+must+be+deactived%2C+or+else+Hollywood+is+sure+to+blow+up%21+All+of+the+film+sets+are+themed+after+various+adventurous+movie+genres+and+locations%2C+including+horror%2C+western%2C+jungle+and+sci-fi%21+Daffy+can+power+up+his+bubble+gun+to+fire+an+array+of+different+bubbles%2C+and+enemies+are+defeated+by+capturing+them+in+bubbles+and+having+them+float+away.+As+another+trick+up+his++sleeve%2C+Daffy+can+call+for+help+from+a+fairy+duck+mother%2C+who+flies+around+with+Daffy+and+protects+him.%5BCR%5D%5BB%5DCheat%3A%5B%2FB%5D+Invincibility+and+Stage+Skip%5BCR%5DPress+the+following+at+the+main+menu+to+be+invincible+or+to+skip+the+stages%5BCR%5D%5BB%5DCheat%3A%5B%2FB%5D+Invincibility+and+Stage+Skip%5BCR%5DPress+the+following+at+the+main+menu+to+view+one+of+three+endings%26_options_sf&quot;,return)</favourite>
	<favourite name="Daffy Duck - Fowl Play" thumb="http://thegamesdb.net/banners/boxart/original/front/21942-1.jpg">ActivateWindow(10025,&quot;plugin://plugin.program.iarl/Emulator/GBC_ZachMorris/Game/Daffy+Duck+-+Fowl+Play+%28USA%2C+Europe%29?sf_options=desc%3DIn+Daffy+Duck%3A+Fowl+Play%2C+Daffy+is+in+search+of+a+hidden+treasure+that+Bugs+Bunny+told+him+about.++Unfortunately%2C+the+rest+of+the+Looney+Tunes+cast+is+out+to+stop+him.%5BCR%5DFowl+Play+is+a+nine-level+platforming%2Faction+game+with+some+unusual+mechanics.++Daffy+has+a+hunger+meter+which+he+must+keep+filled.++You+must+find+food+throughout+the+levels+and+always+hurry+lest+Daffy+starve.%5BCR%5D%5BB%5DCheat%3A%5B%2FB%5D+Get+to+the+Last+Level+with+49+lives%5BCR%5DEnter+the+password%3A+Be+warned+-+you+start+with+no+money%21%5BCR%5D%5BB%5DCheat%3A%5B%2FB%5D+Get+to+the+Last+Level+with+49+lives%5BCR%5DThese+are+all+passwords+existent+in+the+game%3A%5BCR%5D%5BB%5DCheat%3A%5B%2FB%5D+Get+to+the+Last+Level+with+49+lives%5BCR%5DTo+select+a+level%2C+input+these+passwords.%5BCR%5D%5BB%5DCheat%3A%5B%2FB%5D+Get+to+the+Last+Level+with+49+lives%5BCR%5DFrom+the+Title+Screen%2C+choose+Password+and+enter+one+of+the+following%3A%26_options_sf&quot;,return)</favourite>
	<favourite name="Daffy Duck - Subette Koron de Taikin Mochi" thumb="http://thegamesdb.net/banners/boxart/original/front/21942-1.jpg">ActivateWindow(10025,&quot;plugin://plugin.program.iarl/Emulator/GBC_ZachMorris/Game/Daffy+Duck+-+Subette+Koron+de+Taikin+Mochi+%28Japan%29?sf_options=desc%3DIn+Daffy+Duck%3A+Fowl+Play%2C+Daffy+is+in+search+of+a+hidden+treasure+that+Bugs+Bunny+told+him+about.++Unfortunately%2C+the+rest+of+the+Looney+Tunes+cast+is+out+to+stop+him.%5BCR%5DFowl+Play+is+a+nine-level+platforming%2Faction+game+with+some+unusual+mechanics.++Daffy+has+a+hunger+meter+which+he+must+keep+filled.++You+must+find+food+throughout+the+levels+and+always+hurry+lest+Daffy+starve.%5BCR%5D%5BB%5DCheat%3A%5B%2FB%5D+Get+to+the+Last+Level+with+49+lives%5BCR%5DEnter+the+password%3A+Be+warned+-+you+start+with+no+money%21%5BCR%5D%5BB%5DCheat%3A%5B%2FB%5D+Get+to+the+Last+Level+with+49+lives%5BCR%5DThese+are+all+passwords+existent+in+the+game%3A%5BCR%5D%5BB%5DCheat%3A%5B%2FB%5D+Get+to+the+Last+Level+with+49+lives%5BCR%5DTo+select+a+level%2C+input+these+passwords.%5BCR%5D%5BB%5DCheat%3A%5B%2FB%5D+Get+to+the+Last+Level+with+49+lives%5BCR%5DFrom+the+Title+Screen%2C+choose+Password+and+enter+one+of+the+following%3A%26_options_sf&quot;,return)</favourite>
	<favourite name="Daffy Duck" thumb="http://static.giantbomb.com/uploads/scale_large/9/93770/2363716-snes_daffyduckmarvinmissions.jpg">ActivateWindow(10025,&quot;plugin://plugin.program.iarl/Emulator/GB_Classic_ZachMorris/Game/Daffy+Duck+%28USA%2C+Europe%29+%28SGB+Enhanced%29?sf_options=desc%3DGet+ready+to+duck+and+cover.+Because+the+fate+of+the+planets+rests+squarely+on+Duck+Dodgers--alias+Daffy+Duck--the+fearless+space+crusader+from+the+cartoon+adventure+series.Marvin+Martian%2C+the+extra-fiendish+extraterrestrial%2C+is+poised+to+obliterate+the+galaxy%21+So+choose+your+weapon.+Then+help+Daffy+race+from+planet+to+planet+in+hot+pursuit+of+the+outrageous+alien.Search+secret+chambers+and+caverns+for+mystery+bonuses%21+Help+Daffy+shield+himself+from+needles+fired+by+crazed+cactus%21+Block+an+onsalught+of+enemy+space+mines%21+Battle+an+undersea+army+of+Instant+Martia%27s+%28just+add+water%29.+Finally%2C+look+down+the+barrel+of+Marvin+Martian%27s+P-38+Space+Modulator--with+its+destructive+sights+set+on+Earth%21%5BCR%5D%5BB%5DCheat%3A%5B%2FB%5D+In+game+codes%5BCR%5DWhile+playing%2C+Pause+the+game+and+enter+these+codes.+Each+code+uses+10+Score+points.%5BCR%5D%5BB%5DCheat%3A%5B%2FB%5D+Stage+Passwords%5BCR%5DEnter+the+following+passwords+to+go+to+the+following+stages%3A%5BCR%5D%5BB%5DCheat%3A%5B%2FB%5D+Special+Mode%5BCR%5DRight+near+the+start+of+the+first+level+there+is+a+cart%2C+if+you+step+on+it%2C+it+won%27t+go+anywhere%2C+but+it+will+give+you+a+lot+of+speed+as+long+as+you+don%27t+touch+the+floor.+If+you+manage+to+get+to+the+end+of+the+stage+with+that+speed%2C+you%27ll+automatically+go+to+a+%22Super+Stage%22%2C+which+basically+consists+of+a+whole+new+quest+with+totally+different+and+incredibly+hard+levels.%26_options_sf&quot;,return)</favourite>
	<favourite name="Looney Tunes Series - Daffy Duck" thumb="http://thegamesdb.net/banners/boxart/original/front/18612-1.jpg">ActivateWindow(10025,&quot;plugin://plugin.program.iarl/Emulator/GB_Classic_ZachMorris/Game/Looney+Tunes+Series+-+Daffy+Duck+%28Japan%29+%28SGB+Enhanced%29?sf_options=desc%3DGet+ready+to+duck+and+cover.+Because+the+fate+of+the+planets+rests+squarely+on+Duck+Dodgers--alias+Daffy+Duck--the+fearless+space+crusader+from+the+cartoon+adventure+series.Marvin+Martian%2C+the+extra-fiendish+extraterrestrial%2C+is+poised+to+obliterate+the+galaxy%21+So+choose+your+weapon.+Then+help+Daffy+race+from+planet+to+planet+in+hot+pursuit+of+the+outrageous+alien.Search+secret+chambers+and+caverns+for+mystery+bonuses%21+Help+Daffy+shield+himself+from+needles+fired+by+crazed+cactus%21+Block+an+onsalught+of+enemy+space+mines%21+Battle+an+undersea+army+of+Instant+Martia%27s+%28just+add+water%29.+Finally%2C+look+down+the+barrel+of+Marvin+Martian%27s+P-38+Space+Modulator--with+its+destructive+sights+set+on+Earth%21%5BCR%5D%5BB%5DCheat%3A%5B%2FB%5D+In+game+codes%5BCR%5DWhile+playing%2C+Pause+the+game+and+enter+these+codes.+Each+code+uses+10+Score+points.%5BCR%5D%5BB%5DCheat%3A%5B%2FB%5D+Stage+Passwords%5BCR%5DEnter+the+following+passwords+to+go+to+the+following+stages%3A%5BCR%5D%5BB%5DCheat%3A%5B%2FB%5D+Special+Mode%5BCR%5DRight+near+the+start+of+the+first+level+there+is+a+cart%2C+if+you+step+on+it%2C+it+won%27t+go+anywhere%2C+but+it+will+give+you+a+lot+of+speed+as+long+as+you+don%27t+touch+the+floor.+If+you+manage+to+get+to+the+end+of+the+stage+with+that+speed%2C+you%27ll+automatically+go+to+a+%22Super+Stage%22%2C+which+basically+consists+of+a+whole+new+quest+with+totally+different+and+incredibly+hard+levels.%26_options_sf&quot;,return)</favourite>
	<favourite name="Daffy Duck in Hollywood" thumb="http://thegamesdb.net/banners/boxart/original/front/2724-1.jpg">ActivateWindow(10025,&quot;plugin://plugin.program.iarl/Emulator/Master_System_ZachMorris/Game/Daffy+Duck+in+Hollywood+%28Europe%29+%28En%2CFr%2CDe%2CEs%2CIt%29?sf_options=fanart%3Dhttp%3A%2F%2Fthegamesdb.net%2Fbanners%2Ffanart%2Foriginal%2F2724-1.jpg%26desc%3D%5BCR%5DUh-oh%21+Mad+Professor+Duckbrain+has+stolen+Yosemite+Sam%27s+previous+golden+movie+awards%2C+and+he+wants+a+million+bucks+for+%27em%21+What+to+do%3F+Well%2C+call+Daffy+Duck+of+course%21+Daffy+grabs+his+trusty+bubble+gun+and+explores+different+film+sets+to+retrieve+the+awards.+But+watch+out%21+The+film+sets+are+also+rigged+with+dynamite+that+must+be+deactived%2C+or+else+Hollywood+is+sure+to+blow+up%21+All+of+the+film+sets+are+themed+after+various+adventurous+movie+genres+and+locations%2C+including+horror%2C+western%2C+jungle+and+sci-fi%21+Daffy+can+power+up+his+bubble+gun+to+fire+an+array+of+different+bubbles%2C+and+enemies+are+defeated+by+capturing+them+in+bubbles+and+having+them+float+away.+As+another+trick+up+his++sleeve%2C+Daffy+can+call+for+help+from+a+fairy+duck+mother%2C+who+flies+around+with+Daffy+and+protects+him.%5BCR%5D%5BB%5DCheat%3A%5B%2FB%5D+Invincibility+and+Stage+Skip%5BCR%5DInput+this+code+at+the+main+menu+to+be+invincible+or+skip+stage.%5BCR%5D%5BB%5DCheat%3A%5B%2FB%5D+Invincibility+and+Stage+Skip%5BCR%5DPress+the+following+commands+at+the+main+menu+to+view+one+of+three+endings.%5BCR%5D%5BB%5DCheat%3A%5B%2FB%5D+Multiple+Cheats+and+Fergus+McGovern+head%5BCR%5DTo+enter+multiple+cheats%2C+enter+the+code%2C+but+instead+of+starting+the+game%2C+enter+the+Music%2FSound+test+menu+then+exit+it.+Do+this+to+activate+both+the+level+select+and+invincibility+codes%2C+then+press+Left%2C+Right%2C+Left%2C+Left%2C+Left.+Now+start+a+new+game%2C+and+instead+of+playing+as+Daffy+Duck%2C+you+will+be+playing+as+Fergus+McGovern%27s+%28the+founder+of+Probe%29+head.%26_options_sf&quot;,return)</favourite>
	<favourite name="Daffy Duck Starring as Duck Dodgers" thumb="http://thegamesdb.net/banners/boxart/original/front/265-1.jpg">ActivateWindow(10025,&quot;plugin://plugin.program.iarl/Emulator/N64_ZachMorris/Game/Daffy+Duck+Starring+as+Duck+Dodgers+%28Europe%29+%28En%2CFr%2CDe%2CEs%2CIt%2CNl%29?sf_options=fanart%3Dhttp%3A%2F%2Fthegamesdb.net%2Fbanners%2Ffanart%2Foriginal%2F265-1.jpg%26desc%3DCan+you+do+it%2C+Duck+Dodgers%3F+Can+you+save+the+Earth%3F+Marvin+the+Martian+has+built+the+Ultimate+Weapon+to+destroy+our+planet.+But+there%27s+one+small+problem%3A+Ultimate+Weapons+require+a+lot+of+energy+that+Marvin+doesn%27t+have.+So+he+sends+out+his+minions+to+search+for+energy+atoms.+It%27s+up+to+you%2C+Duck+Dodgers%2C+savior+of+the+Universe+%28and+master+klutz%29%2C+to+stop+Marvin+before+he+collects+enough+atoms+to+make+his+diabolical+plan+a+success.+We%27re+counting+on+you%21%26_options_sf&quot;,return)</favourite>
	<favourite name="Duck Dodgers Starring Daffy Duck" thumb="http://i.imgur.com/LvgULIj.jpg">ActivateWindow(10025,&quot;plugin://plugin.program.iarl/Emulator/N64_ZachMorris/Game/Duck+Dodgers+Starring+Daffy+Duck+%28USA%29+%28En%2CFr%2CEs%29?sf_options=fanart%3Dhttp%3A%2F%2Fthegamesdb.net%2Fbanners%2Ffanart%2Foriginal%2F265-1.jpg%26desc%3DCan+you+do+it%2C+Duck+Dodgers%3F+Can+you+save+the+Earth%3F+Marvin+the+Martian+has+built+the+Ultimate+Weapon+to+destroy+our+planet.+But+there%27s+one+small+problem%3A+Ultimate+Weapons+require+a+lot+of+energy+that+Marvin+doesn%27t+have.+So+he+sends+out+his+minions+to+search+for+energy+atoms.+It%27s+up+to+you%2C+Duck+Dodgers%2C+savior+of+the+Universe+%28and+master+klutz%29%2C+to+stop+Marvin+before+he+collects+enough+atoms+to+make+his+diabolical+plan+a+success.+We%27re+counting+on+you%21%26_options_sf&quot;,return)</favourite>
	<favourite name="Daffy Duck - The Marvin Missions" thumb="http://i.imgur.com/cz0OV78.jpg">ActivateWindow(10025,&quot;plugin://plugin.program.iarl/Emulator/SNES_ZachMorris/Game/Daffy+Duck+-+The+Marvin+Missions+%28Europe%29?sf_options=fanart%3Dhttp%3A%2F%2Fi.imgur.com%2FncOSuaR.jpg%26desc%3D%5BCR%5D%5BB%5DOverview%3A%5B%2FB%5D%5BCR%5DDaffy+Duck%3A+The+Marvin+Missions+is+an+action+game+from+ICOM+Simulations+which+was+published+by+SunSoft.+Daffy+Duck+stars+as+Duck+Dodgers+and+has+to+fight+his+way+through+a+variety+of+levels+filled+with+traps+set+by+Marvin+the+Martian+in+order+to+restore+order+to+the+galaxy.%5BCR%5DDaffy+Duck%3A+The+Marvin+Missions+was+released+on+the+Super+Nintendo+and+the+Game+Boy.+The+Game+Boy+version+was+named+Daffy+Duck+in+Europe%2C+and+Looney+Tunes+Series%3A+Daffy+Duck+in+Japan.%5BCR%5D%5BB%5DGameplay%3A%5B%2FB%5D%5BCR%5DMixing+platformer+and+shooter+gameplay%2C+like+Contra+or+Earthworm+Jim%2C+Daffy+Duck%3A+The+Marvin+Missions+features+the+irascible+duck+in+his+space+hero+Duck+Dodgers+persona+heading+across+stages+on+Mars+with+his+trusty+blaster.+In+addition+to+the+default+gun%2C+which+has+an+infinite+number+of+bullets%2C+Duck+Dodger+can+also+pick+up+special+guns+with+limited+ammo+that+he+can+switch+between.+Duck+Dodgers+also+has+a+jet+pack+with+limited+fuel%2C+which+can+be+used+to+fly+over+trickier+platforming+sequences.%5BCR%5DThe+extra+fuel+and+weapons+can+be+found+in+stages%2C+either+lying+around+or+after+defeating+enemies%2C+and+can+also+be+purchased+before+each+mission+with+funds+the+player+can+collect.+The+player+can+also+buy+Continue+Gems+and+Extra+Lives+before+each+stage%2C+but+they+have+a+relatively+high+cost.%5BCR%5D%5BB%5D%5BB%5DCheat%3A%5B%2FB%5D%5B%2FB%5D+Codes%5BCR%5D%26_options_sf&quot;,return)</favourite>
	<favourite name="Tweety and the Magic Gems" thumb="http://static.giantbomb.com/uploads/scale_large/8/87790/2280517-box_tatmg.png">ActivateWindow(10025,&quot;plugin://plugin.program.iarl/Emulator/GBA_ZachMorris/Game/Tweety+and+the+Magic+Gems+%28USA%29?sf_options=desc%3DThanks+to+a+run-in+with+a+cursed+treasure+chest%2C+Tweety+Bird+has+contracted+a+petrification+curse.+To+cure+him%2C+Granny+needs+to+form+an+antidote+from+five+different+magical+gems%2C+each+of+which+is+located+in+a+different+area+of+the+world.+Oddly+enough%2C+instead+of+pooling+their+resources%2C+Bugs%2C+Daffy%2C+Sylvester%2C+and+the+rest+of+the+Looney+Tunes+gang+decide+to+compete+against+one+another+to+collect+the+gems.+On+a+massive+game+board%2C+the+player+and+up+to+three+opponents+%28CPU+or+human%29+can+assume+the+roles+of+these+beloved+characters+and+battle+it+out+for+the+right+to+save+Tweety.%5BCR%5D%5BB%5DCheat%3A%5B%2FB%5D+Free+Items%5BCR%5DWhen+you+pull+an+Ace+or+a+7%2C+you+can+choose+a+card+and+win+whatever+item+is+on+the+card+you+picked%2C+for+free%21%26_options_sf&quot;,return)</favourite>
	<favourite name="Tweety no Hearty Party" thumb="http://static.giantbomb.com/uploads/scale_large/8/87790/2280517-box_tatmg.png">ActivateWindow(10025,&quot;plugin://plugin.program.iarl/Emulator/GBA_ZachMorris/Game/Tweety+no+Hearty+Party+%28Japan%29?sf_options=desc%3DTweety+%26+The+Magic+Gems+is+an+Action+game%2C+developed+by+Kemco+and+published+by+Kotobuki+Systems%2Cwhich+was+released+in+Japan+in+2001.%26_options_sf&quot;,return)</favourite>
	<favourite name="Sylvester and Tweety - Breakfast on the Run" thumb="http://thegamesdb.net/banners/boxart/original/front/22089-1.jpg">ActivateWindow(10025,&quot;plugin://plugin.program.iarl/Emulator/GBC_ZachMorris/Game/Sylvester+and+Tweety+-+Breakfast+on+the+Run+%28Europe%29+%28En%2CFr%2CDe%2CEs%2CIt%2CNl%29?sf_options=desc%3DLooney+Tunes%3A+Twouble%21+is+an+Action+game%2C+developed+by+Bit+Managers+and+published+by+Infogrames%2Cwhich+was+released+in+1998.%26_options_sf&quot;,return)</favourite>
	<favourite name="Tweety Sekaiisshuu - 80 Hiki no Neko o Sagase!" thumb="http://thegamesdb.net/banners/boxart/original/front/22113-1.jpg">ActivateWindow(10025,&quot;plugin://plugin.program.iarl/Emulator/GBC_ZachMorris/Game/Tweety+Sekaiisshuu+-+80+Hiki+no+Neko+o+Sagase%21+%28Japan%29?sf_options=desc%3DTweety%27s+High-Flying+Adventure+is+an+Action+game%2C+developed+and+published+by+Kemco%2Cwhich+was+released+in+Japan+in+2000.%26_options_sf&quot;,return)</favourite>
	<favourite name="Sylvester &amp; Tweety in Cagey Capers" thumb="http://thegamesdb.net/banners/boxart/original/front/4650-1.jpg">ActivateWindow(10025,&quot;plugin://plugin.program.iarl/Emulator/Genesis_ZachMorris/Game/Sylvester+%26+Tweety+in+Cagey+Capers+%28Europe%29?sf_options=desc%3DAnother+Warner+Bros+licensed+title.+You+are+Sylvester+%28the+cat%29+and+you+have+to+catch+Tweety+%28the+bird%29%5BCR%5DThis+game+is+a+2d+side-scrolling+action%2C+platform+and+reflexion+game.+In+order+to+catch+tweety+you+will+have+to+solve+many+puzzles%2C+which+become+more+and+more+difficult+as+you+progress+into+the+game.%5BCR%5D%5BB%5DCheat%3A%5B%2FB%5D+Codes%5BCR%5DPause+the+game+and+enter+the+following%3A%26_options_sf&quot;,return)</favourite>
	<favourite name="Sylvester and Tweety in Cagey Capers" thumb="http://i.imgur.com/v2YXq7P.png">ActivateWindow(10025,&quot;plugin://plugin.program.iarl/Emulator/Genesis_ZachMorris/Game/Sylvester+and+Tweety+in+Cagey+Capers+%28USA%29?sf_options=desc%3DAnother+Warner+Bros+licensed+title.+You+are+Sylvester+%28the+cat%29+and+you+have+to+catch+Tweety+%28the+bird%29%5BCR%5DThis+game+is+a+2d+side-scrolling+action%2C+platform+and+reflexion+game.+In+order+to+catch+tweety+you+will+have+to+solve+many+puzzles%2C+which+become+more+and+more+difficult+as+you+progress+into+the+game.%5BCR%5D%5BB%5DCheat%3A%5B%2FB%5D+Codes%5BCR%5DPause+the+game+and+enter+the+following%3A%26_options_sf&quot;,return)</favourite>
	<favourite name="Porky Pig&apos;s Haunted Holiday" thumb="http://i.imgur.com/w9m99xX.jpg">ActivateWindow(10025,&quot;plugin://plugin.program.iarl/Emulator/SNES_ZachMorris/Game/Porky+Pig%27s+Haunted+Holiday+%28USA%29?sf_options=desc%3D%5BCR%5D%5BB%5DOverview%3A%5B%2FB%5D%5BCR%5DPorky+Pig%27s+Haunted+Holiday+is+a+sidescrolling+platformer%2C+in+which+the+player+guides+Porky+Pig+through+several+of+his+nightmares.+These+nightmares+include+a+forest%2C+a+western+town%2C+Atlantis%2C+a+mine%2C+the+alps%2C+and+a+castle.+This+title+was+notable+for+being+the+only+game+staring+Porky+Pig%2C+and+its+unique+weather+system%2C+in+which+the+weather+cycles+through+seasons.%5BCR%5D%5BB%5D%5BB%5DCheat%3A%5B%2FB%5D%5B%2FB%5D+Alternative+Options+Screen+and+Joe+Booths+C.M.S.+Editor%5BCR%5DOn+the+screen+with+license+text%2C+wait+until+the+screen+is+about+to+fade+out%2C+then+quickly+enter+the+code.++If+successful%2C+the+Alternative+Options+Screen+will+appear+afterwards.++Here%2C+you+can+view+various+cutscenes+and+the+credits.++During+gameplay%2C+press+Select+to+enter+a+debug+menu+called+Joe+Booth%27s+C.M.S.+editor.++This+screen+allows+changing+gameplay+flags+and+the+current+level.%26_options_sf&quot;,return)</favourite>
	<favourite name="Road Runner and Wile E. Coyote" thumb="https://archive.org/download/C64Games_201705/C64_Artwork.zip/Commodore%2064%20Artwork%2FRoad%20Runner%20and%20Wile%20E.%20Coyote%20%28Europe%29%2FCover%20%28Disk%29-Road_Runner_and_Wile_E_Coyote_%28Disk%29.jpg">ActivateWindow(10025,&quot;plugin://plugin.program.iarl/Emulator/C64_ZachMorris/Game/Road+Runner+and+Wile+E.+Coyote+%28Europe%29?sf_options=desc%3DThe+cartoons+of+Road+Runner+trying+to+flee+Wile+E.+Coyote+%28and+inevitably+cause+him+to+fall+into+a+trap%29+are+recreated+in+this+action+game.+You+control+Road+Runner+himself+in+two+distinct+stages%2C+each+of+which+are+repeated+four+times+with+increasing+difficulty.%5BCR%5DIn+the+first+Road+Runner+must+peck+as+much+seed+from+the+ground+of+a+single+screen+as+he+can%2C+while+avoiding+the+myriad+traps+and+dangers+Wile+E.+Coyote+throws+at+him+from+the+sky.+The+more+seed+you+can+peck%2C+the+better+your+chances+will+be+in+take+2.++This+involves+running+away+from+Wile+E%2C+jumping+the+traps+he+has+laid+and+finally+reaching+the+safety+of+a+big+drop%2C+which+you+will+clear+and+watch+Wile+E.+fall+through%2C+just+like+the+cartoons.%5BCR%5DControls%3A+Joystick+Port+2%26_options_sf&quot;,return)</favourite>
	<favourite name="Desert Speedtrap Starring Road Runner and Wile E. Coyote" thumb="http://static.giantbomb.com/uploads/scale_large/9/93770/2362877-sms_desertspeedtrapstarringroadrunner_au.jpg">ActivateWindow(10025,&quot;plugin://plugin.program.iarl/Emulator/Game_Gear_ZachMorris/Game/Desert+Speedtrap+Starring+Road+Runner+and+Wile+E.+Coyote+%28USA%29?sf_options=desc%3D%5BCR%5DReleased+by+Probe+Entertainment+in+1994+this+Loony+Toons+licenced+Platformer+featured+Road+Runner+and+his+nemesis+Wile+E+Coyote.+It+was+released+on+Sega+Game+Gear+and+Sega+Master+System.Gameplay%5BCR%5DThe+aim+of+the+game+is+to+collect+stars+littered+throughout+the+level+on+path+to+the+Exit+sign.+These+stars+add+an+extra+second+to+the+time+remaining+countdown.+Each+stage+contains+250+stars.+Stages+are+broken+up+into+worlds.+%5BCR%5DCollecting+BirdSeed+replenishes+Road+Runner%27s+health+which+can+be+lost+by+running+into+enemies+in+the+environment.+Some+Birdseed+stations+also+act+as+checkpoints+to+respawn+in+case+of+death.+Enemies+are+killed+by+jumping+on+them.+%5BCR%5DThe+platforming+is+difficult+to+control+but+level+layouts+are+similar+in+style+to+other+Master+System+platformers+of+the+time.+%5BCR%5D%5BB%5DCheat%3A%5B%2FB%5D+Various+Cheats%5BCR%5DThe+following+cheats+are+to+be+entered+by+going+into+the+Options+Menu+and+playing+certain+tunes.+Enable+invincibility+to+have+full+access+to+all+stages+with+the+Level+Select+cheat.%26_options_sf&quot;,return)</favourite>
	<favourite name="Desert Demolition Starring Road Runner and Wile E. Coyote" thumb="http://thegamesdb.net/banners/boxart/original/front/4335-2.jpg">ActivateWindow(10025,&quot;plugin://plugin.program.iarl/Emulator/Genesis_ZachMorris/Game/Desert+Demolition+Starring+Road+Runner+and+Wile+E.+Coyote+%28USA%2C+Europe%29?sf_options=desc%3DPlay+either+the+Road+Runner+OR+Wile+E.+Coyote+in+this+unique+side-scroller+that+is+just+like+an+interactive+Saturday+morning+cartoon.%5BCR%5DYour+goal%3A+run+through+six+different+desert+environments+before+time+expires%2C+collecting+ACME+stamps.%5BCR%5DAs+the+Road+Runner%2C+speed+is+your+ally+as+you+do+incredible+jumps%2C+burn+though+loop-de-loops%2C+and+avoid+all+of+the+Coyote%27s+contraptions+and+ambushes.+The+Road+Runner+can+also+scare+an+unsuspecting+Coyote+with+his+Beep-Beep+attack.%5BCR%5DAs+the+Coyote%2C+you+use+Acme%27s+crazy+gadgets+to+catch+the+Road+Runner%2C+constantly+attempting+to+master+their+power+without+getting+yourself+flattened.+The+Coyote+has+a+special+leap+attack+which+allows+him+to+make+a+last+ditch+attempt+to+grab+the+bird%21%5BCR%5DBonus+rounds+include+cameos+from+other+classic+Warner+Bros.+characters+such+as+Elmer+Fudd%2C+Bugs+Bunny%2C+Marvin+the+Martian.%5BCR%5D%5BB%5DCheat%3A%5B%2FB%5D+Debug+Mode%5BCR%5DAt+the+title+screen+B%2C+A%2C+Right%2C+B%2C+A%2C+Right%2C+A.+%28BARBARA%29+Here+you+have+level+select%2C+sound+test%2C+cruise+mode+and+display+coordinates.%5BCR%5D%5BB%5DCheat%3A%5B%2FB%5D+Debug+Mode%5BCR%5DPause+game+play+and+press+C%2C+A%2C+Left%282%29%2C+Down%2C+A%2C+Down.%26_options_sf&quot;,return)</favourite>
	<favourite name="Desert Speedtrap Starring Road Runner and Wile E. Coyote" thumb="http://thegamesdb.net/banners/boxart/original/front/18804-1.jpg">ActivateWindow(10025,&quot;plugin://plugin.program.iarl/Emulator/Master_System_ZachMorris/Game/Desert+Speedtrap+Starring+Road+Runner+and+Wile+E.+Coyote+%28Europe%29+%28En%2CFr%2CDe%2CEs%2CIt%29?sf_options=desc%3D%5BCR%5DReleased+by+Probe+Entertainment+in+1994+this+Loony+Toons+licenced+Platformer+featured+Road+Runner+and+his+nemesis+Wile+E+Coyote.+It+was+released+on+Sega+Game+Gear+and+Sega+Master+System.Gameplay%5BCR%5DThe+aim+of+the+game+is+to+collect+stars+littered+throughout+the+level+on+path+to+the+Exit+sign.+These+stars+add+an+extra+second+to+the+time+remaining+countdown.+Each+stage+contains+250+stars.+Stages+are+broken+up+into+worlds.+%5BCR%5DCollecting+BirdSeed+replenishes+Road+Runner%27s+health+which+can+be+lost+by+running+into+enemies+in+the+environment.+Some+Birdseed+stations+also+act+as+checkpoints+to+respawn+in+case+of+death.+Enemies+are+killed+by+jumping+on+them.+%5BCR%5DThe+platforming+is+difficult+to+control+but+level+layouts+are+similar+in+style+to+other+Master+System+platformers+of+the+time.+%5BCR%5D%5BB%5DCheat%3A%5B%2FB%5D+Cheat+Mode%5BCR%5DTo+access+cheat+mode%2C+go+to+the+options+menu+and+set+the+Tune+to+09%2C+and+the+sound+to+12.+Then+go+up+to+the+Game+Mode+and+press+left%2Fright+and+select+CHEAT.+You+will+now+be+invincible+in+hard+mode.%5BCR%5D%5BB%5DCheat%3A%5B%2FB%5D+Cheat+Mode%5BCR%5DTo+access+level+select%2C+go+to+the+options+menu+and+set+the+Tune+to+10%2C+and+the+sound+to+07.+Then+go+down+to+exit+and+press+Left+or+Right+to+choose+which+level+you+start+on.+Easy+-+10+Levels%2C+Normal+-+12+Levels%2C+Hard+-+14+Levels.%26_options_sf&quot;,return)</favourite>
	<favourite name="Looney Tunes - Road Runner vs Wile E. Coyote" thumb="http://i.imgur.com/0UVkUSv.jpg">ActivateWindow(10025,&quot;plugin://plugin.program.iarl/Emulator/SNES_ZachMorris/Game/Looney+Tunes+-+Road+Runner+vs+Wile+E.+Coyote+%28Japan%29?sf_options=desc%3DRoad+Runner%27s+Death+Valley+Rally+is+an+Action+game%2C+developed+by+ICOM+Simulations+and+published+by+SunSoft%2Cwhich+was+released+in+1992.%26_options_sf&quot;,return)</favourite>
	<favourite name="Road Runner" thumb="http://thegamesdb.net/banners/boxart/original/front/34489-1.jpg">ActivateWindow(10025,&quot;plugin://plugin.program.iarl/Emulator/Atari_5200_ZachMorris/Game/Road+Runner+%28Prototype%29?sf_options=desc%3DAn+unreleased+prototype+game+staring+the+popular+Road+Runner+cartoon+character.+Thought+to+have+been+based+on+perhaps+a+port+of+the+arcade+game+Locomotion+before+being+re+skinned+with+Roadrunner+and+Wiley+E+Coyote.%5BCR%5DAt+the+start+of+each+level+a+birdseed+truck+will+weave+its+way+through+the+maze+dropping+off+piles+of+birdseed+as+it+goes.++The+goal+of+Roadrunner+is+to+move+the+tiles+around+so+Wiley+Coyote+eats+as+much+birdseed+as+he+can+before+the+Roadrunner+gets+it.++Each+tile+contains+a+portion+of+the+road+which+Wiley+and+the+Roadrunner+walk+on%2C+by+sliding+the+tiles+around+you+can+make+paths+leading+to+the+piles+of+birdseed+or+to+the+tunnels+on+the+side+of+the+board.++The+tunnels+connect+one+side+of+the+screen+to+the+other%2C+and+can+be+useful+for+warping+across+the+screen.++Unfortunately+some+of+these+tunnel+entrances+are+really+just+painted+on%2C+so+if+Wiley+attempts+to+enter+one+he%27ll+knock+himself+out.++The+only+way+to+tell+if+a+tunnel+is+real+is+to+watch+the+Roadrunner+and+see+which+tunnels+he+takes.%5BCR%5DWiley+can+die+if+he+either+runs+off+the+end+of+the+tile+or+runs+into+a+false+tunnel.++The+Roadrunner+appears+to+be+able+to+back+up+from+dead+end+track+pieces+and+tunnels+so+he+is+impossible+to+kill%2C+but+you+can+trap+him+on+two+dead+end+pieces+and+complete+the+level+at+your+leisure.++Once+all+the+birdseed+is+gone+the+game+moves+to+the+next+level.++If+you+happen+to+run+into+the+Roadrunner+you+will+score+10+points%2C+and+you+the+Roadrunner+will+be+transported+back+to+your+starting+points.++Wiley+also+scores+35+points+for+each+tile+he+crosses%2C+and+50+points+for+each+pile+of+birdseed+he+collects.%5BCR%5D-+Excerpt+from+AtariProtos.com%26_options_sf&quot;,return)</favourite>
	<favourite name="Road Runner" thumb="https://archive.org/download/C64Games_201705/C64_Artwork.zip/Commodore%2064%20Artwork%2FRoad%20Runner%20%28Europe%29%2F%5B1.Front%5D%20Front1.jpg">ActivateWindow(10025,&quot;plugin://plugin.program.iarl/Emulator/C64_ZachMorris/Game/Road+Runner+%28Europe%29?sf_options=fanart%3Dhttps%3A%2F%2Farchive.org%2Fdownload%2FC64Games_201705%2FC64_Artwork.zip%2FCommodore%252064%2520Artwork%252FRoad%2520Runner%2520%2528Europe%2529%252FCover%2520%2528US%2520Gold%2520-%2520Tape%2529-Road_Runner_%2528US_Gold_Tape%2529.jpg%26desc%3DThis+game+is+based+on+an+arcade+game+that+was+released+by+Atari.%5BCR%5DYou+play+the+Road+Runner.+You+must+run+along+the+road%2C+avoiding+trucks%2C+landmines%2C+falling+rocks%2C+etc.+and+also+not+get+caught+by+Wile+E.+Coyote.+You+must+also+eat+birdseed+along+the+way+or+you+will+become+faint+and+Wile+E.+will+catch+you.%5BCR%5DYou+can+get+points+for+eating+birdseed+and+making+Wile+E.+get+hit+by+trucks%2C+falling+rocks%2C+etc.%5BCR%5DThe+Amstrad+CPC%2C+Commodore+64+and+ZX+Spectrum+versions+are+one+player+only.+The+Atari+2600+version+is+one+or+two+player%2C+alternating.+The+Atari+2600+version+also+has+another+difference+in+that+you+don%27t+HAVE+to+eat+the+birdseed+but+you+can+for+the+points.+This+may+have+been+due+to+programming+constraints+on+the+Atari+2600.%5BCR%5DControls%3A+Joystick+Port+2%26_options_sf&quot;,return)</favourite>
	<favourite name="Road Runner" thumb="http://www.mobygames.com/images/covers/l/263472-road-runner-dos-front-cover.jpg">ActivateWindow(10025,&quot;plugin://plugin.program.iarl/Emulator/IA_MSDOS_ZachMorris/Game/Road+Runner?sf_options=desc%3DIn+Road+Runner%2C+the+player+takes+control+of+the+Road+Runner.+The+Road+Runner+must+run+along+the+road%2C+avoiding+trucks%2C+landmines%2C+falling+rocks%2C+etc.+and+also+not+get+caught+by+Wile+E.+Coyote.+The+Road+Runner+must+also+eat+birdseed+along+the+way+or+he+will+become+faint+and+Wile+E.+will+catch+him.+The+Road+Runner+can+earn+points+for+eating+the+birdseed+and+also+by+making+Wile+E.+get+hit+by+trucks%2C+falling+rocks%2C+etc.+The+Atari+2600+version+has+a+difference+from+the+other+versions%2C+in+that+the+Road+Runner+isn%27t+required+to+eat+the+birdseed+but+can+do+so+for+the+points.%26_options_sf&quot;,return)</favourite>
	<favourite name="Road Runner" thumb="http://archive.org/download/Mame172arcdcmplt/flyers.zip/roadrunn.png">ActivateWindow(10025,&quot;plugin://plugin.program.iarl/Emulator/MAME_2014_ZachMorris/Game/Road+Runner+%28rev+2%29?sf_options=desc%3DRoad+Runner+%28c%29+1985+Atari+Games.%5BCR%5DThe+player+takes+on+the+role+of+the+Road+Runner+-+from+the+much-loved+Warner+Bros.+cartoon+series+-+and+must+outrun+and+outsmart+the+villainous+Wile+E.+Coyote%2C+in+this+abstract+sidways-scrolling+racing+game+from+Atari.%5BCR%5DA+variety+of+traps+and+pitfalls+await+the+Road+runner+-+including+cannons%2C+land+mines+and+cliff-top+drops+-+that+must+be+carefully+avoided+or+negotiated.+It+is+possible%2C+however%2C+to+lure+Wile+E.+Coyote+into+these+traps+to+put+some+valuable+distance+between+the+Road+Runner+and+his+pursuer.%5BCR%5DPiles+of+birdseed+are+littered+throughout+the+levels+and+Road+Runner+must+eat+them+%28by+running+over+them%29+whenever+possible%2C+as+missing+five+seed+piles+will+cause+Road+Runner+to+feel+faint+and+stop+running%2C+resulting+in+his+being+caught+by+Wile+E+Cayote.+A+%27Seed+Meter%27+at+the+top+of+the+screen+indicates+Road+Runner%27s+seed+enery+level.%5BCR%5DRoad+Runner%27s+colourful%2C+beautifully-drawn+graphics+capture+the+spirit+and+humour+of+the+legendary+cartoons+perfectly.+The+music+and+sound+effects+are+also+faithful+to+the+cartoon+series.%5BCR%5D%5BB%5DTechnical%5B%2FB%5D%5BCR%5DGame+ID+%3A+136040%5BCR%5DRuns+on+the+%22Atari+System+1%22+hardware.+It+was+available+in+the+Upright+configuration+AND+as+a+conversion+kit+for+Marbel+Madness%2C+Peter+Pack+Rat+or+Indiana+Jones%29.%5BCR%5DFor+operators+who+would+like+to+utilize+prize+redemption%2C+the+game+is+compatible+with+the+System+1+%27Vend-A-Ticket%27+game+option.%5BCR%5DControl%3A+stick%5BCR%5DButtons%3A+3%5BCR%5D%5BB%5DTrivia%5B%2FB%5D%5BCR%5DRoad+Runner+was+released+in+July+1986+%28even+if+title+screen+says+1985%29.%5BCR%5DRoad+Runner%2C+as+with+all+the+Atari+System+1+games%2C+was+arguably+one+of+the+most+distracting+games+in+the+arcade.+If+not+setup+properly%2C+the+Road+Runner+game+would+play+all+the+background+music+during+the+intro+cut+scenes.+The+Atari+System+1+speaker+system+had+a+great+acoustic+arrangement.+Players+would+be+immersed+in+a+sea+of+sound+allowing+them+to+really+get+into+the+game+play.+Unfortunately+for+others%2C+they+could+hear+the+same+thing+on+the+other+side+of+the+room%21%5BCR%5DSome+Road+Runner+units+were+produced+%28757+exactly%29+from+the+factory.+Most+arcade+owners+purchased+the+conversion+kit+which+was+marketed+and+readily+available+from+Atari+at+a+lower+price+%28%24695%29+than+a+new+system+%28%241895%29.+An+Atari+System+1+cabinet+could+be+converted+into+a+different+game+%28only+other+Atari+System+1+games%29+in+a+day.%5BCR%5DA+graphically+enhanced+version+of+this+game+%28Apparently+running+on+%22Beat+Head%22+hardware%29+was+planned%2C+where+each+stage+would+have+a+Road+Runner+cartoon+scene+as+an+intermission%2C+spooled+from+a+laserdisc.+However%2C+although+a+master+was+produced+%28now+in+the+hands+of+a+private+collector+of+Atari+prototypes%29%2C+no+discs+were+ever+pressed+and+it+is+likely+that+no+ROMs+were+ever+burned.%5BCR%5D%5BB%5DTips+and+Tricks%5B%2FB%5D%5BCR%5DDon%27t+use+an+8-way+controller+like+Hot-Rod+or+X-Arcade+with+this+game.+You+won%27t+be+able+to+control+the+Road+Runner+very+well.+Use+a+variable+speed%2C+jet-fighting+type+game+joystick.+This+will+allow+you+to+control+the+variety+of+Road+Runner+speeds+with+precision.+It+makes+the+game+much+more+fun+and+you%27ll+get+farther.+%5BCR%5DDon%27t+go+so+fast+that+you+lose+Wile+E.+Coyote+from+view.+He%27ll+coming+whizzing+back+with+a+vengeance.+He%27ll+attack+at+high+speed+on+rocket+skates+and+in+later+levels%2C+super+sneakers.%5BCR%5DIf+you+stay+close+to+Wile+E.+Coyote+and+maintain+a+constant+speed+%28his+arms+will+stick+out+in+an+effort+to+grab+you%29%2C+you+can+get+a+%22Tongue+Bonus%22+for+2000+points.+The+Road+Runner+will+turn+it%27s+head+around+at+Wile+E.+and+stick+out+it%27s+tongue+twice%2C+making+that+classic+cartoon+%22Twoop+twoop%22+sound.++Pretty+funny+to+see.%5BCR%5DIn+higher+levels%2C+invisible+paint+buckets+will+appear.+You+need+to+get+to+them+and+paint+yourself+before+Wile+E.+Coyote+does.+If+you+manage+to+paint+yourself+with+the+invisible+paint%2C+Wile+E.+Coyote+will+lose+sight+of+you%2C+stand+and+look+around+with+a+%22%3F%22+above+his+head.++Also+funny+to+see.%5BCR%5DOn+the+levels+where+Wile+E.+coyote+has+acquired+a+portable+helicopter+and+is+dropping+dynamite+onto+the+Road+Runner+from+above%2C+keep+running+forwards+while+constantly+moving+the+Road+Runner+diagonally+up+and+down+%28on+some+levels%2C+you+need+to+be+watchful+for+land+mines%29%3B+this+makes+it+much+more+difficult+for+the+Coyote+to+target+you+accurately.%5BCR%5D%5BB%5DStaff%5B%2FB%5D%5BCR%5DProducer+%3A+Norm+Avellar%2C+Greg+Rivera%5BCR%5DDirector+%3A+Mike+Hally%5BCR%5DBackgrounds+%3A+Sam+Comstock%2C+Mark+West%5BCR%5DAnimation+%3A+Susan+G.+McBride%2C+Hal+Canon%2C+Earl+Vickers%5BCR%5DLocation+Tech+%3A+Rob+Rowe%5BCR%5DSupport+%3A+Jacl+Aknin%2C+Mike+Albaugh%2C+Brad+Fuller%2C+Pat+McCarthy%2C+Rich+Moore%2C+Don+Paauw%5BCR%5D%5BB%5DGame+Ports%5B%2FB%5D%5BCR%5D%2A+Consoles+%3A%5BCR%5DAtari+2600%5BCR%5DNintendo+Famicom+%281989%29%5BCR%5D%2A+Computers+%3A%5BCR%5DCommodore+C64+%281987%29%5BCR%5DSinclair+ZX+Spectrum+%281987%29%5BCR%5DAmstrad+CPC+%281987%29%5BCR%5DAtari+ST%5BCR%5DIBM+PC%5BCR%5DAmstrad+CPC+%5BFR%5D+%281990%2C+%2210+Jeux+Spectaculaires%22%29%5BCR%5D%26_options_sf&quot;,return)</favourite>
	<favourite name="Road Runner" thumb="http://archive.org/download/Mame172arcdcmplt/flyers.zip/roadrunn.png">ActivateWindow(10025,&quot;plugin://plugin.program.iarl/Emulator/MAME_ZachMorris/Game/Road+Runner+%28rev+2%29?sf_options=desc%3DRoad+Runner+%28c%29+1985+Atari+Games.%5BCR%5DThe+player+takes+on+the+role+of+the+Road+Runner+-+from+the+much-loved+Warner+Bros.+cartoon+series+-+and+must+outrun+and+outsmart+the+villainous+Wile+E.+Coyote%2C+in+this+abstract+sidways-scrolling+racing+game+from+Atari.%5BCR%5DA+variety+of+traps+and+pitfalls+await+the+Road+runner+-+including+cannons%2C+land+mines+and+cliff-top+drops+-+that+must+be+carefully+avoided+or+negotiated.+It+is+possible%2C+however%2C+to+lure+Wile+E.+Coyote+into+these+traps+to+put+some+valuable+distance+between+the+Road+Runner+and+his+pursuer.%5BCR%5DPiles+of+birdseed+are+littered+throughout+the+levels+and+Road+Runner+must+eat+them+%28by+running+over+them%29+whenever+possible%2C+as+missing+five+seed+piles+will+cause+Road+Runner+to+feel+faint+and+stop+running%2C+resulting+in+his+being+caught+by+Wile+E+Cayote.+A+%27Seed+Meter%27+at+the+top+of+the+screen+indicates+Road+Runner%27s+seed+enery+level.%5BCR%5DRoad+Runner%27s+colourful%2C+beautifully-drawn+graphics+capture+the+spirit+and+humour+of+the+legendary+cartoons+perfectly.+The+music+and+sound+effects+are+also+faithful+to+the+cartoon+series.%5BCR%5D%5BB%5DTechnical%5B%2FB%5D%5BCR%5DGame+ID+%3A+136040%5BCR%5DRuns+on+the+%22Atari+System+1%22+hardware.+It+was+available+in+the+Upright+configuration+AND+as+a+conversion+kit+for+Marbel+Madness%2C+Peter+Pack+Rat+or+Indiana+Jones%29.%5BCR%5DFor+operators+who+would+like+to+utilize+prize+redemption%2C+the+game+is+compatible+with+the+System+1+%27Vend-A-Ticket%27+game+option.%5BCR%5DControl%3A+stick%5BCR%5DButtons%3A+3%5BCR%5D%5BB%5DTrivia%5B%2FB%5D%5BCR%5DRoad+Runner+was+released+in+July+1986+%28even+if+title+screen+says+1985%29.%5BCR%5DRoad+Runner%2C+as+with+all+the+Atari+System+1+games%2C+was+arguably+one+of+the+most+distracting+games+in+the+arcade.+If+not+setup+properly%2C+the+Road+Runner+game+would+play+all+the+background+music+during+the+intro+cut+scenes.+The+Atari+System+1+speaker+system+had+a+great+acoustic+arrangement.+Players+would+be+immersed+in+a+sea+of+sound+allowing+them+to+really+get+into+the+game+play.+Unfortunately+for+others%2C+they+could+hear+the+same+thing+on+the+other+side+of+the+room%21%5BCR%5DSome+Road+Runner+units+were+produced+%28757+exactly%29+from+the+factory.+Most+arcade+owners+purchased+the+conversion+kit+which+was+marketed+and+readily+available+from+Atari+at+a+lower+price+%28%24695%29+than+a+new+system+%28%241895%29.+An+Atari+System+1+cabinet+could+be+converted+into+a+different+game+%28only+other+Atari+System+1+games%29+in+a+day.%5BCR%5DA+graphically+enhanced+version+of+this+game+%28Apparently+running+on+%22Beat+Head%22+hardware%29+was+planned%2C+where+each+stage+would+have+a+Road+Runner+cartoon+scene+as+an+intermission%2C+spooled+from+a+laserdisc.+However%2C+although+a+master+was+produced+%28now+in+the+hands+of+a+private+collector+of+Atari+prototypes%29%2C+no+discs+were+ever+pressed+and+it+is+likely+that+no+ROMs+were+ever+burned.%5BCR%5D%5BB%5DTips+and+Tricks%5B%2FB%5D%5BCR%5DDon%27t+use+an+8-way+controller+like+Hot-Rod+or+X-Arcade+with+this+game.+You+won%27t+be+able+to+control+the+Road+Runner+very+well.+Use+a+variable+speed%2C+jet-fighting+type+game+joystick.+This+will+allow+you+to+control+the+variety+of+Road+Runner+speeds+with+precision.+It+makes+the+game+much+more+fun+and+you%27ll+get+farther.+%5BCR%5DDon%27t+go+so+fast+that+you+lose+Wile+E.+Coyote+from+view.+He%27ll+coming+whizzing+back+with+a+vengeance.+He%27ll+attack+at+high+speed+on+rocket+skates+and+in+later+levels%2C+super+sneakers.%5BCR%5DIf+you+stay+close+to+Wile+E.+Coyote+and+maintain+a+constant+speed+%28his+arms+will+stick+out+in+an+effort+to+grab+you%29%2C+you+can+get+a+%22Tongue+Bonus%22+for+2000+points.+The+Road+Runner+will+turn+it%27s+head+around+at+Wile+E.+and+stick+out+it%27s+tongue+twice%2C+making+that+classic+cartoon+%22Twoop+twoop%22+sound.++Pretty+funny+to+see.%5BCR%5DIn+higher+levels%2C+invisible+paint+buckets+will+appear.+You+need+to+get+to+them+and+paint+yourself+before+Wile+E.+Coyote+does.+If+you+manage+to+paint+yourself+with+the+invisible+paint%2C+Wile+E.+Coyote+will+lose+sight+of+you%2C+stand+and+look+around+with+a+%22%3F%22+above+his+head.++Also+funny+to+see.%5BCR%5DOn+the+levels+where+Wile+E.+coyote+has+acquired+a+portable+helicopter+and+is+dropping+dynamite+onto+the+Road+Runner+from+above%2C+keep+running+forwards+while+constantly+moving+the+Road+Runner+diagonally+up+and+down+%28on+some+levels%2C+you+need+to+be+watchful+for+land+mines%29%3B+this+makes+it+much+more+difficult+for+the+Coyote+to+target+you+accurately.%5BCR%5D%5BB%5DStaff%5B%2FB%5D%5BCR%5DProducer+%3A+Norm+Avellar%2C+Greg+Rivera%5BCR%5DDirector+%3A+Mike+Hally%5BCR%5DBackgrounds+%3A+Sam+Comstock%2C+Mark+West%5BCR%5DAnimation+%3A+Susan+G.+McBride%2C+Hal+Canon%2C+Earl+Vickers%5BCR%5DLocation+Tech+%3A+Rob+Rowe%5BCR%5DSupport+%3A+Jacl+Aknin%2C+Mike+Albaugh%2C+Brad+Fuller%2C+Pat+McCarthy%2C+Rich+Moore%2C+Don+Paauw%5BCR%5D%5BB%5DGame+Ports%5B%2FB%5D%5BCR%5D%2A+Consoles+%3A%5BCR%5DAtari+2600%5BCR%5DNintendo+Famicom+%281989%29%5BCR%5D%2A+Computers+%3A%5BCR%5DCommodore+C64+%281987%29%5BCR%5DSinclair+ZX+Spectrum+%281987%29%5BCR%5DAmstrad+CPC+%281987%29%5BCR%5DAtari+ST%5BCR%5DIBM+PC%5BCR%5DAmstrad+CPC+%5BFR%5D+%281990%2C+%2210+Jeux+Spectaculaires%22%29%5BCR%5D%26_options_sf&quot;,return)</favourite>
	<favourite name="Road Runner" thumb="http://i.imgur.com/uQNBZZF.jpg">ActivateWindow(10025,&quot;plugin://plugin.program.iarl/Emulator/NES_ZachMorris/Game/Road+Runner+%28USA%29+%28Unl%29?sf_options=fanart%3Dhttp%3A%2F%2Fi.imgur.com%2FDHWiMEZ.jpg%26desc%3DThis+game+is+based+on+an+arcade+game+that+was+released+by+Atari.%5BCR%5DYou+play+the+Road+Runner.+You+must+run+along+the+road%2C+avoiding+trucks%2C+landmines%2C+falling+rocks%2C+etc.+and+also+not+get+caught+by+Wile+E.+Coyote.+You+must+also+eat+birdseed+along+the+way+or+you+will+become+faint+and+Wile+E.+will+catch+you.%5BCR%5DYou+can+get+points+for+eating+birdseed+and+making+Wile+E.+get+hit+by+trucks%2C+falling+rocks%2C+etc.%5BCR%5DThe+Amstrad+CPC%2C+Commodore+64+and+ZX+Spectrum+versions+are+one+player+only.+The+Atari+2600+version+is+one+or+two+player%2C+alternating.+The+Atari+2600+version+also+has+another+difference+in+that+you+don%27t+HAVE+to+eat+the+birdseed+but+you+can+for+the+points.+This+may+have+been+due+to+programming+constraints+on+the+Atari+2600.%26_options_sf&quot;,return)</favourite>
	<favourite name="Looney Tunes - Road Runner" thumb="http://i.imgur.com/0UVkUSv.jpg">ActivateWindow(10025,&quot;plugin://plugin.program.iarl/Emulator/SNES_ZachMorris/Game/Looney+Tunes+-+Road+Runner+%28Europe%29?sf_options=desc%3DRoad+Runner%27s+Death+Valley+Rally+is+an+Action+game%2C+developed+by+ICOM+Simulations+and+published+by+SunSoft%2Cwhich+was+released+in+1992.%26_options_sf&quot;,return)</favourite>
	<favourite name="Road Runner" thumb="http://i.imgur.com/5VpBYAP.jpg">ActivateWindow(10025,&quot;plugin://plugin.program.iarl/Emulator/SNES_ZachMorris/Game/Road+Runner+%28Europe%29+%28Beta%29?sf_options=desc%3DRoad+Runner%27s+Death+Valley+Rally+is+an+Action+game%2C+developed+by+ICOM+Simulations+and+published+by+SunSoft%2Cwhich+was+released+in+1992.%26_options_sf&quot;,return)</favourite>
	<favourite name="Road Runner&apos;s Death Valley Rally" thumb="http://i.imgur.com/tbGIp65.jpg">ActivateWindow(10025,&quot;plugin://plugin.program.iarl/Emulator/SNES_ZachMorris/Game/Road+Runner%27s+Death+Valley+Rally+%28USA%29?sf_options=desc%3D%5BCR%5D%5BB%5DOverview%3A%5B%2FB%5D%5BCR%5DA+speedy+platforming+game+in+which+the+player+controls+the+Road+Runner+as+he+attempts+to+escape+many+traps+set+up+by+Wile+E.+Coyote.+Each+stage+is+comprised+of+platforming+level+design+and+has+its+own+unique+way+in+which+Wile+E.+tries+to+capture+the+Road+Runner.%5BCR%5D%5BB%5DLevels%3A%5B%2FB%5D%5BCR%5DEach+world+of+the+game+is+an+Episode+and+each+consists+of+three+regular+levels+and+a+boss+level.%5BCR%5DEpisode+1+-+Zippity+Splat+%28Desert%29Wile+E.+chases+the+Road+Runner+with+fork+and+knife+and+then+tries+running+him+over+with+a+steam+roller.Tries+blowing+up+the+Road+Runner+with+R.C.+airplanes+armed+with+explosives+from+a+hot+air+balloon.Tries+to+catch+the+Road+Runner+with+a+bat-suit.Boss%3A+Catapult.%5BCR%5DEpisode+2+-+Rock+%27n+Rivet+%28Construction+Site%29Chases+the+Road+Runner+with+skates.Comes+at+the+Road+Runner+riding+a+wrecking+ball.Attacks+with+a+jackhammer.Boss%3A+Crane+and+wrecking+ball.%5BCR%5DEpisode+3+-+Train+Runnery+%28Circus+Train%29Controls+a+car+with+springs.Attacks+with+a+rocketFlies+an+airplane%2C+dropping+bombs.Boss%3A+He+drives+a+steam+train+that+shoots+bombs+at+the+Road+Runner%27s+train.%5BCR%5DEpisode+4+-+Hopalong+Casualty+%28Cave+loaded+with+explosives%29Coyote+is+absent+from+most+of+these+levels%2C+aside+from+the+second+in+which+he+comes+at+the+Road+Runner+riding+a+mine+cart.Boss%3A+Coyote+drives+a+large+drill+rig.%5BCR%5DEpisode+5+-+Quantum+Beep+%28Moon%2FSpace%29The+enemies+of+these+stages+are+mostly+aliens+seen+in+various+Looney+Tunes+cartoons.+The+levels+involve+teleportation+puzzles.Marvin+the+Martian+makes+a+cameo+as+an+enemy+in+these+stages.Boss%3A+Coyote+is+the+final+boss%2C+piloting+a+giant+robot+version+of+his+own+head.%5BCR%5D%09%09%09%09%09%09%09%09%26_options_sf&quot;,return)</favourite>
	<favourite name="Cheese Cat-Astrophe Starring Speedy Gonzales" thumb="http://thegamesdb.net/banners/boxart/original/front/13100-1.jpg">ActivateWindow(10025,&quot;plugin://plugin.program.iarl/Emulator/Game_Gear_ZachMorris/Game/Cheese+Cat-Astrophe+Starring+Speedy+Gonzales+%28Europe%29+%28En%2CFr%2CDe%2CEs%29?sf_options=desc%3DHola%21+Sylvester%27s+alter-ego%2C+Dr+Cheesefinger%2C+has+captured+Speedy%27s+girlfriend+Carmel+and+took+the+whole+cheese+supply+with+him.+With+the+help+of+some+other+Looney+Tunes+characters%2C+you+can+fight+back+through+a+large+number+of+platform+levels.%5BCR%5DSpeedy+can+throw+his+hat+or+jump+enemies+to+defeat+them.+To+get+an+ally%2C+you+need+to+collect+certain+objects+%28e.g.+carrots+for+Bugs+Bunny%29+and+in+the+meantime%2C+you+also+have+to+free+your+captured+friends.+Ay%2C+carumba%21%26_options_sf&quot;,return)</favourite>
	<favourite name="Speedy Gonzales - Aztec Adventure" thumb="http://thegamesdb.net/banners/boxart/original/front/22085-1.jpg">ActivateWindow(10025,&quot;plugin://plugin.program.iarl/Emulator/GBC_ZachMorris/Game/Speedy+Gonzales+-+Aztec+Adventure+%28USA%2C+Europe%29?sf_options=desc%3DSpeedy+Gonzales%3A+Aztec+Adventure+is+an+Action+game%2C+developed+by+SunSoft+and+published+by+Electro+Source%2C+which+was+released+in+1999.%5BCR%5Dhttp%3A%2F%2Fwww.gamefaqs.com%2Fportable%2Fgbcolor%2Fhome%2F576086.html%5BCR%5D%26_options_sf&quot;,return)</favourite>
	<favourite name="Soreyuke! Speedy Gonzales" thumb="http://thegamesdb.net/banners/boxart/original/front/21737-1.jpg">ActivateWindow(10025,&quot;plugin://plugin.program.iarl/Emulator/GB_Classic_ZachMorris/Game/Soreyuke%21+Speedy+Gonzales+%28Japan%29?sf_options=desc%3DSpeedy+Gonzales+is+an+Action+game%2C+developed+by+Citizen+Software+and+published+by+SunSoft%2Cwhich+was+released+in+1993.%5BCR%5D%5BB%5DCheat%3A%5B%2FB%5D+Level+Passwords%5BCR%5DEnter+the+appropriate+password+to+go+to+the+desired+level%3A%26_options_sf&quot;,return)</favourite>
	<favourite name="Speedy Gonzales" thumb="http://thegamesdb.net/banners/boxart/original/front/21737-1.jpg">ActivateWindow(10025,&quot;plugin://plugin.program.iarl/Emulator/GB_Classic_ZachMorris/Game/Speedy+Gonzales+%28USA%2C+Europe%29?sf_options=desc%3DSpeedy+Gonzales+is+a+platform+game+in+which+the+player+controls+the+Looney+Tunes+character+Speedy+Gonzales.%5BCR%5DThe+player+can+run+in+the+side-scrolling+levels.+The+aim+is+to+reach+the+exit+without+running+out+of+lives.+Lives+are+lost+when+Speedy+comes+into+contact+with+dangers+such+as+enemies%2C+pit+traps+and+sharp+spikes.%5BCR%5DSpeedy+can+earn+points+by+collecting+coins.+The+game+also+borrows+elements+from+Sonic.+Speedy+can+run+faster+and+even+upside+down+in+loops+after+running+into+bumpers.+Speedy+can+also+jump+higher+by+jumping+on+the+heads+of+penguins+and+when+going+fast+can+run+through+certain+walls.%5BCR%5D%5BB%5DCheat%3A%5B%2FB%5D+Level+Passwords%5BCR%5DEnter+the+appropriate+password+to+go+to+the+desired+level%3A%26_options_sf&quot;,return)</favourite>
	<favourite name="Cheese Cat-Astrophe Starring Speedy Gonzales" thumb="http://thegamesdb.net/banners/boxart/original/front/10251-1.jpg">ActivateWindow(10025,&quot;plugin://plugin.program.iarl/Emulator/Genesis_ZachMorris/Game/Cheese+Cat-Astrophe+Starring+Speedy+Gonzales+%28Europe%29?sf_options=desc%3DHola%21+Sylvester%27s+alter-ego%2C+Dr+Cheesefinger%2C+has+captured+Speedy%27s+girlfriend+Carmel+and+took+the+whole+cheese+supply+with+him.+With+the+help+of+some+other+Looney+Tunes+characters%2C+you+can+fight+back+through+a+large+number+of+platform+levels.%5BCR%5DSpeedy+can+throw+his+hat+or+jump+enemies+to+defeat+them.+To+get+an+ally%2C+you+need+to+collect+certain+objects+%28e.g.+carrots+for+Bugs+Bunny%29+and+in+the+meantime%2C+you+also+have+to+free+your+captured+friends.+Ay%2C+carumba%21%5BCR%5D%5BB%5DCheat%3A%5B%2FB%5D+Level+Passwords%5BCR%5DAt+the+password+screen%26_options_sf&quot;,return)</favourite>
	<favourite name="Cheese Cat-astrophe Starring Speedy Gonzales" thumb="http://thegamesdb.net/banners/boxart/original/front/2716-1.jpg">ActivateWindow(10025,&quot;plugin://plugin.program.iarl/Emulator/Master_System_ZachMorris/Game/Cheese+Cat-astrophe+Starring+Speedy+Gonzales+%28Europe%29+%28En%2CFr%2CDe%2CEs%29?sf_options=desc%3DHola%21+Sylvester%27s+alter-ego%2C+Dr+Cheesefinger%2C+has+captured+Speedy%27s+girlfriend+Carmel+and+took+the+whole+cheese+supply+with+him.+With+the+help+of+some+other+Looney+Tunes+characters%2C+you+can+fight+back+through+a+large+number+of+platform+levels.%5BCR%5DSpeedy+can+throw+his+hat+or+jump+enemies+to+defeat+them.+To+get+an+ally%2C+you+need+to+collect+certain+objects+%28e.g.+carrots+for+Bugs+Bunny%29+and+in+the+meantime%2C+you+also+have+to+free+your+captured+friends.+Ay%2C+carumba%21%26_options_sf&quot;,return)</favourite>
	<favourite name="Speedy Gonzales - Los Gatos Bandidos" thumb="http://i.imgur.com/m452GLE.jpg">ActivateWindow(10025,&quot;plugin://plugin.program.iarl/Emulator/SNES_ZachMorris/Game/Speedy+Gonzales+-+Los+Gatos+Bandidos+%28USA%29+%28Rev+1%29?sf_options=fanart%3Dhttp%3A%2F%2Fi.imgur.com%2FTcaXPkj.jpg%26desc%3DSpeedy+Gonzales%3A+Los+Gatos+Bandidos+is+an+Action+game%2C+developed+by+Majesco+Games+and+published+by+Acclaim%2Cwhich+was+released+in+1995.%26_options_sf&quot;,return)</favourite>
	<favourite name="Marvin Strikes Back!" thumb="http://thegamesdb.net/banners/boxart/original/front/20858-1.jpg">ActivateWindow(10025,&quot;plugin://plugin.program.iarl/Emulator/GBC_ZachMorris/Game/Marvin+Strikes+Back%21+%28USA%29+%28En%2CFr%2CEs%29?sf_options=desc%3DMarvin+Strikes+Back%21+is+an+Action+game%2C+developed+and+published+by+Infogrames%2Cwhich+was+released+in+2000.%5BCR%5D%5BB%5DCheat%3A%5B%2FB%5D+View+Mini-Games%5BCR%5DAt+the+Main+Menu%2C+press+Select%2C+Down%2C+Up%2C+Left%2C+Left%2C+Right%2C+B.+You+will+hear+a+faint+sound+effect+confirming+proper+entry+then+press+either+A+or+Start.%26_options_sf&quot;,return)</favourite>
</favourites>