<favourites>
	<favourite name="IT IS RECOMMENDED TO MAKE AN ACCOUNT IN ARCHIVE.ORG" thumb="special://home/addons\plugin.video.youtube\resources\media\search.png">ActivateWindow(10025,&quot;&quot;,return)</favourite>
    <favourite name="THEN INSERT YOUR USER AND PASSWORD ON INTERNET ARCHIVE ROM LAUNCHER" thumb="special://home/addons\plugin.video.youtube\resources\media\search.png">ActivateWindow(10025,&quot;&quot;,return)</favourite>
    <favourite name="THIS BUILD OFFERS A DEFAULT ACCOUNT BUT IT CAN EXPIRE" thumb="special://home/addons\plugin.video.youtube\resources\media\search.png">ActivateWindow(10025,&quot;&quot;,return)</favourite>
    <favourite name="SOONER OR LATER YOU WILL NEED TO REGISTER THERE TO DOWNLOAD GAMES" thumb="special://home/addons\plugin.video.youtube\resources\media\search.png">ActivateWindow(10025,&quot;&quot;,return)</favourite>
    <favourite name="SOME SYSTEMS REQUIRE REGISTRATION THERE TO DOWNLOAD GAMES" thumb="special://home/addons\plugin.video.youtube\resources\media\search.png">ActivateWindow(10025,&quot;&quot;,return)</favourite>
    <favourite name="3D NES GAMES ARE IN Z:\portable_data\userdata\3DNes\3dn" thumb="special://home/addons\plugin.video.youtube\resources\media\search.png">ActivateWindow(10025,&quot;&quot;,return)</favourite>
    <favourite name="ALWAYS CHECK IF A NEW UPDATE IS AVAILABLE IN UPDATE MENU" thumb="special://home/addons\plugin.video.youtube\resources\media\search.png">ActivateWindow(10025,&quot;&quot;,return)</favourite>
    <favourite name="THE FIRST UPDATE IN THE LIST IS A CUMULATIVE UPDATE" thumb="special://home/addons\plugin.video.youtube\resources\media\search.png">ActivateWindow(10025,&quot;&quot;,return)</favourite>
    <favourite name="IF YOU ARE NOT SURE WHAT UPDATE TO DOWNLOAD, GET THE CUMULATIVE ONE" thumb="special://home/addons\plugin.video.youtube\resources\media\search.png">ActivateWindow(10025,&quot;&quot;,return)</favourite>
    <favourite name="ALL OLDER UPDATES WILL BE LISTED AS WELL, FROM NEWER TO OLDER ONES" thumb="special://home/addons\plugin.video.youtube\resources\media\search.png">ActivateWindow(10025,&quot;&quot;,return)</favourite>
    <favourite name="NEWER UPDATES WILL BE ON TOP" thumb="special://home/addons\plugin.video.youtube\resources\media\search.png">ActivateWindow(10025,&quot;&quot;,return)</favourite>
    <favourite name="MARIO UNIMAKER LEVELS ARE IN Z:\portable_data\userdata\SuperMarioUnimakerStandalone\levels" thumb="special://home/addons\plugin.video.youtube\resources\media\search.png">ActivateWindow(10025,&quot;&quot;,return)</favourite>
    <favourite name="THERE ARE SEVERAL MARIO UNIMAKER LEVELS IN Z:\portable_data\userdata\SuperMarioUnimakerStandalone\levels" thumb="special://home/addons\plugin.video.youtube\resources\media\search.png">ActivateWindow(10025,&quot;&quot;,return)</favourite>
    <favourite name="THERE ARE SEVERAL 3D NES GAMES IN Z:\portable_data\userdata\3DNes\3dn" thumb="special://home/addons\plugin.video.youtube\resources\media\search.png">ActivateWindow(10025,&quot;&quot;,return)</favourite>
    <favourite name="THIS BUILD NEEDS THE DRIVE LETTER (Z:), REMOVE THIS DRIVE FROM YOUR COMPUTER" thumb="special://home/addons\plugin.video.youtube\resources\media\search.png">ActivateWindow(10025,&quot;&quot;,return)</favourite>
    <favourite name="THIS BUILD WILL MOUNT AND UNMOUNT(Z:) AUTOMATICALLY" thumb="special://home/addons\plugin.video.youtube\resources\media\search.png">ActivateWindow(10025,&quot;&quot;,return)</favourite>
    <favourite name="DO NOT INSTALL THIS BUILD IN DRIVE (C:), IT WILL NOT WORK" thumb="special://home/addons\plugin.video.youtube\resources\media\search.png">ActivateWindow(10025,&quot;&quot;,return)</favourite>
    <favourite name="SOME SYSTEMS HAVE AN EXCLUSIVE CUSTOM DOWNLOADER WITH CACHE ENABLE" thumb="special://home/addons\plugin.video.youtube\resources\media\search.png">ActivateWindow(10025,&quot;&quot;,return)</favourite>
    <favourite name="WHAT ABOUT THAT ANNOYING MESSAGE BEFORE DOWNLOADS?" thumb="special://home/addons\plugin.video.youtube\resources\media\search.png">ActivateWindow(10025,&quot;&quot;,return)</favourite>
    <favourite name="THAT ANNOYING MESSAGE EXISTS TO REMEMBER THAT THIS BUILD IS FREE" thumb="special://home/addons\plugin.video.youtube\resources\media\search.png">ActivateWindow(10025,&quot;&quot;,return)</favourite>
    <favourite name="THIS BUILD IS FREE AND EVERYBODY SHOULD KNOW THAT" thumb="special://home/addons\plugin.video.youtube\resources\media\search.png">ActivateWindow(10025,&quot;&quot;,return)</favourite>
    <favourite name="THE N3RDFLIX DOWNLOADER CACHE WILL MAKE DOWNLOADS FASTER" thumb="special://home/addons\plugin.video.youtube\resources\media\search.png">ActivateWindow(10025,&quot;&quot;,return)</favourite>
    <favourite name="FOR THE TIME BEING, THIS BUILD IS ONLY FOR WINDOWS" thumb="special://home/addons\plugin.video.youtube\resources\media\search.png">ActivateWindow(10025,&quot;&quot;,return)</favourite>
    <favourite name="THIS BUILD WILL RUN ON WINDOWS 7 OR LATER" thumb="special://home/addons\plugin.video.youtube\resources\media\search.png">ActivateWindow(10025,&quot;&quot;,return)</favourite>
    <favourite name="THIS BUILD WILL ONLY RUN ON WINDOWS 64 BITS" thumb="special://home/addons\plugin.video.youtube\resources\media\search.png">ActivateWindow(10025,&quot;&quot;,return)</favourite>
    <favourite name="IT IS RECOMMENDED A DOWNLOAD SPEED ABOVE 5 Mbps" thumb="special://home/addons\plugin.video.youtube\resources\media\search.png">ActivateWindow(10025,&quot;&quot;,return)</favourite>
    <favourite name="A QUAD CORE PROCESSOR AND MEMORY ABOVE 4GB IS RECOMMENDED AT LEAST" thumb="special://home/addons\plugin.video.youtube\resources\media\search.png">ActivateWindow(10025,&quot;&quot;,return)</favourite>
    <favourite name="PRESS ESC(KEYBOARD) OR CLICK ON CANCEL TO STOP DOWNLOADS" thumb="special://home/addons\plugin.video.youtube\resources\media\search.png">ActivateWindow(10025,&quot;&quot;,return)</favourite>
    <favourite name="PS2,GAMECUBE AND OTHER SYSTEMS NEED A GRAPHIC CARD ABOVE 1GB" thumb="special://home/addons\plugin.video.youtube\resources\media\search.png">ActivateWindow(10025,&quot;&quot;,return)</favourite>
    <favourite name="BELOW THE REQUIREMENTS, SOME GAMES WILL RUN SLOW" thumb="special://home/addons\plugin.video.youtube\resources\media\search.png">ActivateWindow(10025,&quot;&quot;,return)</favourite>
    <favourite name="NEVER UPDATE THE ADDON INTERNET ARCHIVE ROM LAUNCHER" thumb="special://home/addons\plugin.video.youtube\resources\media\search.png">ActivateWindow(10025,&quot;&quot;,return)</favourite>
    <favourite name="IF YOU UPDATE THE MENTIONED ADDON, SYSTEM WILL NOT WORK" thumb="special://home/addons\plugin.video.youtube\resources\media\search.png">ActivateWindow(10025,&quot;&quot;,return)</favourite>
    <favourite name="UPDATE THE INTERNET ARCHIVE ROM LAUNCHER USING THIS BUILD" thumb="special://home/addons\plugin.video.youtube\resources\media\search.png">ActivateWindow(10025,&quot;&quot;,return)</favourite>
    <favourite name="ALL GAMES FROM ARCHIVE.ORG WILL BE FREE" thumb="special://home/addons\plugin.video.youtube\resources\media\search.png">ActivateWindow(10025,&quot;&quot;,return)</favourite>
    <favourite name="MORE SYSTEMS AND FAN GAMES WILL BE RELEASED ONLY FOR PATRONS(PATREON)" thumb="special://home/addons\plugin.video.youtube\resources\media\search.png">ActivateWindow(10025,&quot;&quot;,return)</favourite>
    <favourite name="PATRONS WILL GET EARLY ACCESS TO UPDATES" thumb="special://home/addons\plugin.video.youtube\resources\media\search.png">ActivateWindow(10025,&quot;&quot;,return)</favourite>
    <favourite name="PATRONS WILL GET EARLY ACCESS TO ANY NEW SYSTEM, PAID OR FREE" thumb="special://home/addons\plugin.video.youtube\resources\media\search.png">ActivateWindow(10025,&quot;&quot;,return)</favourite>
    <favourite name="PATRONS WILL RECEIVE EXCLUSIVE CONTENTS THAT WILL NOT BE RELEASED TO THE PUBLIC" thumb="special://home/addons\plugin.video.youtube\resources\media\search.png">ActivateWindow(10025,&quot;&quot;,return)</favourite>
    <favourite name="NEVER UPDATE ANYTHING IN THIS BUILD BY YOURSELF" thumb="special://home/addons\plugin.video.youtube\resources\media\search.png">ActivateWindow(10025,&quot;&quot;,return)</favourite>
    <favourite name="UPDATING IT BY YOURSELF, SYSTEM MAY NOT WORK ANYMORE" thumb="special://home/addons\plugin.video.youtube\resources\media\search.png">ActivateWindow(10025,&quot;&quot;,return)</favourite>
    <favourite name="UPDATE IT ONLY BY USING THE OPTIONS FROM THIS BUILD" thumb="special://home/addons\plugin.video.youtube\resources\media\search.png">ActivateWindow(10025,&quot;&quot;,return)</favourite>
    <favourite name="BE SURE TO ONLY CONFIGURE SOMETHING IF IT IS REALLY NECESSARY" thumb="special://home/addons\plugin.video.youtube\resources\media\search.png">ActivateWindow(10025,&quot;&quot;,return)</favourite>
    <favourite name="WATCH HELP VIDEOS BEFORE CONFIGURE ANYTHING" thumb="special://home/addons\plugin.video.youtube\resources\media\search.png">ActivateWindow(10025,&quot;&quot;,return)</favourite>
    <favourite name="DOWNLOAD A GAME FROM EACH SYSTEM TO SEE IF EVERYTHING IS FINE" thumb="special://home/addons\plugin.video.youtube\resources\media\search.png">ActivateWindow(10025,&quot;&quot;,return)</favourite>
    <favourite name="IF YOUR GAMEPAD IS NOT RECOGNIZED, CONFIGURE IT IN THE PROPER EMULATOR" thumb="special://home/addons\plugin.video.youtube\resources\media\search.png">ActivateWindow(10025,&quot;&quot;,return)</favourite>
    <favourite name="SOME GAMES INSIDE THE COMPUTERS MENU MAY NEED KEYBOARD AND MOUSE" thumb="special://home/addons\plugin.video.youtube\resources\media\search.png">ActivateWindow(10025,&quot;&quot;,return)</favourite>
    <favourite name="SOME GAMES WILL ONLY BE PLAYABLE USING KEYBOARD AND MOUSE" thumb="special://home/addons\plugin.video.youtube\resources\media\search.png">ActivateWindow(10025,&quot;&quot;,return)</favourite>
    <favourite name="PRESS X(PLAYSTATION), A(XBOX) OR ENTER(KEYBOARD) TO SELECT AN ITEM" thumb="special://home/addons\plugin.video.youtube\resources\media\search.png">ActivateWindow(10025,&quot;&quot;,return)</favourite>
    <favourite name="PRESS CIRCLE(PLAYSTATION), B(XBOX) OR ESC(KEYBOARD) TO GO BACK TO PREVIOUS MENU" thumb="special://home/addons\plugin.video.youtube\resources\media\search.png">ActivateWindow(10025,&quot;&quot;,return)</favourite>
    <favourite name="TO CHANGE GAMES BOX ARTS, PRESS FORWARD OR UP, SELECT VIEW OPTION" thumb="special://home/addons\plugin.video.youtube\resources\media\search.png">ActivateWindow(10025,&quot;&quot;,return)</favourite>
    <favourite name="PRESS SQUARE(PLAYSTATION), X(XBOX) OR KEY C TWICE(KEYBOARD) TO OPEN CONTEXT MENU" thumb="special://home/addons\plugin.video.youtube\resources\media\search.png">ActivateWindow(10025,&quot;&quot;,return)</favourite>
    <favourite name="TO INSERT COINS IN ARCADE GAMES(MAME): PRESS SELECT/BACK" thumb="special://home/addons\plugin.video.youtube\resources\media\search.png">ActivateWindow(10025,&quot;&quot;,return)</favourite>
    <favourite name="TO QUIT A GAME: 1 - PRESS ESC(KEYBOARD)" thumb="special://home/addons\plugin.video.youtube\resources\media\search.png">ActivateWindow(10025,&quot;&quot;,return)</favourite>
    <favourite name="TO QUIT A GAME: 2 - PRESS START + SELECT/BACK, SELECT QUIT RETROARCH" thumb="special://home/addons\plugin.video.youtube\resources\media\search.png">ActivateWindow(10025,&quot;&quot;,return)</favourite>
    <favourite name="TO QUIT A GAME: 3 - PRESS XBOX GUIDE BUTTON(BETWEEN START AND BACK)" thumb="special://home/addons\plugin.video.youtube\resources\media\search.png">ActivateWindow(10025,&quot;&quot;,return)</favourite>
    <favourite name="TO QUIT A GAME: 4 - PRESS PLAYSTATION PS BUTTON(BETWEEN START AND SELECT)" thumb="special://home/addons\plugin.video.youtube\resources\media\search.png">ActivateWindow(10025,&quot;&quot;,return)</favourite>
    <favourite name="SOME GAMES INSIDE COMPUTERS MENU WILL ASK YOU TO TYPE SOMETHING BEFORE IT STARTS" thumb="special://home/addons\plugin.video.youtube\resources\media\search.png">ActivateWindow(10025,&quot;&quot;,return)</favourite>
    <favourite name="SOME GAMES CAN TAKE A LONG TIME TO DOWNLOAD DUE TO EXCESS OF DOWNLOADS" thumb="special://home/addons\plugin.video.youtube\resources\media\search.png">ActivateWindow(10025,&quot;&quot;,return)</favourite>
    <favourite name="SOME GAMES CAN TAKE A LONG TIME TO START AFTER DOWNLOAD, BE PATIENT" thumb="special://home/addons\plugin.video.youtube\resources\media\search.png">ActivateWindow(10025,&quot;&quot;,return)</favourite>
    <favourite name="THANKS FOR USING N3RDFLIX BUILD :)" thumb="special://home/addons\plugin.video.youtube\resources\media\search.png">ActivateWindow(10025,&quot;&quot;,return)</favourite>
</favourites>