<sources>
    <programs>
        <default pathversion="1"></default>
    </programs>
    <video>
        <default pathversion="1"></default>
    </video>
    <music>
        <default pathversion="1"></default>
    </music>
    <pictures>
        <default pathversion="1"></default>
    </pictures>
    <files>
        <default pathversion="1"></default>
        <source>
            <name>.Fusion</name>
            <path pathversion="1">http://fusion.tvaddons.ag/</path>
            <allowsharing>true</allowsharing>
        </source>
        <source>
            <name>.Perflix</name>
            <path pathversion="1">http://perflix.16mb.com/repo/</path>
            <allowsharing>true</allowsharing>
        </source>
        <source>
            <name>.Ares-Project</name>
            <path pathversion="1">http://repo.ares-project.com/magic/</path>
            <allowsharing>true</allowsharing>
        </source>
        <source>
            <name>.HOME</name>
            <path pathversion="1">Z:\portable_data\</path>
            <allowsharing>true</allowsharing>
        </source>
    </files>
</sources>
