<favourites>
	<favourite name="Boulder Dash" thumb="http://static.giantbomb.com/uploads/scale_large/9/93770/2361183-nes_boulderdash_de.jpg">ActivateWindow(10025,&quot;plugin://plugin.program.iarl/Emulator/Atari_800_ZachMorris/Game/Boulder+Dash?sf_options=desc%3D%26_options_sf&quot;,return)</favourite>
	<favourite name="Boulder Dash" thumb="http://thegamesdb.net/banners/boxart/original/front/10262-1.jpg">ActivateWindow(10025,&quot;plugin://plugin.program.iarl/Emulator/Colecovision_ZachMorris/Game/Boulder+Dash?sf_options=desc%3D%26_options_sf&quot;,return)</favourite>
	<favourite name="Boulder Dash" thumb="http://thegamesdb.net/banners/boxart/original/front/24254-1.png">ActivateWindow(10025,&quot;plugin://plugin.program.iarl/Emulator/MAME_2014_ZachMorris/Game/Boulder+Dash+%28DECO+Cassette%29?sf_options=desc%3D%26_options_sf&quot;,return)</favourite>
	<favourite name="Boulder Dash" thumb="http://thegamesdb.net/banners/boxart/original/front/24254-1.png">ActivateWindow(10025,&quot;plugin://plugin.program.iarl/Emulator/MAME_ZachMorris/Game/Boulder+Dash+%28DECO+Cassette%29+%28US%29?sf_options=desc%3D%26_options_sf&quot;,return)</favourite>
	<favourite name="Boulder Dash" thumb="">ActivateWindow(10025,&quot;plugin://plugin.program.iarl/Emulator/Atari_2600_ZachMorris/Game/Boulder+Dash+%28Demo+v2%29?sf_options=desc%3D%26_options_sf&quot;,return)</favourite>
	<favourite name="Boulder Dash" thumb="http://thegamesdb.net/banners/boxart/original/front/24254-1.png">ActivateWindow(10025,&quot;plugin://plugin.program.iarl/Emulator/MAME_ZachMorris/Game/Boulder+Dash+%28Max-A-Flex%29?sf_options=desc%3D%26_options_sf&quot;,return)</favourite>
	<favourite name="Boulder Dash" thumb="http://i.imgur.com/Pnt2cdr.jpg">ActivateWindow(10025,&quot;plugin://plugin.program.iarl/Emulator/NES_ZachMorris/Game/Boulder+Dash+%28USA%29?sf_options=desc%3D%26_options_sf&quot;,return)</favourite>
	<favourite name="Boulder Dash / Boulder Dash Part 2" thumb="http://archive.org/download/Mame172arcdcmplt/flyers.zip/bouldash.png">ActivateWindow(10025,&quot;plugin://plugin.program.iarl/Emulator/MAME_ZachMorris/Game/Boulder+Dash+%2F+Boulder+Dash+Part+2+%28World%29?sf_options=desc%3D%26_options_sf&quot;,return)</favourite>
	<favourite name="Boulder Dash / Boulder Dash Part 2" thumb="http://archive.org/download/Mame172arcdcmplt/flyers.zip/bouldash.png">ActivateWindow(10025,&quot;plugin://plugin.program.iarl/Emulator/MAME_2014_ZachMorris/Game/Boulder+Dash+%2F+Boulder+Dash+Part+2+%28World%29?sf_options=desc%3D%26_options_sf&quot;,return)</favourite>
	<favourite name="Boulder Dash / Boulder Dash Part 2" thumb="http://images.launchbox-app.com/bouldash.png">ActivateWindow(10025,&quot;plugin://plugin.program.iarl/Emulator/FBA_ZachMorris/Game/Boulder+Dash+%2F+Boulder+Dash+Part+2+%28World%29?sf_options=desc%3D%26_options_sf&quot;,return)</favourite>
	<favourite name="Boulder Dash Construction Kit" thumb="https://archive.org/download/C64Games_201705/C64_Artwork.zip/Commodore%2064%20Artwork%2FBoulder%20Dash%20Construction%20Kit%20%28USA%29%20%28Disk%201%29%2FCover%20%28Boulder%20Dash%20IV%29-Boulder_Dash_IV.jpg">ActivateWindow(10025,&quot;plugin://plugin.program.iarl/Emulator/C64_ZachMorris/Game/Boulder+Dash+Construction+Kit+%28USA%29?sf_options=desc%3D%26_options_sf&quot;,return)</favourite>
	<favourite name="Boulder Dash EX" thumb="http://static.giantbomb.com/uploads/scale_large/0/5150/1254611-534967_44586_front.jpg">ActivateWindow(10025,&quot;plugin://plugin.program.iarl/Emulator/GBA_ZachMorris/Game/Boulder+Dash+EX+%28USA%29?sf_options=desc%3D%26_options_sf&quot;,return)</favourite>
	<favourite name="Boulder Dash II - Rockford" thumb="https://archive.org/download/C64Games_201705/C64_Screenshots.zip/C64_Screenshots%2FBoulder%20Dash%20II%20-%20Rockford%27s%20Revenge%20%28USA%29_snapshot1.png">ActivateWindow(10025,&quot;plugin://plugin.program.iarl/Emulator/C64_ZachMorris/Game/Boulder+Dash+II+-+Rockford%27s+Revenge+%28USA%29?sf_options=desc%3D%26_options_sf&quot;,return)</favourite>
	<favourite name="Boulder Dash III" thumb="https://archive.org/download/C64Games_201705/C64_Screenshots.zip/C64_Screenshots%2FBoulder%20Dash%20III%20%28USA%29_snapshot1.png">ActivateWindow(10025,&quot;plugin://plugin.program.iarl/Emulator/C64_ZachMorris/Game/Boulder+Dash+III+%28USA%29?sf_options=desc%3D%26_options_sf&quot;,return)</favourite>
</favourites>