<favourites>
	<favourite name="12.  Ghouls'n Ghosts" thumb="http://static.giantbomb.com/uploads/scale_large/9/93770/2370583-genesis_ghoulsnghosts.jpg">ActivateWindow(10025,&quot;plugin://plugin.program.iarl/Emulator/Master_System_Bestof_ZachMorris/Game/12.++Ghouls%27n+Ghosts?sf_options=desc%3D%26_options_sf&quot;,return)</favourite>
	<favourite name="32.  Super Ghouls'n Ghosts" thumb="http://static.giantbomb.com/uploads/scale_large/9/93770/2364818-snes_superghoulsnghosts.jpg">ActivateWindow(10025,&quot;plugin://plugin.program.iarl/Emulator/SNES_Bestof_ZachMorris/Game/32.++Super+Ghouls%27n+Ghosts?sf_options=desc%3D%26_options_sf&quot;,return)</favourite>
	<favourite name="44.  Ghouls'n Ghosts" thumb="http://thegamesdb.net/banners/boxart/original/front/2592-1.jpg">ActivateWindow(10025,&quot;plugin://plugin.program.iarl/Emulator/Genesis_Bestof_ZachMorris/Game/44.++Ghouls%27n+Ghosts?sf_options=desc%3D%26_options_sf&quot;,return)</favourite>
	<favourite name="Ghouls'n'Ghosts" thumb="https://archive.org/download/C64Games_201705/C64_Artwork.zip/Commodore%2064%20Artwork%2FGhouls%27n%27Ghosts%20%28Europe%29%2FCover%20%28Kixx%29-Ghouls%27n%27Ghosts_%28Kixx%29.jpg">ActivateWindow(10025,&quot;plugin://plugin.program.iarl/Emulator/C64_ZachMorris/Game/Ghouls%27n%27Ghosts+%28Europe%29?sf_options=desc%3D%26_options_sf&quot;,return)</favourite>
	<favourite name="Ghouls'n Ghosts" thumb="http://thegamesdb.net/banners/boxart/original/front/8733-1.jpg">ActivateWindow(10025,&quot;plugin://plugin.program.iarl/Emulator/MAME_2014_ZachMorris/Game/Ghouls%27n+Ghosts+%28Mega-Tech%29?sf_options=desc%3D%26_options_sf&quot;,return)</favourite>
	<favourite name="Ghouls'n Ghosts" thumb="http://thegamesdb.net/banners/boxart/original/front/8733-1.jpg">ActivateWindow(10025,&quot;plugin://plugin.program.iarl/Emulator/MAME_ZachMorris/Game/Ghouls%27n+Ghosts+%28Mega-Tech%29?sf_options=desc%3D%26_options_sf&quot;,return)</favourite>
	<favourite name="Ghouls'n Ghosts" thumb="http://static.giantbomb.com/uploads/scale_large/9/93770/2370583-genesis_ghoulsnghosts.jpg">ActivateWindow(10025,&quot;plugin://plugin.program.iarl/Emulator/Master_System_ZachMorris/Game/Ghouls%27n+Ghosts+%28USA%2C+Europe%29?sf_options=desc%3D%26_options_sf&quot;,return)</favourite>
	<favourite name="Ghouls'n Ghosts" thumb="http://thegamesdb.net/banners/boxart/original/front/2592-1.jpg">ActivateWindow(10025,&quot;plugin://plugin.program.iarl/Emulator/Genesis_ZachMorris/Game/Ghouls%27n+Ghosts+%28USA%2C+Europe%29?sf_options=desc%3D%26_options_sf&quot;,return)</favourite>
	<favourite name="Ghouls'n Ghosts" thumb="http://thegamesdb.net/banners/boxart/original/front/8733-1.jpg">ActivateWindow(10025,&quot;plugin://plugin.program.iarl/Emulator/MAME_2014_ZachMorris/Game/Ghouls%27n+Ghosts+%28World%29?sf_options=desc%3D%26_options_sf&quot;,return)</favourite>
	<favourite name="Ghouls'n Ghosts" thumb="http://images.launchbox-app.com/48ae1565-de5c-4fba-889d-e0bfb7fe633d.jpg">ActivateWindow(10025,&quot;plugin://plugin.program.iarl/Emulator/FBA_ZachMorris/Game/Ghouls%27n+Ghosts+%28World%29?sf_options=desc%3D%26_options_sf&quot;,return)</favourite>
	<favourite name="Ghouls'n Ghosts" thumb="http://thegamesdb.net/banners/boxart/original/front/8733-1.jpg">ActivateWindow(10025,&quot;plugin://plugin.program.iarl/Emulator/MAME_AKNF_Full/Game/Ghouls%27n+Ghosts+%28World%29?sf_options=desc%3D%26_options_sf&quot;,return)</favourite>
	<favourite name="Ghouls'n Ghosts" thumb="http://thegamesdb.net/banners/boxart/original/front/8733-1.jpg">ActivateWindow(10025,&quot;plugin://plugin.program.iarl/Emulator/MAME_ZachMorris/Game/Ghouls%27n+Ghosts+%28World%29?sf_options=desc%3D%26_options_sf&quot;,return)</favourite>
	<favourite name="Side Scrolling:  6.  Ghouls'n Ghosts" thumb="http://thegamesdb.net/banners/boxart/original/front/8733-1.jpg">ActivateWindow(10025,&quot;plugin://plugin.program.iarl/Emulator/MAME_Bestof_ZachMorris/Game/Side+Scrolling%3A++6.++Ghouls%27n+Ghosts?sf_options=desc%3D%26_options_sf&quot;,return)</favourite>
	<favourite name="Super Ghouls'n Ghosts" thumb="http://i.imgur.com/Lb1sQhi.jpg">ActivateWindow(10025,&quot;plugin://plugin.program.iarl/Emulator/SNES_ZachMorris/Game/Super+Ghouls%27n+Ghosts+%28USA%29?sf_options=desc%3D%26_options_sf&quot;,return)</favourite>
	<favourite name="Super Ghouls'n Ghosts" thumb="http://thegamesdb.net/banners/boxart/original/front/3725-1.jpg">ActivateWindow(10025,&quot;plugin://plugin.program.iarl/Emulator/GBA_ZachMorris/Game/Super+Ghouls%27n+Ghosts+%28USA%2C+Europe%29?sf_options=desc%3D%26_options_sf&quot;,return)</favourite>
</favourites>