<favourites>
	<favourite name="Darius Burst" thumb="http://thegamesdb.net/banners/boxart/original/front/19353-1.jpg">ActivateWindow(10025,&quot;plugin://plugin.program.iarl/Emulator/PSP_N3RDFLIX/Game/Darius+Burst+%28Japan%29?sf_options=desc%3D%26_options_sf&quot;,return)</favourite>
	<favourite name="Darius Burst" thumb="http://thegamesdb.net/banners/boxart/original/front/19353-1.jpg">ActivateWindow(10025,&quot;plugin://plugin.program.iarl/Emulator/PSP_N3RDFLIX/Game/Darius+Burst+%28Japan%29?sf_options=desc%3D%26_options_sf&quot;,return)</favourite>
    <favourite name="Darius" thumb="http://thegamesdb.net/banners/boxart/original/front/7836-1.jpg">ActivateWindow(10025,&quot;plugin://plugin.program.iarl/Emulator/MAME_AKNF_Full/Game/Darius+%28World%2C+rev+2%29?sf_options=desc%3D%26_options_sf&quot;,return)</favourite>
	<favourite name="Darius" thumb="http://thegamesdb.net/banners/boxart/original/front/7836-1.jpg">ActivateWindow(10025,&quot;plugin://plugin.program.iarl/Emulator/MAME_ZachMorris/Game/Darius+%28World%2C+rev+2%29?sf_options=desc%3D%26_options_sf&quot;,return)</favourite>
	<favourite name="Darius" thumb="http://images.launchbox-app.com/7fa53d11-637c-4e10-af74-35d568c6ea24.jpg">ActivateWindow(10025,&quot;plugin://plugin.program.iarl/Emulator/FBA_ZachMorris/Game/Darius+%28World%2C+rev+2%29?sf_options=desc%3D%26_options_sf&quot;,return)</favourite>
	<favourite name="Darius" thumb="http://thegamesdb.net/banners/boxart/original/front/7836-1.jpg">ActivateWindow(10025,&quot;plugin://plugin.program.iarl/Emulator/MAME_2014_ZachMorris/Game/Darius+%28World%2C+rev+2%29?sf_options=desc%3D%26_options_sf&quot;,return)</favourite>
	<favourite name="Darius Alpha" thumb="http://thegamesdb.net/banners/boxart/original/front/27809-1.jpg">ActivateWindow(10025,&quot;plugin://plugin.program.iarl/Emulator/TG16_ZachMorris/Game/Darius+Alpha+%28Japan%29?sf_options=desc%3D%26_options_sf&quot;,return)</favourite>
	<favourite name="Darius Force" thumb="http://i.imgur.com/QapTVLa.jpg">ActivateWindow(10025,&quot;plugin://plugin.program.iarl/Emulator/SNES_ZachMorris/Game/Darius+Force+%28Japan%29+%28En%29?sf_options=desc%3D%26_options_sf&quot;,return)</favourite>
	<favourite name="Darius Gaiden" thumb="http://thegamesdb.net/banners/boxart/original/front/11232-1.jpg">ActivateWindow(10025,&quot;plugin://plugin.program.iarl/Emulator/Sega_Saturn_ZachMorris/Game/Darius+Gaiden+%28USA%29?sf_options=desc%3D%26_options_sf&quot;,return)</favourite>
	<favourite name="Darius Gaiden - Silver Hawk" thumb="http://archive.org/download/Mame172arcdcmplt/flyers.zip/dariusg.png">ActivateWindow(10025,&quot;plugin://plugin.program.iarl/Emulator/MAME_AKNF_Full/Game/Darius+Gaiden+-+Silver+Hawk+%28Ver+2.5O+1994%2F09%2F19%29?sf_options=desc%3D%26_options_sf&quot;,return)</favourite>
	<favourite name="Darius Gaiden - Silver Hawk" thumb="http://archive.org/download/Mame172arcdcmplt/flyers.zip/dariusg.png">ActivateWindow(10025,&quot;plugin://plugin.program.iarl/Emulator/MAME_ZachMorris/Game/Darius+Gaiden+-+Silver+Hawk+%28Ver+2.5O+1994%2F09%2F19%29?sf_options=desc%3D%26_options_sf&quot;,return)</favourite>
	<favourite name="Darius Gaiden - Silver Hawk" thumb="http://archive.org/download/Mame172arcdcmplt/flyers.zip/dariusg.png">ActivateWindow(10025,&quot;plugin://plugin.program.iarl/Emulator/MAME_2014_ZachMorris/Game/Darius+Gaiden+-+Silver+Hawk+%28Ver+2.5O+1994%2F09%2F19%29?sf_options=desc%3D%26_options_sf&quot;,return)</favourite>
	<favourite name="Darius II" thumb="http://thegamesdb.net/banners/boxart/original/front/11233-1.jpg">ActivateWindow(10025,&quot;plugin://plugin.program.iarl/Emulator/Sega_Saturn_ZachMorris/Game/Darius+II+%28Europe%29?sf_options=desc%3D%26_options_sf&quot;,return)</favourite>
	<favourite name="Darius II" thumb="http://thegamesdb.net/banners/boxart/original/front/4607-1.jpg">ActivateWindow(10025,&quot;plugin://plugin.program.iarl/Emulator/Genesis_ZachMorris/Game/Darius+II+%28Japan%29?sf_options=desc%3D%26_options_sf&quot;,return)</favourite>
	<favourite name="Darius II" thumb="http://thegamesdb.net/banners/boxart/original/front/31195-1.jpg">ActivateWindow(10025,&quot;plugin://plugin.program.iarl/Emulator/MAME_2014_ZachMorris/Game/Darius+II+%28triple+screen%29+%28Japan%29?sf_options=desc%3D%26_options_sf&quot;,return)</favourite>
	<favourite name="Darius II" thumb="http://thegamesdb.net/banners/boxart/original/front/31195-1.jpg">ActivateWindow(10025,&quot;plugin://plugin.program.iarl/Emulator/MAME_AKNF_Full/Game/Darius+II+%28triple+screen%29+%28Japan%29?sf_options=desc%3D%26_options_sf&quot;,return)</favourite>
	<favourite name="Darius II" thumb="http://thegamesdb.net/banners/boxart/original/front/31195-1.jpg">ActivateWindow(10025,&quot;plugin://plugin.program.iarl/Emulator/MAME_ZachMorris/Game/Darius+II+%28triple+screen%29+%28Japan%29?sf_options=desc%3D%26_options_sf&quot;,return)</favourite>
	<favourite name="Darius II" thumb="http://images.launchbox-app.com/darius2.png">ActivateWindow(10025,&quot;plugin://plugin.program.iarl/Emulator/FBA_ZachMorris/Game/Darius+II+%28triple+screen%29+%28Japan%29?sf_options=desc%3D%26_options_sf&quot;,return)</favourite>
	<favourite name="Darius Plus" thumb="http://thegamesdb.net/banners/boxart/original/front/27093-1.jpg">ActivateWindow(10025,&quot;plugin://plugin.program.iarl/Emulator/TG16_ZachMorris/Game/Darius+Plus+%28Japan%29?sf_options=desc%3D%26_options_sf&quot;,return)</favourite>
	<favourite name="Darius R" thumb="http://thegamesdb.net/banners/boxart/original/front/24593-1.jpg">ActivateWindow(10025,&quot;plugin://plugin.program.iarl/Emulator/GBA_ZachMorris/Game/Darius+R+%28Japan%29+%28En%29?sf_options=desc%3D%26_options_sf&quot;,return)</favourite>
	<favourite name="Darius Twin" thumb="http://i.imgur.com/Y9uNn1L.jpg">ActivateWindow(10025,&quot;plugin://plugin.program.iarl/Emulator/SNES_ZachMorris/Game/Darius+Twin+%28USA%29?sf_options=desc%3D%26_options_sf&quot;,return)</favourite>
	<favourite name="G-Darius" thumb="http://thegamesdb.net/banners/boxart/original/front/31242-1.png">ActivateWindow(10025,&quot;plugin://plugin.program.iarl/Emulator/MAME_2014_ZachMorris/Game/G-Darius+%28Ver+2.01J%29?sf_options=desc%3D%26_options_sf&quot;,return)</favourite>
	<favourite name="G-Darius" thumb="http://thegamesdb.net/banners/boxart/original/front/31242-1.png">ActivateWindow(10025,&quot;plugin://plugin.program.iarl/Emulator/MAME_AKNF_Full/Game/G-Darius+%28Ver+2.01J%29?sf_options=desc%3D%26_options_sf&quot;,return)</favourite>
	<favourite name="G-Darius Ver.2" thumb="http://archive.org/download/Mame172arcdcmplt/flyers.zip/gdarius2.png">ActivateWindow(10025,&quot;plugin://plugin.program.iarl/Emulator/MAME_AKNF_Full/Game/G-Darius+Ver.2+%28Ver+2.03J%29?sf_options=desc%3D%26_options_sf&quot;,return)</favourite>
	<favourite name="G-Darius Ver.2" thumb="http://archive.org/download/Mame172arcdcmplt/flyers.zip/gdarius2.png">ActivateWindow(10025,&quot;plugin://plugin.program.iarl/Emulator/MAME_ZachMorris/Game/G-Darius+Ver.2+%28Ver+2.03J%29?sf_options=desc%3D%26_options_sf&quot;,return)</favourite>
	<favourite name="G. Darius" thumb="http://thegamesdb.net/banners/boxart/original/front/11617-2.jpg">ActivateWindow(10025,&quot;plugin://plugin.program.iarl/Emulator/PS1_ZachMorris/Game/G.+Darius+%28USA%29?sf_options=desc%3D%26_options_sf&quot;,return)</favourite>
	<favourite name="Super Darius" thumb="http://www.giantbomb.com/api/image/scale_large/877490-916116_4219_front.jpg">ActivateWindow(10025,&quot;plugin://plugin.program.iarl/Emulator/PCE_CD_ZachMorris/Game/Super+Darius+%28Japan%29?sf_options=desc%3D%26_options_sf&quot;,return)</favourite>
	<favourite name="Super Darius" thumb="http://thegamesdb.net/banners/boxart/original/front/33035-1.png">ActivateWindow(10025,&quot;plugin://plugin.program.iarl/Emulator/PCE_CD_ZachMorris/Game/Super+Darius+%28Japan%29+%28Alt%29?sf_options=desc%3D%26_options_sf&quot;,return)</favourite>
</favourites>