<favourites>
	<favourite name="Golden Axe" thumb="http://www.giantbomb.com/api/image/scale_large/2370592-genesis_goldenaxe.jpg">ActivateWindow(10025,&quot;plugin://plugin.program.iarl/Emulator/PCE_CD_ZachMorris/Game/Golden+Axe+%28Japan%29?sf_options=desc%3D%26_options_sf&quot;,return)</favourite>
	<favourite name="Golden Axe: The Revenge of Death Adder" thumb="http://thegamesdb.net/banners/boxart/original/front/2440-1.jpg">ActivateWindow(10025,&quot;plugin://plugin.program.iarl/Emulator/MAME_2014_ZachMorris/Game/Golden+Axe%3A+The+Revenge+of+Death+Adder+%28World%29?sf_options=desc%3D%26_options_sf&quot;,return)</favourite>
	<favourite name="Golden Axe: The Revenge of Death Adder" thumb="http://thegamesdb.net/banners/boxart/original/front/2440-1.jpg">ActivateWindow(10025,&quot;plugin://plugin.program.iarl/Emulator/MAME_AKNF_Full/Game/Golden+Axe%3A+The+Revenge+of+Death+Adder+%28World%29?sf_options=desc%3D%26_options_sf&quot;,return)</favourite>
	<favourite name="Golden Axe: The Revenge of Death Adder" thumb="http://thegamesdb.net/banners/boxart/original/front/2440-1.jpg">ActivateWindow(10025,&quot;plugin://plugin.program.iarl/Emulator/MAME_ZachMorris/Game/Golden+Axe%3A+The+Revenge+of+Death+Adder+%28World%29?sf_options=desc%3D%26_options_sf&quot;,return)</favourite>
	<favourite name="Golden Axe" thumb="http://www.mobygames.com/images/covers/l/63163-golden-axe-dos-front-cover.jpg">ActivateWindow(10025,&quot;plugin://plugin.program.iarl/Emulator/IA_MSDOS_ZachMorris/Game/Golden+Axe?sf_options=desc%3D%26_options_sf&quot;,return)</favourite>
	<favourite name="Golden Axe" thumb="https://archive.org/download/C64Games_201705/C64_Artwork.zip/Commodore%2064%20Artwork%2FGolden%20Axe%20%28Europe%29%2F%5B1.Front%5D%20Front1.jpg">ActivateWindow(10025,&quot;plugin://plugin.program.iarl/Emulator/C64_ZachMorris/Game/Golden+Axe+%28Europe%29?sf_options=desc%3D%26_options_sf&quot;,return)</favourite>
	<favourite name="Golden Axe" thumb="http://thegamesdb.net/banners/boxart/original/front/29746-1.png">ActivateWindow(10025,&quot;plugin://plugin.program.iarl/Emulator/PCE_CD_ZachMorris/Game/Golden+Axe+%28Japan%29+%28Alt%29?sf_options=desc%3D%26_options_sf&quot;,return)</favourite>
	<favourite name="Golden Axe" thumb="http://thegamesdb.net/banners/boxart/original/front/5481-1.jpg">ActivateWindow(10025,&quot;plugin://plugin.program.iarl/Emulator/MAME_2014_ZachMorris/Game/Golden+Axe+%28Mega-Tech%29?sf_options=desc%3D%26_options_sf&quot;,return)</favourite>
	<favourite name="Golden Axe" thumb="http://thegamesdb.net/banners/boxart/original/front/5481-1.jpg">ActivateWindow(10025,&quot;plugin://plugin.program.iarl/Emulator/MAME_ZachMorris/Game/Golden+Axe+%28Mega-Tech%29?sf_options=desc%3D%26_options_sf&quot;,return)</favourite>
	<favourite name="Golden Axe" thumb="http://thegamesdb.net/banners/boxart/original/front/2799-2.jpg">ActivateWindow(10025,&quot;plugin://plugin.program.iarl/Emulator/Master_System_ZachMorris/Game/Golden+Axe+%28USA%2C+Europe%29?sf_options=desc%3D%26_options_sf&quot;,return)</favourite>
	<favourite name="Golden Axe" thumb="http://thegamesdb.net/banners/boxart/original/front/209-1.jpg">ActivateWindow(10025,&quot;plugin://plugin.program.iarl/Emulator/Genesis_ZachMorris/Game/Golden+Axe+%28World%29?sf_options=desc%3D%26_options_sf&quot;,return)</favourite>
	<favourite name="Golden Axe" thumb="http://static.giantbomb.com/uploads/scale_large/9/93770/2370592-genesis_goldenaxe.jpg">ActivateWindow(10025,&quot;plugin://plugin.program.iarl/Emulator/Genesis_ZachMorris/Game/Golden+Axe+%28World%29+%28v1.1%29?sf_options=desc%3D%26_options_sf&quot;,return)</favourite>
	<favourite name="Golden Axe" thumb="http://images.launchbox-app.com/25cc30c0-942c-48f5-92a0-4d50a8bd30ef.jpg">ActivateWindow(10025,&quot;plugin://plugin.program.iarl/Emulator/FBA_ZachMorris/Game/Golden+Axe+%28set+6%2C+US%29+%288751+317-123A%29?sf_options=desc%3D%26_options_sf&quot;,return)</favourite>
	<favourite name="Golden Axe" thumb="http://thegamesdb.net/banners/boxart/original/front/5481-1.jpg">ActivateWindow(10025,&quot;plugin://plugin.program.iarl/Emulator/MAME_AKNF_Full/Game/Golden+Axe+%28set+6%2C+US%29+%288751+317-123A%29?sf_options=desc%3D%26_options_sf&quot;,return)</favourite>
	<favourite name="Golden Axe" thumb="http://thegamesdb.net/banners/boxart/original/front/5481-1.jpg">ActivateWindow(10025,&quot;plugin://plugin.program.iarl/Emulator/MAME_ZachMorris/Game/Golden+Axe+%28set+6%2C+US%29+%288751+317-123A%29?sf_options=desc%3D%26_options_sf&quot;,return)</favourite>
	<favourite name="Golden Axe" thumb="http://thegamesdb.net/banners/boxart/original/front/5481-1.jpg">ActivateWindow(10025,&quot;plugin://plugin.program.iarl/Emulator/MAME_2014_ZachMorris/Game/Golden+Axe+%28set+6%2C+US%2C+8751+317-123A%29?sf_options=desc%3D%26_options_sf&quot;,return)</favourite>
	<favourite name="Golden Axe - The Duel" thumb="http://thegamesdb.net/banners/boxart/original/front/2405-1.jpg">ActivateWindow(10025,&quot;plugin://plugin.program.iarl/Emulator/Sega_Saturn_ZachMorris/Game/Golden+Axe+-+The+Duel+%28Europe%29?sf_options=desc%3D%26_options_sf&quot;,return)</favourite>
	<favourite name="Golden Axe - The Duel" thumb="http://thegamesdb.net/banners/boxart/original/front/9089-1.jpg">ActivateWindow(10025,&quot;plugin://plugin.program.iarl/Emulator/MAME_AKNF_Full/Game/Golden+Axe+-+The+Duel+%28JUETL+950117+V1.000%29?sf_options=desc%3D%26_options_sf&quot;,return)</favourite>
	<favourite name="Golden Axe - The Duel" thumb="http://thegamesdb.net/banners/boxart/original/front/9089-1.jpg">ActivateWindow(10025,&quot;plugin://plugin.program.iarl/Emulator/MAME_ZachMorris/Game/Golden+Axe+-+The+Duel+%28JUETL+950117+V1.000%29?sf_options=desc%3D%26_options_sf&quot;,return)</favourite>
	<favourite name="Golden Axe - The Duel" thumb="http://thegamesdb.net/banners/boxart/original/front/9089-1.jpg">ActivateWindow(10025,&quot;plugin://plugin.program.iarl/Emulator/MAME_2014_ZachMorris/Game/Golden+Axe+-+The+Duel+%28JUETL+950117+V1.000%29?sf_options=desc%3D%26_options_sf&quot;,return)</favourite>
	<favourite name="Golden Axe II" thumb="http://archive.org/download/Mame172arcdcmplt/flyers.zip/megaplay.png">ActivateWindow(10025,&quot;plugin://plugin.program.iarl/Emulator/MAME_2014_ZachMorris/Game/Golden+Axe+II+%28Mega+Play%29?sf_options=desc%3D%26_options_sf&quot;,return)</favourite>
	<favourite name="Golden Axe II" thumb="http://archive.org/download/Mame172arcdcmplt/flyers.zip/megaplay.png">ActivateWindow(10025,&quot;plugin://plugin.program.iarl/Emulator/MAME_ZachMorris/Game/Golden+Axe+II+%28Mega+Play%29+%28Rev+B%29?sf_options=desc%3D%26_options_sf&quot;,return)</favourite>
	<favourite name="Golden Axe II" thumb="http://archive.org/download/Mame172arcdcmplt/flyers.zip/megatech.png">ActivateWindow(10025,&quot;plugin://plugin.program.iarl/Emulator/MAME_2014_ZachMorris/Game/Golden+Axe+II+%28Mega-Tech%29?sf_options=desc%3D%26_options_sf&quot;,return)</favourite>
	<favourite name="Golden Axe II" thumb="http://archive.org/download/Mame172arcdcmplt/flyers.zip/megatech.png">ActivateWindow(10025,&quot;plugin://plugin.program.iarl/Emulator/MAME_ZachMorris/Game/Golden+Axe+II+%28Mega-Tech%29?sf_options=desc%3D%26_options_sf&quot;,return)</favourite>
	<favourite name="Golden Axe II" thumb="http://thegamesdb.net/banners/boxart/original/front/967-1.jpg">ActivateWindow(10025,&quot;plugin://plugin.program.iarl/Emulator/Genesis_ZachMorris/Game/Golden+Axe+II+%28World%29?sf_options=desc%3D%26_options_sf&quot;,return)</favourite>
	<favourite name="Golden Axe III" thumb="http://thegamesdb.net/banners/boxart/original/front/968-1.jpg">ActivateWindow(10025,&quot;plugin://plugin.program.iarl/Emulator/Genesis_ZachMorris/Game/Golden+Axe+III+%28Japan%29?sf_options=desc%3D%26_options_sf&quot;,return)</favourite>
	<favourite name="Golden Axe Warrior" thumb="http://thegamesdb.net/banners/boxart/original/front/2800-2.jpg">ActivateWindow(10025,&quot;plugin://plugin.program.iarl/Emulator/Master_System_ZachMorris/Game/Golden+Axe+Warrior+%28USA%2C+Europe%29?sf_options=desc%3D%26_options_sf&quot;,return)</favourite>
	<favourite name="Side Scrolling:  22.  Golden Axe" thumb="http://thegamesdb.net/banners/boxart/original/front/5481-1.jpg">ActivateWindow(10025,&quot;plugin://plugin.program.iarl/Emulator/MAME_Bestof_ZachMorris/Game/Side+Scrolling%3A++22.++Golden+Axe?sf_options=desc%3D%26_options_sf&quot;,return)</favourite>
	<favourite name="Side Scrolling:  5.  Golden Axe II" thumb="http://archive.org/download/Mame172arcdcmplt/flyers.zip/megaplay.png">ActivateWindow(10025,&quot;plugin://plugin.program.iarl/Emulator/MAME_Bestof_ZachMorris/Game/Side+Scrolling%3A++5.++Golden+Axe+II?sf_options=desc%3D%26_options_sf&quot;,return)</favourite>
	<favourite name="20.  Ax Battler - A Legend of Golden Axe" thumb="http://thegamesdb.net/banners/boxart/original/front/11838-1.jpg">ActivateWindow(10025,&quot;plugin://plugin.program.iarl/Emulator/Game_Gear_Bestof_ZachMorris/Game/20.++Ax+Battler+-+A+Legend+of+Golden+Axe?sf_options=desc%3D%26_options_sf&quot;,return)</favourite>
	<favourite name="30.  Golden Axe Warrior" thumb="http://thegamesdb.net/banners/boxart/original/front/2800-2.jpg">ActivateWindow(10025,&quot;plugin://plugin.program.iarl/Emulator/Master_System_Bestof_ZachMorris/Game/30.++Golden+Axe+Warrior?sf_options=desc%3D%26_options_sf&quot;,return)</favourite>
	<favourite name="34.  Golden Axe II" thumb="http://thegamesdb.net/banners/boxart/original/front/967-1.jpg">ActivateWindow(10025,&quot;plugin://plugin.program.iarl/Emulator/Genesis_Bestof_ZachMorris/Game/34.++Golden+Axe+II?sf_options=desc%3D%26_options_sf&quot;,return)</favourite>
	<favourite name="Ax Battler - A Legend of Golden Axe" thumb="http://thegamesdb.net/banners/boxart/original/front/11838-1.jpg">ActivateWindow(10025,&quot;plugin://plugin.program.iarl/Emulator/Game_Gear_ZachMorris/Game/Ax+Battler+-+A+Legend+of+Golden+Axe+%28USA%2C+Europe%29?sf_options=desc%3D%26_options_sf&quot;,return)</favourite>
</favourites>