<favourites>
	<favourite name="Contra" thumb="http://i.imgur.com/VJjTR74.jpg">ActivateWindow(10025,&quot;plugin://plugin.program.iarl/Emulator/NES_ZachMorris/Game/Contra+%28USA%29?sf_options=desc%3D%26_options_sf&quot;,return)</favourite>
	<favourite name="Contra" thumb="http://thegamesdb.net/banners/boxart/original/front/17779-1.jpg">ActivateWindow(10025,&quot;plugin://plugin.program.iarl/Emulator/GB_Classic_ZachMorris/Game/Contra+%28Japan%29?sf_options=desc%3D%26_options_sf&quot;,return)</favourite>
	<favourite name="Contra" thumb="http://thegamesdb.net/banners/boxart/original/front/2859-1.jpg">ActivateWindow(10025,&quot;plugin://plugin.program.iarl/Emulator/MAME_2014_ZachMorris/Game/Contra+%28PlayChoice-10%29?sf_options=desc%3D%26_options_sf&quot;,return)</favourite>
	<favourite name="Contra" thumb="http://thegamesdb.net/banners/boxart/original/front/2859-1.jpg">ActivateWindow(10025,&quot;plugin://plugin.program.iarl/Emulator/MAME_ZachMorris/Game/Contra+%28PlayChoice-10%29?sf_options=desc%3D%26_options_sf&quot;,return)</favourite>
	<favourite name="Contra" thumb="http://thegamesdb.net/banners/boxart/original/front/2859-1.jpg">ActivateWindow(10025,&quot;plugin://plugin.program.iarl/Emulator/MAME_2014_ZachMorris/Game/Contra+%28US%2C+set+1%29?sf_options=desc%3D%26_options_sf&quot;,return)</favourite>
	<favourite name="Contra" thumb="http://thegamesdb.net/banners/boxart/original/front/2859-1.jpg">ActivateWindow(10025,&quot;plugin://plugin.program.iarl/Emulator/MAME_AKNF_Full/Game/Contra+%28US+%2F+Asia%2C+set+1%29?sf_options=desc%3D%26_options_sf&quot;,return)</favourite>
	<favourite name="Contra" thumb="http://thegamesdb.net/banners/boxart/original/front/2859-1.jpg">ActivateWindow(10025,&quot;plugin://plugin.program.iarl/Emulator/MAME_ZachMorris/Game/Contra+%28US+%2F+Asia%2C+set+1%29?sf_options=desc%3D%26_options_sf&quot;,return)</favourite>
	<favourite name="Contra" thumb="http://images.launchbox-app.com/contra.png">ActivateWindow(10025,&quot;plugin://plugin.program.iarl/Emulator/FBA_ZachMorris/Game/Contra+%28US+%2F+Asia%2C+set+1%29?sf_options=desc%3D%26_options_sf&quot;,return)</favourite>
	<favourite name="Contra" thumb="https://archive.org/download/C64Games_201705/C64_Artwork.zip/Commodore%2064%20Artwork%2FContra%20%28USA%29%2F%5B1.Front%5D%20Front1.jpg">ActivateWindow(10025,&quot;plugin://plugin.program.iarl/Emulator/C64_ZachMorris/Game/Contra+%28USA%29?sf_options=desc%3D%26_options_sf&quot;,return)</favourite>
	<favourite name="Contra - Hard Corps" thumb="http://thegamesdb.net/banners/boxart/original/front/1936-2.jpg">ActivateWindow(10025,&quot;plugin://plugin.program.iarl/Emulator/Genesis_ZachMorris/Game/Contra+-+Hard+Corps+%28USA%2C+Korea%29?sf_options=desc%3D%26_options_sf&quot;,return)</favourite>
	<favourite name="Contra - Legacy of War" thumb="http://thegamesdb.net/banners/boxart/original/front/12230-1.jpg">ActivateWindow(10025,&quot;plugin://plugin.program.iarl/Emulator/PS1_ZachMorris/Game/Contra+-+Legacy+of+War+%28USA%29?sf_options=desc%3D%26_options_sf&quot;,return)</favourite>
	<favourite name="Contra - Shattered Soldier" thumb="http://thegamesdb.net/banners/boxart/original/front/5405-1.jpg">ActivateWindow(10025,&quot;plugin://plugin.program.iarl/Emulator/Sony_Playstation_2_N3RDFLIX/Game/Contra+-+Shattered+Soldier+%28USA%29?sf_options=desc%3D%26_options_sf&quot;,return)</favourite>
	<favourite name="Contra - The Alien Wars" thumb="http://thegamesdb.net/banners/boxart/original/front/17777-1.jpg">ActivateWindow(10025,&quot;plugin://plugin.program.iarl/Emulator/GB_Classic_ZachMorris/Game/Contra+-+The+Alien+Wars+%28USA%29+%28SGB+Enhanced%29?sf_options=desc%3D%26_options_sf&quot;,return)</favourite>
	<favourite name="Contra - The Hard Corps" thumb="http://static.giantbomb.com/uploads/scale_large/9/93770/2370473-genesis_contrahardcorps.jpg">ActivateWindow(10025,&quot;plugin://plugin.program.iarl/Emulator/Genesis_ZachMorris/Game/Contra+-+The+Hard+Corps+%28Japan%29?sf_options=desc%3D%26_options_sf&quot;,return)</favourite>
	<favourite name="Contra 3: The Alien Wars" thumb="http://archive.org/download/Mame172arcdcmplt/cabinets.zip/nss.png">ActivateWindow(10025,&quot;plugin://plugin.program.iarl/Emulator/MAME_2014_ZachMorris/Game/Contra+3%3A+The+Alien+Wars+%28Nintendo+Super+System%29?sf_options=desc%3D%26_options_sf&quot;,return)</favourite>
	<favourite name="Contra 3: The Alien Wars" thumb="http://archive.org/download/Mame172arcdcmplt/cabinets.zip/nss.png">ActivateWindow(10025,&quot;plugin://plugin.program.iarl/Emulator/MAME_ZachMorris/Game/Contra+3%3A+The+Alien+Wars+%28Nintendo+Super+System%29?sf_options=desc%3D%26_options_sf&quot;,return)</favourite>
	<favourite name="Contra 4" thumb="http://thegamesdb.net/banners/boxart/original/front/11217-1.jpg">ActivateWindow(10025,&quot;plugin://plugin.program.iarl/Emulator/NINTENDO_DS_N3RDFLIX/Game/Contra+4+%28USA%29?sf_options=desc%3D%26_options_sf&quot;,return)</favourite>
	<favourite name="Contra - Shattered Soldier" thumb="http://thegamesdb.net/banners/boxart/original/front/5405-1.jpg">ActivateWindow(10025,&quot;plugin://plugin.program.iarl/Emulator/Sony_Playstation_2_N3RDFLIX/Game/Contra+-+Shattered+Soldier+%28USA%29?sf_options=desc%3D%26_options_sf&quot;,return)</favourite>
	<favourite name="Contra 4" thumb="http://thegamesdb.net/banners/boxart/original/front/11217-1.jpg">ActivateWindow(10025,&quot;plugin://plugin.program.iarl/Emulator/NINTENDO_DS_N3RDFLIX/Game/Contra+4+%28USA%29?sf_options=desc%3D%26_options_sf&quot;,return)</favourite>
	<favourite name="Neo Contra" thumb="http://thegamesdb.net/banners/boxart/original/front/7427-1.jpg">ActivateWindow(10025,&quot;plugin://plugin.program.iarl/Emulator/Sony_Playstation_2_N3RDFLIX/Game/Neo+Contra+%28USA%29?sf_options=desc%3D%26_options_sf&quot;,return)</favourite>
    <favourite name="Contra Advance - The Alien Wars EX" thumb="http://thegamesdb.net/banners/boxart/original/front/3358-1.jpg">ActivateWindow(10025,&quot;plugin://plugin.program.iarl/Emulator/GBA_ZachMorris/Game/Contra+Advance+-+The+Alien+Wars+EX+%28USA%29?sf_options=desc%3D%26_options_sf&quot;,return)</favourite>
	<favourite name="Contra Force" thumb="http://i.imgur.com/3TslnhP.jpg">ActivateWindow(10025,&quot;plugin://plugin.program.iarl/Emulator/NES_ZachMorris/Game/Contra+Force+%28USA%29?sf_options=desc%3D%26_options_sf&quot;,return)</favourite>
	<favourite name="Contra Hard Spirits" thumb="http://static.giantbomb.com/uploads/scale_large/8/87790/1841704-box_contraa.png">ActivateWindow(10025,&quot;plugin://plugin.program.iarl/Emulator/GBA_ZachMorris/Game/Contra+Hard+Spirits+%28Japan%29+%28En%29?sf_options=desc%3D%26_options_sf&quot;,return)</favourite>
	<favourite name="Contra III - The Alien Wars" thumb="http://i.imgur.com/CwZDRhs.jpg">ActivateWindow(10025,&quot;plugin://plugin.program.iarl/Emulator/SNES_ZachMorris/Game/Contra+III+-+The+Alien+Wars+%28USA%29?sf_options=desc%3D%26_options_sf&quot;,return)</favourite>
	<favourite name="Contra IV - The Alien Wars" thumb="http://i.imgur.com/5jkKnNm.png">ActivateWindow(10025,&quot;plugin://plugin.program.iarl/Emulator/SNES_ZachMorris/Game/Contra+IV+-+The+Alien+Wars+%28USA%29+%28Beta%29?sf_options=desc%3D%26_options_sf&quot;,return)</favourite>
	<favourite name="Contra Spirits" thumb="http://i.imgur.com/5jkKnNm.png">ActivateWindow(10025,&quot;plugin://plugin.program.iarl/Emulator/SNES_ZachMorris/Game/Contra+Spirits+%28Japan%29?sf_options=desc%3D%26_options_sf&quot;,return)</favourite>
	<favourite name="Contra Spirits" thumb="http://thegamesdb.net/banners/boxart/original/front/17777-1.jpg">ActivateWindow(10025,&quot;plugin://plugin.program.iarl/Emulator/GB_Classic_ZachMorris/Game/Contra+Spirits+%28Japan%29+%28SGB+Enhanced%29?sf_options=desc%3D%26_options_sf&quot;,return)</favourite>
	<favourite name="13.  Contra" thumb="http://i.imgur.com/VJjTR74.jpg">ActivateWindow(10025,&quot;plugin://plugin.program.iarl/Emulator/Favorite_Games/Game/13.++Contra?sf_options=desc%3D%26_options_sf&quot;,return)</favourite>
	<favourite name="13.  Contra" thumb="http://i.imgur.com/VJjTR74.jpg">ActivateWindow(10025,&quot;plugin://plugin.program.iarl/Emulator/NES_Bestof_ZachMorris/Game/13.++Contra?sf_options=desc%3D%26_options_sf&quot;,return)</favourite>
	<favourite name="13.  Contra III - The Alien Wars" thumb="http://thegamesdb.net/banners/boxart/original/front/122-1.jpg">ActivateWindow(10025,&quot;plugin://plugin.program.iarl/Emulator/Favorite_Games/Game/13.++Contra+III+-+The+Alien+Wars?sf_options=desc%3D%26_options_sf&quot;,return)</favourite>
	<favourite name="13.  Contra III - The Alien Wars" thumb="http://thegamesdb.net/banners/boxart/original/front/122-1.jpg">ActivateWindow(10025,&quot;plugin://plugin.program.iarl/Emulator/SNES_Bestof_ZachMorris/Game/13.++Contra+III+-+The+Alien+Wars?sf_options=desc%3D%26_options_sf&quot;,return)</favourite>
	<favourite name="C - The Contra Adventure" thumb="http://thegamesdb.net/banners/boxart/original/front/11529-1.jpg">ActivateWindow(10025,&quot;plugin://plugin.program.iarl/Emulator/PS1_ZachMorris/Game/C+-+The+Contra+Adventure+%28USA%29?sf_options=desc%3D%26_options_sf&quot;,return)</favourite>
	<favourite name="Neo Contra" thumb="http://thegamesdb.net/banners/boxart/original/front/7427-1.jpg">ActivateWindow(10025,&quot;plugin://plugin.program.iarl/Emulator/Sony_Playstation_2_N3RDFLIX/Game/Neo+Contra+%28USA%29?sf_options=desc%3D%26_options_sf&quot;,return)</favourite>
	<favourite name="Super Contra" thumb="http://images.launchbox-app.com/e8c11e8f-0729-451b-aad8-da8736e88fb9.jpg">ActivateWindow(10025,&quot;plugin://plugin.program.iarl/Emulator/FBA_ZachMorris/Game/Super+Contra?sf_options=desc%3D%26_options_sf&quot;,return)</favourite>
	<favourite name="Super Contra" thumb="http://thegamesdb.net/banners/boxart/original/front/12694-1.jpg">ActivateWindow(10025,&quot;plugin://plugin.program.iarl/Emulator/MAME_AKNF_Full/Game/Super+Contra?sf_options=desc%3D%26_options_sf&quot;,return)</favourite>
	<favourite name="Super Contra" thumb="http://thegamesdb.net/banners/boxart/original/front/12694-1.jpg">ActivateWindow(10025,&quot;plugin://plugin.program.iarl/Emulator/MAME_ZachMorris/Game/Super+Contra?sf_options=desc%3D%26_options_sf&quot;,return)</favourite>
	<favourite name="Super Contra" thumb="http://thegamesdb.net/banners/boxart/original/front/12694-1.png">ActivateWindow(10025,&quot;plugin://plugin.program.iarl/Emulator/MAME_2014_ZachMorris/Game/Super+Contra?sf_options=desc%3D%26_options_sf&quot;,return)</favourite>
	<favourite name="Super Contra" thumb="http://i.imgur.com/sXyfOrp.jpg">ActivateWindow(10025,&quot;plugin://plugin.program.iarl/Emulator/NES_ZachMorris/Game/Super+Contra+%28Japan%29?sf_options=desc%3D%26_options_sf&quot;,return)</favourite>
</favourites>