<?xml version='1.0' encoding='UTF-8'?>
<shortcuts>
	<shortcut>
		<defaultID>plugin.program.iarl/Emulator/Atari_800_ZachMorris/1</defaultID>
		<label>Atari 800</label>
		<label2>Favourite</label2>
		<icon>special://skin/extras/icons/files.png</icon>
		<thumb>http://i.imgur.com/noDv7Rh.jpg</thumb>
		<action>ActivateWindow(10025,"plugin://plugin.program.iarl/Emulator/Atari_800_ZachMorris/1",return)</action>
	</shortcut>
	<shortcut>
		<defaultID>plugin.program.iarl/Emulator/Atari_2600_ZachMorris/1</defaultID>
		<label>Atari 2600</label>
		<label2>Favourite</label2>
		<icon>special://skin/extras/icons/files.png</icon>
		<thumb>special://home/addons/plugin.program.iarl/resources/skins/Default/media/22-1.jpg</thumb>
		<action>ActivateWindow(10025,"plugin://plugin.program.iarl/Emulator/Atari_2600_ZachMorris/1",return)</action>
	</shortcut>
	<shortcut>
		<defaultID>plugin.program.iarl/Emulator/Atari_5200_ZachMorris/1</defaultID>
		<label>Atari 5200</label>
		<label2>Favourite</label2>
		<icon>special://skin/extras/icons/files.png</icon>
		<thumb>http://i.imgur.com/IvMbKMz.jpg</thumb>
		<action>ActivateWindow(10025,"plugin://plugin.program.iarl/Emulator/Atari_5200_ZachMorris/1",return)</action>
	</shortcut>
	<shortcut>
		<defaultID>plugin.program.iarl/Emulator/Atari_7800_ZachMorris/1</defaultID>
		<label>Atari 7800</label>
		<label2>Favourite</label2>
		<icon>special://skin/extras/icons/files.png</icon>
		<thumb>special://home/addons/plugin.program.iarl/resources/skins/Default/media/27-1.jpg</thumb>
		<action>ActivateWindow(10025,"plugin://plugin.program.iarl/Emulator/Atari_7800_ZachMorris/1",return)</action>
	</shortcut>
	<shortcut>
		<defaultID>plugin.program.iarl/Emulator/Atari_Jaguar_ZachMorris/1</defaultID>
		<label>Atari Jaguar</label>
		<label2>Favourite</label2>
		<icon>special://skin/extras/icons/files.png</icon>
		<thumb>special://home/addons/plugin.program.iarl/resources/skins/Default/media/28-1.jpg</thumb>
		<action>ActivateWindow(10025,"plugin://plugin.program.iarl/Emulator/Atari_Jaguar_ZachMorris/1",return)</action>
	</shortcut>
	<shortcut>
		<defaultID>plugin.program.iarl/Emulator/Atari_Lynx_ZachMorris/1</defaultID>
		<label>Atari Lynx</label>
		<label2>Favourite</label2>
		<icon>special://skin/extras/icons/files.png</icon>
		<thumb>special://home/addons/plugin.program.iarl/resources/skins/Default/media/4924-1.jpg</thumb>
		<action>ActivateWindow(10025,"plugin://plugin.program.iarl/Emulator/Atari_Lynx_ZachMorris/1",return)</action>
	</shortcut>
</shortcuts>
