<?xml version='1.0' encoding='UTF-8'?>
<shortcuts>
	<shortcut>
		<defaultID>plugin.program.iarl/Emulator/Neo_Geo_CD_ZachMorris/1</defaultID>
		<label>Neo Geo CD</label>
		<label2>Favourite</label2>
		<icon>special://skin/extras/icons/files.png</icon>
		<thumb>special://home/addons/plugin.program.iarl/resources/skins/Default/media/24-1.jpg</thumb>
		<action>ActivateWindow(10025,"plugin://plugin.program.iarl/Emulator/Neo_Geo_CD_ZachMorris/1",return)</action>
	</shortcut>
	<shortcut>
		<defaultID>plugin.program.iarl/Emulator/NGPC_ZachMorris/1</defaultID>
		<label>Neo Geo Pocket Color - NGPC</label>
		<label2>Favourite</label2>
		<icon>special://skin/extras/icons/files.png</icon>
		<thumb>special://home/addons/plugin.program.iarl/resources/skins/Default/media/4923-1.jpg</thumb>
		<action>ActivateWindow(10025,"plugin://plugin.program.iarl/Emulator/NGPC_ZachMorris/1",return)</action>
	</shortcut>
</shortcuts>
