<favourites>
	<favourite name="Wacky Races" thumb="http://i.imgur.com/oRJPOPo.jpg">ActivateWindow(10025,&quot;plugin://plugin.program.iarl/Emulator/NES_ZachMorris/Game/Wacky+Races+%28USA%29?sf_options=desc%3D%26_options_sf&quot;,return)</favourite>
	<favourite name="Wacky Races" thumb="https://archive.org/download/C64Games_201705/C64_Artwork.zip/Commodore%2064%20Artwork%2FWacky%20Races%20%28Europe%29%2F%5B1.Front%5D%20Front1.jpg">ActivateWindow(10025,&quot;plugin://plugin.program.iarl/Emulator/C64_ZachMorris/Game/Wacky+Races+%28Europe%29?sf_options=desc%3D%26_options_sf&quot;,return)</favourite>
	<favourite name="Wacky Races" thumb="http://static.giantbomb.com/uploads/scale_large/8/87790/2154890-box_wraces.png">ActivateWindow(10025,&quot;plugin://plugin.program.iarl/Emulator/GBC_ZachMorris/Game/Wacky+Races+%28USA%29+%28En%2CFr%2CEs%29?sf_options=desc%3D%26_options_sf&quot;,return)</favourite>
	<favourite name="Wacky Races - Crash &amp; Dash" thumb="http://thegamesdb.net/banners/boxart/original/front/41084-1.jpg">ActivateWindow(10025,&quot;plugin://plugin.program.iarl/Emulator/NINTENDO_DS_N3RDFLIX/Game/Wacky+Races+-+Crash+%26+Dash+%28USA%29?sf_options=desc%3D%26_options_sf&quot;,return)</favourite>
	<favourite name="Wacky Races Starring Dastardly &amp; Muttley" thumb="http://thegamesdb.net/banners/boxart/original/front/30594-1.jpg">ActivateWindow(10025,&quot;plugin://plugin.program.iarl/Emulator/Sony_Playstation_2_N3RDFLIX/Game/Wacky+Races+Starring+Dastardly+%26+Muttley+%28Europe%29?sf_options=desc%3D%26_options_sf&quot;,return)</favourite>
    <favourite name="Wacky Races - Crash & Dash" thumb="http://thegamesdb.net/banners/boxart/original/front/41084-1.jpg">ActivateWindow(10025,&quot;plugin://plugin.program.iarl/Emulator/NINTENDO_DS_N3RDFLIX/Game/Wacky+Races+-+Crash+%26+Dash+%28USA%29?sf_options=desc%3D%26_options_sf&quot;,return)</favourite>
	<favourite name="Wacky Races Starring Dastardly & Muttley" thumb="http://thegamesdb.net/banners/boxart/original/front/30594-1.jpg">ActivateWindow(10025,&quot;plugin://plugin.program.iarl/Emulator/Sony_Playstation_2_N3RDFLIX/Game/Wacky+Races+Starring+Dastardly+%26+Muttley+%28Europe%29?sf_options=desc%3D%26_options_sf&quot;,return)</favourite>
</favourites>