<favourites>
	<favourite name="2.  The Legend of Zelda - The Minish Cap" thumb="http://static.giantbomb.com/uploads/scale_large/8/87790/2119736-box_tloztmc.png">ActivateWindow(10025,&quot;plugin://plugin.program.iarl/Emulator/GBA_Bestof_ZachMorris/Game/2.++The+Legend+of+Zelda+-+The+Minish+Cap?sf_options=desc%3D%26_options_sf&quot;,return)</favourite>
	<favourite name="1.  The Legend of Zelda - Ocarina of Time" thumb="http://thegamesdb.net/banners/boxart/original/front/161-1.jpg">ActivateWindow(10025,&quot;plugin://plugin.program.iarl/Emulator/N64_Bestof_ZachMorris/Game/1.++The+Legend+of+Zelda+-+Ocarina+of+Time?sf_options=desc%3D%26_options_sf&quot;,return)</favourite>
	<favourite name="14.  Legend of Zelda, The - A Link to the Past &amp; Four Swords" thumb="http://static.giantbomb.com/uploads/scale_large/11/112517/1775087-legend_of_zelda_a_link_to_the_past_four_swords_nintendo.jpg">ActivateWindow(10025,&quot;plugin://plugin.program.iarl/Emulator/GBA_Bestof_ZachMorris/Game/14.++Legend+of+Zelda%2C+The+-+A+Link+to+the+Past+%26+Four+Swords?sf_options=desc%3D%26_options_sf&quot;,return)</favourite>
	<favourite name="19.  Zelda II - The Adventure of Link" thumb="http://i.imgur.com/fC0L9jA.jpg">ActivateWindow(10025,&quot;plugin://plugin.program.iarl/Emulator/NES_Bestof_ZachMorris/Game/19.++Zelda+II+-+The+Adventure+of+Link?sf_options=desc%3D%26_options_sf&quot;,return)</favourite>
	<favourite name="3.  The Legend of Zelda" thumb="http://i.imgur.com/4dD6CDa.jpg">ActivateWindow(10025,&quot;plugin://plugin.program.iarl/Emulator/NES_Bestof_ZachMorris/Game/3.++The+Legend+of+Zelda?sf_options=desc%3D%26_options_sf&quot;,return)</favourite>
	<favourite name="3.  The Legend of Zelda" thumb="http://i.imgur.com/4dD6CDa.jpg">ActivateWindow(10025,&quot;plugin://plugin.program.iarl/Emulator/Favorite_Games/Game/3.++The+Legend+of+Zelda?sf_options=desc%3D%26_options_sf&quot;,return)</favourite>
	<favourite name="3.  The Legend of Zelda - A Link to the Past" thumb="http://static.giantbomb.com/uploads/scale_large/9/93770/2363926-snes_thelegendofzeldaalinktothepast.jpg">ActivateWindow(10025,&quot;plugin://plugin.program.iarl/Emulator/SNES_Bestof_ZachMorris/Game/3.++The+Legend+of+Zelda+-+A+Link+to+the+Past?sf_options=desc%3D%26_options_sf&quot;,return)</favourite>
	<favourite name="9.  The Legend of Zelda - Majora" thumb="http://static.giantbomb.com/uploads/scale_large/8/87790/2204861-box_tlozmm.png">ActivateWindow(10025,&quot;plugin://plugin.program.iarl/Emulator/N64_Bestof_ZachMorris/Game/9.++The+Legend+of+Zelda+-+Majora%27s+Mask?sf_options=desc%3D%26_options_sf&quot;,return)</favourite>
	<favourite name="9.  The Legend of Zelda - Majora's Mask" thumb="http://static.giantbomb.com/uploads/scale_large/8/87790/2204861-box_tlozmm.png">ActivateWindow(10025,&quot;plugin://plugin.program.iarl/Emulator/N64_Bestof_ZachMorris/Game/9.++The+Legend+of+Zelda+-+Majora%27s+Mask?sf_options=desc%3D%26_options_sf&quot;,return)</favourite>
	<favourite name="Classic NES Series - The Legend of Zelda" thumb="http://thegamesdb.net/banners/boxart/original/front/14617-1.jpg">ActivateWindow(10025,&quot;plugin://plugin.program.iarl/Emulator/GBA_ZachMorris/Game/Classic+NES+Series+-+The+Legend+of+Zelda+%28USA%2C+Europe%29?sf_options=desc%3D%26_options_sf&quot;,return)</favourite>
	<favourite name="Classic NES Series - Zelda II - The Adventure of Link" thumb="http://thegamesdb.net/banners/boxart/original/front/198-1.jpg">ActivateWindow(10025,&quot;plugin://plugin.program.iarl/Emulator/GBA_ZachMorris/Game/Classic+NES+Series+-+Zelda+II+-+The+Adventure+of+Link+%28USA%2C+Europe%29?sf_options=desc%3D%26_options_sf&quot;,return)</favourite>
	<favourite name="Famicom Mini 05 - Zelda no Densetsu 1 - The Hyrule Fantasy" thumb="http://thegamesdb.net/banners/boxart/original/front/14617-1.jpg">ActivateWindow(10025,&quot;plugin://plugin.program.iarl/Emulator/GBA_ZachMorris/Game/Famicom+Mini+05+-+Zelda+no+Densetsu+1+-+The+Hyrule+Fantasy+%28Japan%29?sf_options=desc%3D%26_options_sf&quot;,return)</favourite>
	<favourite name="Famicom Mini 25 - The Legend of Zelda 2 - Link no Bouken" thumb="http://thegamesdb.net/banners/boxart/original/front/198-1.jpg">ActivateWindow(10025,&quot;plugin://plugin.program.iarl/Emulator/GBA_ZachMorris/Game/Famicom+Mini+25+-+The+Legend+of+Zelda+2+-+Link+no+Bouken+%28Japan%29?sf_options=desc%3D%26_options_sf&quot;,return)</favourite>
	<favourite name="Legend of Zelda, The" thumb="http://i.imgur.com/4dD6CDa.jpg">ActivateWindow(10025,&quot;plugin://plugin.program.iarl/Emulator/NES_ZachMorris/Game/Legend+of+Zelda%2C+The+%28USA%29+%28Rev+A%29?sf_options=desc%3D%26_options_sf&quot;,return)</favourite>
	<favourite name="Legend of Zelda, The - A Link to the Past &amp; Four Swords" thumb="http://static.giantbomb.com/uploads/scale_large/11/112517/1775087-legend_of_zelda_a_link_to_the_past_four_swords_nintendo.jpg">ActivateWindow(10025,&quot;plugin://plugin.program.iarl/Emulator/GBA_ZachMorris/Game/Legend+of+Zelda%2C+The+-+A+Link+to+the+Past+%26+Four+Swords+%28USA%2C+Australia%29?sf_options=desc%3D%26_options_sf&quot;,return)</favourite>
	<favourite name="Legend of Zelda, The - A Link to the Past" thumb="http://i.imgur.com/RAaIooy.jpg">ActivateWindow(10025,&quot;plugin://plugin.program.iarl/Emulator/SNES_ZachMorris/Game/Legend+of+Zelda%2C+The+-+A+Link+to+the+Past+%28USA%29?sf_options=desc%3D%26_options_sf&quot;,return)</favourite>
	<favourite name="Legend of Zelda, The - Link" thumb="http://static.giantbomb.com/uploads/scale_large/8/82063/2267401-zla.jpg">ActivateWindow(10025,&quot;plugin://plugin.program.iarl/Emulator/GB_Classic_ZachMorris/Game/Legend+of+Zelda%2C+The+-+Link%27s+Awakening+%28USA%2C+Europe%29?sf_options=desc%3D%26_options_sf&quot;,return)</favourite>
	<favourite name="Legend of Zelda, The - Link" thumb="http://static.giantbomb.com/uploads/scale_large/8/82063/2267401-zla.jpg">ActivateWindow(10025,&quot;plugin://plugin.program.iarl/Emulator/GB_Classic_ZachMorris/Game/Legend+of+Zelda%2C+The+-+Link%27s+Awakening+%28USA%2C+Europe%29+%28Rev+A%29?sf_options=desc%3D%26_options_sf&quot;,return)</favourite>
	<favourite name="Legend of Zelda, The - Link" thumb="http://static.giantbomb.com/uploads/scale_large/8/82063/2267401-zla.jpg">ActivateWindow(10025,&quot;plugin://plugin.program.iarl/Emulator/GB_Classic_ZachMorris/Game/Legend+of+Zelda%2C+The+-+Link%27s+Awakening+%28USA%2C+Europe%29+%28Rev+B%29?sf_options=desc%3D%26_options_sf&quot;,return)</favourite>
	<favourite name="Legend of Zelda, The - Link's Awakening" thumb="http://static.giantbomb.com/uploads/scale_large/8/82063/2267401-zla.jpg">ActivateWindow(10025,&quot;plugin://plugin.program.iarl/Emulator/GB_Classic_ZachMorris/Game/Legend+of+Zelda%2C+The+-+Link%27s+Awakening+%28USA%2C+Europe%29?sf_options=desc%3D%26_options_sf&quot;,return)</favourite>
	<favourite name="Legend of Zelda, The - Link's Awakening" thumb="http://static.giantbomb.com/uploads/scale_large/8/82063/2267401-zla.jpg">ActivateWindow(10025,&quot;plugin://plugin.program.iarl/Emulator/GB_Classic_ZachMorris/Game/Legend+of+Zelda%2C+The+-+Link%27s+Awakening+%28USA%2C+Europe%29+%28Rev+A%29?sf_options=desc%3D%26_options_sf&quot;,return)</favourite>
	<favourite name="Legend of Zelda, The - Link's Awakening" thumb="http://static.giantbomb.com/uploads/scale_large/8/82063/2267401-zla.jpg">ActivateWindow(10025,&quot;plugin://plugin.program.iarl/Emulator/GB_Classic_ZachMorris/Game/Legend+of+Zelda%2C+The+-+Link%27s+Awakening+%28USA%2C+Europe%29+%28Rev+B%29?sf_options=desc%3D%26_options_sf&quot;,return)</favourite>
	<favourite name="Legend of Zelda, The - Majora" thumb="http://static.giantbomb.com/uploads/scale_large/8/87790/2204861-box_tlozmm.png">ActivateWindow(10025,&quot;plugin://plugin.program.iarl/Emulator/N64_ZachMorris/Game/Legend+of+Zelda%2C+The+-+Majora%27s+Mask+%28USA%29?sf_options=desc%3D%26_options_sf&quot;,return)</favourite>
	<favourite name="Legend of Zelda, The - Majora's Mask" thumb="http://static.giantbomb.com/uploads/scale_large/8/87790/2204861-box_tlozmm.png">ActivateWindow(10025,&quot;plugin://plugin.program.iarl/Emulator/N64_ZachMorris/Game/Legend+of+Zelda%2C+The+-+Majora%27s+Mask+%28USA%29?sf_options=desc%3D%26_options_sf&quot;,return)</favourite>
	<favourite name="Legend of Zelda, The - Ocarina of Time" thumb="http://static.giantbomb.com/uploads/scale_large/8/87790/2204862-box_tlozoot.png">ActivateWindow(10025,&quot;plugin://plugin.program.iarl/Emulator/N64_ZachMorris/Game/Legend+of+Zelda%2C+The+-+Ocarina+of+Time+%28Europe%29+%28En%2CFr%2CDe%29+%28Rev+A%29?sf_options=desc%3D%26_options_sf&quot;,return)</favourite>
	<favourite name="Legend of Zelda, The - Ocarina of Time" thumb="http://thegamesdb.net/banners/boxart/original/front/161-1.jpg">ActivateWindow(10025,&quot;plugin://plugin.program.iarl/Emulator/N64_ZachMorris/Game/Legend+of+Zelda%2C+The+-+Ocarina+of+Time+%28USA%29+%28Rev+B%29?sf_options=desc%3D%26_options_sf&quot;,return)</favourite>
	<favourite name="Legend of Zelda, The - Ocarina of Time - Master Quest" thumb="http://thegamesdb.net/banners/boxart/original/front/19926-1.jpg">ActivateWindow(10025,&quot;plugin://plugin.program.iarl/Emulator/N64_ZachMorris/Game/Legend+of+Zelda%2C+The+-+Ocarina+of+Time+-+Master+Quest+%28USA%29+%28Debug+Edition%29?sf_options=desc%3D%26_options_sf&quot;,return)</favourite>
	<favourite name="Legend of Zelda, The - Oracle of Ages" thumb="http://thegamesdb.net/banners/boxart/original/front/6122-1.jpg">ActivateWindow(10025,&quot;plugin://plugin.program.iarl/Emulator/GBC_ZachMorris/Game/Legend+of+Zelda%2C+The+-+Oracle+of+Ages+%28USA%29?sf_options=desc%3D%26_options_sf&quot;,return)</favourite>
	<favourite name="Legend of Zelda, The - Oracle of Seasons" thumb="http://static.giantbomb.com/uploads/scale_large/8/82063/2267399-236040-zelda_oos.jpg">ActivateWindow(10025,&quot;plugin://plugin.program.iarl/Emulator/GBC_ZachMorris/Game/Legend+of+Zelda%2C+The+-+Oracle+of+Seasons+%28USA%29?sf_options=desc%3D%26_options_sf&quot;,return)</favourite>
	<favourite name="Legend of Zelda, The - The Minish Cap" thumb="http://static.giantbomb.com/uploads/scale_large/8/87790/2119736-box_tloztmc.png">ActivateWindow(10025,&quot;plugin://plugin.program.iarl/Emulator/GBA_ZachMorris/Game/Legend+of+Zelda%2C+The+-+The+Minish+Cap+%28USA%29?sf_options=desc%3D%26_options_sf&quot;,return)</favourite>
	<favourite name="Legend of Zelda, The - Four Swords Adventures" thumb="http://thegamesdb.net/banners/boxart/original/front/6996-1.jpg">ActivateWindow(10025,&quot;plugin://plugin.program.iarl/Emulator/Nintendo_Gamecube_N3RDFLIX/Game/Legend+of+Zelda%2C+The+-+Four+Swords+Adventures+%28U%29%28OneUp%29?sf_options=desc%3D%26_options_sf&quot;,return)</favourite>
	<favourite name="Legend of Zelda, The - Twilight Princess" thumb="http://thegamesdb.net/banners/boxart/original/front/5434-1.jpg">ActivateWindow(10025,&quot;plugin://plugin.program.iarl/Emulator/Nintendo_Gamecube_N3RDFLIX/Game/Legend+of+Zelda%2C+The+-+Twilight+Princess+%28U%29%28FA%29?sf_options=desc%3D%26_options_sf&quot;,return)</favourite>
	<favourite name="Legend of Zelda, The - Wind Waker" thumb="http://thegamesdb.net/banners/boxart/original/front/174-1.jpg">ActivateWindow(10025,&quot;plugin://plugin.program.iarl/Emulator/Nintendo_Gamecube_N3RDFLIX/Game/Legend+of+Zelda%2C+The+-+Wind+Waker+%28U%29%28STARCUBE%29?sf_options=desc%3D%26_options_sf&quot;,return)</favourite>
    <favourite name="Legend of Zelda - Phantom Hourglass, The" thumb="http://thegamesdb.net/banners/boxart/original/front/2245-1.jpg">ActivateWindow(10025,&quot;plugin://plugin.program.iarl/Emulator/NINTENDO_DS_N3RDFLIX/Game/Legend+of+Zelda+-+Phantom+Hourglass%2C+The+%28US%29%28M3%29?sf_options=desc%3D%26_options_sf&quot;,return)</favourite>
	<favourite name="Legend of Zelda - Spirit Tracks, The" thumb="http://thegamesdb.net/banners/boxart/original/front/6818-1.jpg">ActivateWindow(10025,&quot;plugin://plugin.program.iarl/Emulator/NINTENDO_DS_N3RDFLIX/Game/Legend+of+Zelda+-+Spirit+Tracks%2C+The+%28US%29%28M3%29?sf_options=desc%3D%26_options_sf&quot;,return)</favourite>
	<favourite name="Legend of Zelda The Collectors Edition" thumb="http://thegamesdb.net/banners/boxart/original/front/2383-1.jpg">ActivateWindow(10025,&quot;plugin://plugin.program.iarl/Emulator/Nintendo_Gamecube_N3RDFLIX/Game/Legend+of+Zelda+The+Collectors+Edition+%28U%29%28OneUp%29?sf_options=desc%3D%26_options_sf&quot;,return)</favourite>
	<favourite name="Zelda II - The Adventure of Link" thumb="http://i.imgur.com/fC0L9jA.jpg">ActivateWindow(10025,&quot;plugin://plugin.program.iarl/Emulator/NES_ZachMorris/Game/Zelda+II+-+The+Adventure+of+Link+%28USA%29?sf_options=desc%3D%26_options_sf&quot;,return)</favourite>
	<favourite name="Zelda no Densetsu - Fushigi no Boushi" thumb="http://thegamesdb.net/banners/boxart/original/front/5954-1.jpg">ActivateWindow(10025,&quot;plugin://plugin.program.iarl/Emulator/GBA_ZachMorris/Game/Zelda+no+Densetsu+-+Fushigi+no+Boushi+%28Japan%29?sf_options=desc%3D%26_options_sf&quot;,return)</favourite>
	<favourite name="Zelda no Densetsu - Fushigi no Kinomi - Daichi no Shou" thumb="http://thegamesdb.net/banners/boxart/original/front/6123-1.jpg">ActivateWindow(10025,&quot;plugin://plugin.program.iarl/Emulator/GBC_ZachMorris/Game/Zelda+no+Densetsu+-+Fushigi+no+Kinomi+-+Daichi+no+Shou+%28Japan%29?sf_options=desc%3D%26_options_sf&quot;,return)</favourite>
	<favourite name="Zelda no Densetsu - Fushigi no Kinomi - Jikuu no Shou" thumb="http://thegamesdb.net/banners/boxart/original/front/6122-1.jpg">ActivateWindow(10025,&quot;plugin://plugin.program.iarl/Emulator/GBC_ZachMorris/Game/Zelda+no+Densetsu+-+Fushigi+no+Kinomi+-+Jikuu+no+Shou+%28Japan%29?sf_options=desc%3D%26_options_sf&quot;,return)</favourite>
	<favourite name="Zelda no Densetsu - Kamigami no Triforce &amp; 4tsu no Tsurugi" thumb="http://thegamesdb.net/banners/boxart/original/front/8705-2.jpg">ActivateWindow(10025,&quot;plugin://plugin.program.iarl/Emulator/GBA_ZachMorris/Game/Zelda+no+Densetsu+-+Kamigami+no+Triforce+%26+4tsu+no+Tsurugi+%28Japan%29?sf_options=desc%3D%26_options_sf&quot;,return)</favourite>
	<favourite name="Zelda no Densetsu - Kamigami no Triforce" thumb="http://i.imgur.com/pXpfR4O.jpg">ActivateWindow(10025,&quot;plugin://plugin.program.iarl/Emulator/SNES_ZachMorris/Game/Zelda+no+Densetsu+-+Kamigami+no+Triforce+%28Japan%29+%28Rev+2%29?sf_options=desc%3D%26_options_sf&quot;,return)</favourite>
	<favourite name="Zelda no Densetsu 1 - The Hyrule Fantasy" thumb="http://thegamesdb.net/banners/boxart/original/front/19053-1.jpg">ActivateWindow(10025,&quot;plugin://plugin.program.iarl/Emulator/NES_ZachMorris/Game/Zelda+no+Densetsu+1+-+The+Hyrule+Fantasy+%28Japan%29?sf_options=desc%3D%26_options_sf&quot;,return)</favourite>
</favourites>