<favourites>
	<favourite name="Bubsy II" thumb="http://i.imgur.com/ZTDafrl.jpg">ActivateWindow(10025,&quot;plugin://plugin.program.iarl/Emulator/SNES_ZachMorris/Game/Bubsy+II+%28USA%29?sf_options=desc%3D%26_options_sf&quot;,return)</favourite>
	<favourite name="Bubsy 3D - Furbitten Planet" thumb="http://thegamesdb.net/banners/boxart/original/front/14137-1.jpg">ActivateWindow(10025,&quot;plugin://plugin.program.iarl/Emulator/PS1_ZachMorris/Game/Bubsy+3D+-+Furbitten+Planet+%28USA%29?sf_options=desc%3D%26_options_sf&quot;,return)</favourite>
	<favourite name="Bubsy II" thumb="http://static.giantbomb.com/uploads/scale_large/9/93770/2363671-snes_bubsy2.jpg">ActivateWindow(10025,&quot;plugin://plugin.program.iarl/Emulator/GB_Classic_ZachMorris/Game/Bubsy+II+%28USA%29?sf_options=desc%3D%26_options_sf&quot;,return)</favourite>
	<favourite name="Bubsy II" thumb="http://thegamesdb.net/banners/boxart/original/front/4296-1.png">ActivateWindow(10025,&quot;plugin://plugin.program.iarl/Emulator/Genesis_ZachMorris/Game/Bubsy+II+%28USA%2C+Europe%29?sf_options=desc%3D%26_options_sf&quot;,return)</favourite>
</favourites>