<favourites>
	<favourite name="Adventures of Yogi Bear" thumb="http://i.imgur.com/3iyUBfy.png">ActivateWindow(10025,&quot;plugin://plugin.program.iarl/Emulator/SNES_ZachMorris/Game/Adventures+of+Yogi+Bear+%28USA%29?sf_options=desc%3D%26_options_sf&quot;,return)</favourite>
	<favourite name="Yogi Bear's Cartoon Capers" thumb="http://i.imgur.com/3iyUBfy.png">ActivateWindow(10025,&quot;plugin://plugin.program.iarl/Emulator/SNES_ZachMorris/Game/Yogi+Bear%27s+Cartoon+Capers+%28Europe%29?sf_options=desc%3D%26_options_sf&quot;,return)</favourite>
	<favourite name="Yogi Bear's Math Adventures" thumb="http://www.mobygames.com/images/shots/l/54064-yogi-bear-s-math-adventures-dos-screenshot-title-screen-vga.jpg">ActivateWindow(10025,&quot;plugin://plugin.program.iarl/Emulator/IA_MSDOS_ZachMorris/Game/Yogi+Bear%27s+Math+Adventures?sf_options=desc%3D%26_options_sf&quot;,return)</favourite>
	<favourite name="Yogi Bear & Friends in the Greed Monster" thumb="https://archive.org/download/C64Games_201705/C64_Artwork.zip/Commodore%2064%20Artwork%2FYogi%20Bear%20%26%20Friends%20in%20the%20Greed%20Monster%20%28Europe%29%2FCover-Yogi_Bear_and_Friends_in_the_Greed_Monster.jpg">ActivateWindow(10025,&quot;plugin://plugin.program.iarl/Emulator/C64_ZachMorris/Game/Yogi+Bear+%26+Friends+in+the+Greed+Monster+%28Europe%29?sf_options=desc%3D%26_options_sf&quot;,return)</favourite>
	<favourite name="Yogi Bear" thumb="https://archive.org/download/C64Games_201705/C64_Artwork.zip/Commodore%2064%20Artwork%2FYogi%20Bear%20%28Europe%29%2FCover%20%28Alternative%20Software%29-Yogi_Bear_%28Alternative%29.jpg">ActivateWindow(10025,&quot;plugin://plugin.program.iarl/Emulator/C64_ZachMorris/Game/Yogi+Bear+%28Europe%29?sf_options=desc%3D%26_options_sf&quot;,return)</favourite>
	<favourite name="Yogi Bear" thumb="http://i.imgur.com/3iyUBfy.png">ActivateWindow(10025,&quot;plugin://plugin.program.iarl/Emulator/SNES_ZachMorris/Game/Yogi+Bear+%28Japan%29+%28En%29?sf_options=desc%3D%26_options_sf&quot;,return)</favourite>
	<favourite name="Yogi Bear" thumb="http://thegamesdb.net/banners/boxart/original/front/31815-1.jpg">ActivateWindow(10025,&quot;plugin://plugin.program.iarl/Emulator/NINTENDO_DS_N3RDFLIX/Game/Yogi+Bear+%28USA%29?sf_options=desc%3D%26_options_sf&quot;,return)</favourite>
	<favourite name="Yogi Bear - Cartoon Capers" thumb="http://thegamesdb.net/banners/boxart/original/front/20431-1.jpg">ActivateWindow(10025,&quot;plugin://plugin.program.iarl/Emulator/Genesis_ZachMorris/Game/Yogi+Bear+-+Cartoon+Capers+%28Europe%29?sf_options=desc%3D%26_options_sf&quot;,return)</favourite>
	<favourite name="Yogi Bear - Great Balloon Blast" thumb="http://thegamesdb.net/banners/boxart/original/front/21930-1.png">ActivateWindow(10025,&quot;plugin://plugin.program.iarl/Emulator/GBC_ZachMorris/Game/Yogi+Bear+-+Great+Balloon+Blast+%28USA%29?sf_options=desc%3D%26_options_sf&quot;,return)</favourite>
	<favourite name="Yogi Bear in Yogi Bear's Goldrush" thumb="http://thegamesdb.net/banners/boxart/original/front/21815-1.jpg">ActivateWindow(10025,&quot;plugin://plugin.program.iarl/Emulator/GB_Classic_ZachMorris/Game/Yogi+Bear+in+Yogi+Bear%27s+Goldrush+%28USA%29?sf_options=desc%3D%26_options_sf&quot;,return)</favourite>
	<favourite name="Yogi Bear in Yogi Bear's Goldrush" thumb="">ActivateWindow(10025,&quot;plugin://plugin.program.iarl/Emulator/Game_Gear_ZachMorris/Game/Yogi+Bear+in+Yogi+Bear%27s+Goldrush+%28Unknown%29+%28Proto%29?sf_options=desc%3D%26_options_sf&quot;,return)</favourite>
    <favourite name="Yogi Bear" thumb="http://thegamesdb.net/banners/boxart/original/front/31815-1.jpg">ActivateWindow(10025,&quot;plugin://plugin.program.iarl/Emulator/NINTENDO_DS_N3RDFLIX/Game/Yogi+Bear+%28USA%29?sf_options=desc%3D%26_options_sf&quot;,return)</favourite>
</favourites>