<favourites>
	<favourite name="6.  Prince of Persia" thumb="http://thegamesdb.net/banners/boxart/original/front/2977-2.jpg">ActivateWindow(10025,&quot;plugin://plugin.program.iarl/Emulator/Master_System_Bestof_ZachMorris/Game/6.++Prince+of+Persia?sf_options=fanart%3Dhttp%3A%2F%2Fthegamesdb.net%2Fbanners%2Ffanart%2Foriginal%2F2977-1.jpg%26desc%3DPersonal+computers+of+the+late+1980s+were+incomplete+without+a+translation+of+Jordan+Mechner%E2%80%99s+rotoscoped+spin+on+Arabian+Nights+dungeon-crawling%2C+which+pioneered+the+use+in+video+games+of+techniques+beloved+by+big-budget+animated+movies.+Mechner%2C+who+famously+videotaped+his+brother+running+about+in+white+pajamas+to+capture+the+Prince%E2%80%99s+flowing+animation%2C+also+designed+a+fiendish+network+of+labyrinths+for+players+to+navigate--laden+with+hidden+power-ups%2C+secret+traps%2C+and+scimitar-wielding+skeletons+for+that+authentic+Ray+Harryhausen+vibe.%5BCR%5D%5BCR%5DThe+result+is+an+uncommonly+realistic-feeling+romp%2C+whose+tight+time+limit+and+precise+jumping+puzzles--not+to+mention+that+ingenious%2C+reality-based+animation--translated+perfectly+to+the+SMS.%26_options_sf&quot;,return)</favourite>
	<favourite name="3.  Prince of Persia" thumb="http://thegamesdb.net/banners/boxart/original/front/25179-1.jpg">ActivateWindow(10025,&quot;plugin://plugin.program.iarl/Emulator/Game_Gear_Bestof_ZachMorris/Game/3.++Prince+of+Persia?sf_options=desc%3DThe+challenging+persistent+time+limit+of+Jordan+Mechner%E2%80%99s+iconic+dungeon-runner+is+no+match+for+a+dedicated+player+with+access+to+PoP+on+the+go.+Prince+of+Persia%E2%80%99s+signature+graphical+style+has+always+stressed+fluid%2C+realistic+animation+over+screen-filling+sprites+or+visual+pyrotechnics.%5BCR%5D%5BCR%5DThat+means+the+fingernail-sized+Prince+runs%2C+jumps%2C+and+fights+like+a+dream%2C+even+if+some+of+the+finer-grained+platform+challenges+will+benefit+from+a+steady+hand+in+stable+viewing+conditions.+The+password-driven+gameplay+is+well+suited+to+dipping+in+and+out%2C+and+the+game%E2%80%99s+dank+dungeon+setting+shines+in+high-color+Game+Gear+tones.%26_options_sf&quot;,return)</favourite>
	<favourite name="4D Prince of Persia" thumb="http://www.mobygames.com/images/shots/l/44655-4d-prince-of-persia-dos-screenshot-this-is-where-you-start.jpg">ActivateWindow(10025,&quot;plugin://plugin.program.iarl/Emulator/IA_MSDOS_ZachMorris/Game/4D+Prince+of+Persia?sf_options=desc%3D4D+Prince+of+Persia+is+an+unofficial+reworking+of+the+original+Prince+of+Persia+game+by+Jordan+Mechner.+The+levels+have+been+rebuilt+and+made+tougher.+You+have+to+save+the+princess+from+the+clutches+of+the+evil+Jaffar+who+has+given+her+60+minutes+to+marry+him+or+die.%26_options_sf&quot;,return)</favourite>
	<favourite name="Battles of Prince of Persia" thumb="http://thegamesdb.net/banners/boxart/original/front/6578-1.jpg">ActivateWindow(10025,&quot;plugin://plugin.program.iarl/Emulator/NINTENDO_DS_N3RDFLIX/Game/Battles+of+Prince+of+Persia+%28USA%29?sf_options=desc%3D%26_options_sf&quot;,return)</favourite>
	<favourite name="Prince Of Persia" thumb="http://thegamesdb.net/banners/boxart/original/front/5078-1.jpg">ActivateWindow(10025,&quot;plugin://plugin.program.iarl/Emulator/Sega_CD_ZachMorris/Game/Prince+Of+Persia?sf_options=desc%3D%26_options_sf&quot;,return)</favourite>
	<favourite name="Prince Of Persia The Two Thrones" thumb="http://thegamesdb.net/banners/boxart/original/front/7033-1.jpg">ActivateWindow(10025,&quot;plugin://plugin.program.iarl/Emulator/Nintendo_Gamecube_N3RDFLIX/Game/Prince+Of+Persia+The+Two+Thrones?sf_options=desc%3D%26_options_sf&quot;,return)</favourite>
	<favourite name="Prince Of Persia Warrior Within" thumb="http://thegamesdb.net/banners/boxart/original/front/11469-2.jpg">ActivateWindow(10025,&quot;plugin://plugin.program.iarl/Emulator/Nintendo_Gamecube_N3RDFLIX/Game/Prince+Of+Persia+Warrior+Within?sf_options=desc%3D%26_options_sf&quot;,return)</favourite>
	<favourite name="Prince of Persia" thumb="http://www.mobygames.com/images/covers/l/383-prince-of-persia-dos-front-cover.jpg">ActivateWindow(10025,&quot;plugin://plugin.program.iarl/Emulator/IA_MSDOS_ZachMorris/Game/Prince+of+Persia?sf_options=desc%3D%26_options_sf&quot;,return)</favourite>
	<favourite name="Prince of Persia" thumb="http://thegamesdb.net/banners/boxart/original/front/2977-2.jpg">ActivateWindow(10025,&quot;plugin://plugin.program.iarl/Emulator/Master_System_ZachMorris/Game/Prince+of+Persia+%28Europe%29?sf_options=desc%3D%26_options_sf&quot;,return)</favourite>
	<favourite name="Prince of Persia" thumb="http://thegamesdb.net/banners/boxart/original/front/10003-1.png">ActivateWindow(10025,&quot;plugin://plugin.program.iarl/Emulator/PCE_CD_ZachMorris/Game/Prince+of+Persia+%28Japan%29?sf_options=desc%3D%26_options_sf&quot;,return)</favourite>
	<favourite name="Prince of Persia" thumb="http://thegamesdb.net/banners/boxart/original/front/21702-1.jpg">ActivateWindow(10025,&quot;plugin://plugin.program.iarl/Emulator/GB_Classic_ZachMorris/Game/Prince+of+Persia+%28USA%29?sf_options=desc%3D%26_options_sf&quot;,return)</favourite>
	<favourite name="Prince of Persia" thumb="http://i.imgur.com/x3w6PeH.jpg">ActivateWindow(10025,&quot;plugin://plugin.program.iarl/Emulator/NES_ZachMorris/Game/Prince+of+Persia+%28USA%29?sf_options=desc%3D%26_options_sf&quot;,return)</favourite>
	<favourite name="Prince of Persia" thumb="http://i.imgur.com/qnuG41g.jpg">ActivateWindow(10025,&quot;plugin://plugin.program.iarl/Emulator/SNES_ZachMorris/Game/Prince+of+Persia+%28USA%29?sf_options=desc%3D%26_options_sf&quot;,return)</favourite>
	<favourite name="Prince of Persia" thumb="http://thegamesdb.net/banners/boxart/original/front/25179-1.jpg">ActivateWindow(10025,&quot;plugin://plugin.program.iarl/Emulator/Game_Gear_ZachMorris/Game/Prince+of+Persia+%28USA%2C+Europe%29?sf_options=desc%3D%26_options_sf&quot;,return)</favourite>
	<favourite name="Prince of Persia" thumb="http://thegamesdb.net/banners/boxart/original/front/8644-1.jpg">ActivateWindow(10025,&quot;plugin://plugin.program.iarl/Emulator/GBC_ZachMorris/Game/Prince+of+Persia+%28USA%2C+Europe%29+%28En%2CFr%2CDe%2CEs%2CIt%29?sf_options=desc%3D%26_options_sf&quot;,return)</favourite>
	<favourite name="Prince of Persia - Arabian Nights" thumb="http://thegamesdb.net/banners/boxart/original/front/8147-1.jpg">ActivateWindow(10025,&quot;plugin://plugin.program.iarl/Emulator/Sega_Dreamcast_ZachMorris/Game/Prince+of+Persia+-+Arabian+Nights+%28USA%29?sf_options=desc%3D%26_options_sf&quot;,return)</favourite>
	<favourite name="Prince of Persia - Revelations" thumb="http://thegamesdb.net/banners/boxart/original/front/19390-1.jpg">ActivateWindow(10025,&quot;plugin://plugin.program.iarl/Emulator/PSP_N3RDFLIX/Game/Prince+of+Persia+-+Revelations+%28USA%29?sf_options=desc%3D%26_options_sf&quot;,return)</favourite>
	<favourite name="Prince of Persia - Rival Swords" thumb="http://thegamesdb.net/banners/boxart/original/front/19389-1.jpg">ActivateWindow(10025,&quot;plugin://plugin.program.iarl/Emulator/PSP_N3RDFLIX/Game/Prince+of+Persia+-+Rival+Swords+%28USA%29?sf_options=desc%3D%26_options_sf&quot;,return)</favourite>
	<favourite name="Prince of Persia - The Fallen King" thumb="http://thegamesdb.net/banners/boxart/original/front/19230-1.jpg">ActivateWindow(10025,&quot;plugin://plugin.program.iarl/Emulator/NINTENDO_DS_N3RDFLIX/Game/Prince+of+Persia+-+The+Fallen+King+%28USA%29?sf_options=desc%3D%26_options_sf&quot;,return)</favourite>
	<favourite name="Prince of Persia - The Forgotten Sands" thumb="http://thegamesdb.net/banners/boxart/original/front/38947-1.jpg">ActivateWindow(10025,&quot;plugin://plugin.program.iarl/Emulator/NINTENDO_DS_N3RDFLIX/Game/Prince+of+Persia+-+The+Forgotten+Sands+%28USA%29?sf_options=desc%3D%26_options_sf&quot;,return)</favourite>
	<favourite name="Prince of Persia - The Forgotten Sands" thumb="http://thegamesdb.net/banners/boxart/original/front/15972-1.jpg">ActivateWindow(10025,&quot;plugin://plugin.program.iarl/Emulator/PSP_N3RDFLIX/Game/Prince+of+Persia+-+The+Forgotten+Sands+%28USA%29?sf_options=desc%3D%26_options_sf&quot;,return)</favourite>
	<favourite name="Prince of Persia - The Sands of Time &amp; Lara Croft Tomb Raider - The Prophecy" thumb="http://img.gamefaqs.net/box/7/7/9/109779_front.jpg">ActivateWindow(10025,&quot;plugin://plugin.program.iarl/Emulator/GBA_ZachMorris/Game/Prince+of+Persia+-+The+Sands+of+Time+%26+Lara+Croft+Tomb+Raider+-+The+Prophecy+%28Europe%29+%28En%2CFr%2CDe%2CEs%2CIt%2CNl%2BEn%2CFr%2CDe%2CEs%2CIt%29?sf_options=desc%3D%26_options_sf&quot;,return)</favourite>
	<favourite name="Prince of Persia - The Sands of Time" thumb="http://thegamesdb.net/banners/boxart/original/front/7032-1.jpg">ActivateWindow(10025,&quot;plugin://plugin.program.iarl/Emulator/Nintendo_Gamecube_N3RDFLIX/Game/Prince+of+Persia+-+The+Sands+of+Time+%28Europe%29?sf_options=desc%3D%26_options_sf&quot;,return)</favourite>
	<favourite name="Prince of Persia - The Sands of Time" thumb="http://thegamesdb.net/banners/boxart/original/front/4805-1.jpg">ActivateWindow(10025,&quot;plugin://plugin.program.iarl/Emulator/Sony_Playstation_2_N3RDFLIX/Game/Prince+of+Persia+-+The+Sands+of+Time+%28USA%29?sf_options=desc%3D%26_options_sf&quot;,return)</favourite>
	<favourite name="Prince of Persia - The Sands of Time" thumb="http://thegamesdb.net/banners/boxart/original/front/3537-1.jpg">ActivateWindow(10025,&quot;plugin://plugin.program.iarl/Emulator/GBA_ZachMorris/Game/Prince+of+Persia+-+The+Sands+of+Time+%28USA%29+%28En%2CFr%2CEs%29?sf_options=desc%3D%26_options_sf&quot;,return)</favourite>
	<favourite name="Prince of Persia - The Two Thrones" thumb="http://thegamesdb.net/banners/boxart/original/front/4803-1.jpg">ActivateWindow(10025,&quot;plugin://plugin.program.iarl/Emulator/Sony_Playstation_2_N3RDFLIX/Game/Prince+of+Persia+-+The+Two+Thrones+%28USA%29?sf_options=desc%3D%26_options_sf&quot;,return)</favourite>
	<favourite name="Prince of Persia - Warrior Within" thumb="http://thegamesdb.net/banners/boxart/original/front/4804-1.jpg">ActivateWindow(10025,&quot;plugin://plugin.program.iarl/Emulator/Sony_Playstation_2_N3RDFLIX/Game/Prince+of+Persia+-+Warrior+Within+%28USA%29?sf_options=desc%3D%26_options_sf&quot;,return)</favourite>
	<favourite name="Prince of Persia 2" thumb="http://i.imgur.com/3jopuF9.jpg">ActivateWindow(10025,&quot;plugin://plugin.program.iarl/Emulator/SNES_ZachMorris/Game/Prince+of+Persia+2+%28USA%29?sf_options=desc%3D%26_options_sf&quot;,return)</favourite>
	<favourite name="Prince of Persia 2 - The Shadow &amp; the Flame" thumb="http://i.imgur.com/v8uNMPC.jpg">ActivateWindow(10025,&quot;plugin://plugin.program.iarl/Emulator/SNES_ZachMorris/Game/Prince+of+Persia+2+-+The+Shadow+%26+the+Flame+%28USA%29+%28Beta%29?sf_options=desc%3D%26_options_sf&quot;,return)</favourite>
    <favourite name="Battles of Prince of Persia" thumb="http://thegamesdb.net/banners/boxart/original/front/6578-1.jpg">ActivateWindow(10025,&quot;plugin://plugin.program.iarl/Emulator/NINTENDO_DS_N3RDFLIX/Game/Battles+of+Prince+of+Persia+%28USA%29?sf_options=desc%3D%26_options_sf&quot;,return)</favourite>
	<favourite name="Prince Of Persia The Two Thrones" thumb="http://thegamesdb.net/banners/boxart/original/front/7033-1.jpg">ActivateWindow(10025,&quot;plugin://plugin.program.iarl/Emulator/Nintendo_Gamecube_N3RDFLIX/Game/Prince+Of+Persia+The+Two+Thrones?sf_options=desc%3D%26_options_sf&quot;,return)</favourite>
	<favourite name="Prince Of Persia Warrior Within" thumb="http://thegamesdb.net/banners/boxart/original/front/11469-2.jpg">ActivateWindow(10025,&quot;plugin://plugin.program.iarl/Emulator/Nintendo_Gamecube_N3RDFLIX/Game/Prince+Of+Persia+Warrior+Within?sf_options=desc%3D%26_options_sf&quot;,return)</favourite>
	<favourite name="Prince of Persia - Revelations" thumb="http://thegamesdb.net/banners/boxart/original/front/19390-1.jpg">ActivateWindow(10025,&quot;plugin://plugin.program.iarl/Emulator/PSP_N3RDFLIX/Game/Prince+of+Persia+-+Revelations+%28USA%29?sf_options=desc%3D%26_options_sf&quot;,return)</favourite>
	<favourite name="Prince of Persia - Rival Swords" thumb="http://thegamesdb.net/banners/boxart/original/front/19389-1.jpg">ActivateWindow(10025,&quot;plugin://plugin.program.iarl/Emulator/PSP_N3RDFLIX/Game/Prince+of+Persia+-+Rival+Swords+%28USA%29?sf_options=desc%3D%26_options_sf&quot;,return)</favourite>
	<favourite name="Prince of Persia - The Fallen King" thumb="http://thegamesdb.net/banners/boxart/original/front/19230-1.jpg">ActivateWindow(10025,&quot;plugin://plugin.program.iarl/Emulator/NINTENDO_DS_N3RDFLIX/Game/Prince+of+Persia+-+The+Fallen+King+%28USA%29?sf_options=desc%3D%26_options_sf&quot;,return)</favourite>
	<favourite name="Prince of Persia - The Forgotten Sands" thumb="http://thegamesdb.net/banners/boxart/original/front/38947-1.jpg">ActivateWindow(10025,&quot;plugin://plugin.program.iarl/Emulator/NINTENDO_DS_N3RDFLIX/Game/Prince+of+Persia+-+The+Forgotten+Sands+%28USA%29?sf_options=desc%3D%26_options_sf&quot;,return)</favourite>
	<favourite name="Prince of Persia - The Forgotten Sands" thumb="http://thegamesdb.net/banners/boxart/original/front/15972-1.jpg">ActivateWindow(10025,&quot;plugin://plugin.program.iarl/Emulator/PSP_N3RDFLIX/Game/Prince+of+Persia+-+The+Forgotten+Sands+%28USA%29?sf_options=desc%3D%26_options_sf&quot;,return)</favourite>
	<favourite name="Prince of Persia - The Sands of Time" thumb="http://thegamesdb.net/banners/boxart/original/front/7032-1.jpg">ActivateWindow(10025,&quot;plugin://plugin.program.iarl/Emulator/Nintendo_Gamecube_N3RDFLIX/Game/Prince+of+Persia+-+The+Sands+of+Time+%28Europe%29?sf_options=desc%3D%26_options_sf&quot;,return)</favourite>
	<favourite name="Prince of Persia - The Sands of Time" thumb="http://thegamesdb.net/banners/boxart/original/front/4805-1.jpg">ActivateWindow(10025,&quot;plugin://plugin.program.iarl/Emulator/Sony_Playstation_2_N3RDFLIX/Game/Prince+of+Persia+-+The+Sands+of+Time+%28USA%29?sf_options=desc%3D%26_options_sf&quot;,return)</favourite>
	<favourite name="Prince of Persia - The Two Thrones" thumb="http://thegamesdb.net/banners/boxart/original/front/4803-1.jpg">ActivateWindow(10025,&quot;plugin://plugin.program.iarl/Emulator/Sony_Playstation_2_N3RDFLIX/Game/Prince+of+Persia+-+The+Two+Thrones+%28USA%29?sf_options=desc%3D%26_options_sf&quot;,return)</favourite>
	<favourite name="Prince of Persia - Warrior Within" thumb="http://thegamesdb.net/banners/boxart/original/front/4804-1.jpg">ActivateWindow(10025,&quot;plugin://plugin.program.iarl/Emulator/Sony_Playstation_2_N3RDFLIX/Game/Prince+of+Persia+-+Warrior+Within+%28USA%29?sf_options=desc%3D%26_options_sf&quot;,return)</favourite>
</favourites>