<favourites>
	<favourite name="International Rugby Challenge" thumb="http://www.mobygames.com/images/covers/l/213184-international-rugby-challenge-dos-front-cover.jpg">ActivateWindow(10025,&quot;plugin://plugin.program.iarl/Emulator/IA_MSDOS_ZachMorris/Game/International+Rugby+Challenge?sf_options=desc%3D%26_options_sf&quot;,return)</favourite>
	<favourite name="Australian Rugby League" thumb="http://thegamesdb.net/banners/boxart/original/front/20294-1.jpg">ActivateWindow(10025,&quot;plugin://plugin.program.iarl/Emulator/Genesis_ZachMorris/Game/Australian+Rugby+League+%28Europe%29?sf_options=desc%3D%26_options_sf&quot;,return)</favourite>
	<favourite name="Australian Rules Football" thumb="https://archive.org/download/C64Games_201705/C64_Artwork.zip/Commodore%2064%20Artwork%2FAustralian%20Rules%20Football%20%28Europe%29%2FCover%20%5B4%20Most%20Balls%2C%20Boots%20and%20Brains%5D-4_Most_Balls_Boots_and_Brains.jpg">ActivateWindow(10025,&quot;plugin://plugin.program.iarl/Emulator/C64_ZachMorris/Game/Australian+Rules+Football?sf_options=desc%3D%26_options_sf&quot;,return)</favourite>
	<favourite name="Australian Rules Football" thumb="https://archive.org/download/C64Games_201705/C64_Artwork.zip/Commodore%2064%20Artwork%2FAustralian%20Rules%20Football%20%28Europe%29%2FCover%20%5B4%20Most%20Balls%2C%20Boots%20and%20Brains%5D-4_Most_Balls_Boots_and_Brains.jpg">ActivateWindow(10025,&quot;plugin://plugin.program.iarl/Emulator/C64_ZachMorris/Game/Australian+Rules+Football+%28Europe%29?sf_options=desc%3D%26_options_sf&quot;,return)</favourite>
	<favourite name="International Rugby" thumb="http://thegamesdb.net/banners/boxart/original/front/20388-1.jpg">ActivateWindow(10025,&quot;plugin://plugin.program.iarl/Emulator/Genesis_ZachMorris/Game/International+Rugby+%28Europe%29?sf_options=desc%3D%26_options_sf&quot;,return)</favourite>
	<favourite name="International Rugby Simulator" thumb="https://archive.org/download/C64Games_201705/C64_Artwork.zip/Commodore%2064%20Artwork%2FInternational%20Rugby%20Simulator%20%28Europe%29%2F%5B1.Front%5D%20Front1.jpg">ActivateWindow(10025,&quot;plugin://plugin.program.iarl/Emulator/C64_ZachMorris/Game/International+Rugby+Simulator+%28Europe%29?sf_options=desc%3D%26_options_sf&quot;,return)</favourite>
	<favourite name="Jonah Lomu Rugby" thumb="http://static.giantbomb.com/uploads/scale_large/0/2689/764367-jonah_lomu_rugby_psx.jpg">ActivateWindow(10025,&quot;plugin://plugin.program.iarl/Emulator/Sega_Saturn_ZachMorris/Game/Jonah+Lomu+Rugby+%28Europe%29?sf_options=desc%3D%26_options_sf&quot;,return)</favourite>
	<favourite name="Rugby - The World Cup" thumb="https://archive.org/download/C64Games_201705/C64_Artwork.zip/Commodore%2064%20Artwork%2FRugby%20-%20The%20World%20Cup%20%28Europe%29%2FCover-Rugby_-_The_World_Cup.jpg">ActivateWindow(10025,&quot;plugin://plugin.program.iarl/Emulator/C64_ZachMorris/Game/Rugby+-+The+World+Cup+%28Europe%29?sf_options=desc%3D%26_options_sf&quot;,return)</favourite>
	<favourite name="Rugby Boss" thumb="https://archive.org/download/C64Games_201705/C64_Artwork.zip/Commodore%2064%20Artwork%2FRugby%20Boss%20%28Europe%29%2FCover%20%5B4%20Most%20Balls%2C%20Boots%20and%20Brains%5D-4_Most_Balls_Boots_and_Brains.jpg">ActivateWindow(10025,&quot;plugin://plugin.program.iarl/Emulator/C64_ZachMorris/Game/Rugby+Boss+%28Europe%29?sf_options=desc%3D%26_options_sf&quot;,return)</favourite>
	<favourite name="Rugby Coach" thumb="https://archive.org/download/C64Games_201705/C64_Artwork.zip/Commodore%2064%20Artwork%2FRugby%20Coach%20%28Europe%29%2FCover-Rugby_Coach.jpg">ActivateWindow(10025,&quot;plugin://plugin.program.iarl/Emulator/C64_ZachMorris/Game/Rugby+Coach+%28Europe%29?sf_options=desc%3D%26_options_sf&quot;,return)</favourite>
	<favourite name="Rugby League Manager" thumb="https://archive.org/download/C64Games_201705/C64_Artwork.zip/Commodore%2064%20Artwork%2FRugby%20League%20Manager%20%28Europe%29%2FCover-Rugby_Manager.jpg">ActivateWindow(10025,&quot;plugin://plugin.program.iarl/Emulator/C64_ZachMorris/Game/Rugby+League+Manager+%28Europe%29?sf_options=desc%3D%26_options_sf&quot;,return)</favourite>
	<favourite name="Rugby World Cup 95" thumb="http://thegamesdb.net/banners/boxart/original/front/4604-1.jpg">ActivateWindow(10025,&quot;plugin://plugin.program.iarl/Emulator/Genesis_ZachMorris/Game/Rugby+World+Cup+95+%28USA%2C+Europe%29+%28En%2CFr%2CIt%29?sf_options=desc%3D%26_options_sf&quot;,return)</favourite>
	<favourite name="Scrum Try" thumb="http://archive.org/download/Mame172arcdcmplt/flyers.zip/cscrtry.png">ActivateWindow(10025,&quot;plugin://plugin.program.iarl/Emulator/MAME_ZachMorris/Game/Scrum+Try+%28DECO+Cassette%29+%28US%29+%28set+1%29?sf_options=desc%3D%26_options_sf&quot;,return)</favourite>
	<favourite name="Scrum Try" thumb="http://archive.org/download/Mame172arcdcmplt/flyers.zip/cscrtry.png">ActivateWindow(10025,&quot;plugin://plugin.program.iarl/Emulator/MAME_2014_ZachMorris/Game/Scrum+Try+%28DECO+Cassette%2C+set+1%29?sf_options=desc%3D%26_options_sf&quot;,return)</favourite>
	<favourite name="Super Rugby" thumb="http://i.imgur.com/mvOO3I8.jpg">ActivateWindow(10025,&quot;plugin://plugin.program.iarl/Emulator/SNES_ZachMorris/Game/Super+Rugby+%28Japan%29?sf_options=desc%3D%26_options_sf&quot;,return)</favourite>
	<favourite name="Super Rugby" thumb="http://thegamesdb.net/banners/boxart/original/front/27289-1.jpg">ActivateWindow(10025,&quot;plugin://plugin.program.iarl/Emulator/NES_ZachMorris/Game/Super+Rugby+%28Japan%29?sf_options=desc%3D%26_options_sf&quot;,return)</favourite>
	<favourite name="World Class Rugby" thumb="http://www.mobygames.com/images/shots/l/72985-pyramid-power-dos-screenshot-instructions-with-modified-title.jpg">ActivateWindow(10025,&quot;plugin://plugin.program.iarl/Emulator/IA_MSDOS_ZachMorris/Game/World+Class+Rugby?sf_options=desc%3D%26_options_sf&quot;,return)</favourite>
	<favourite name="World Class Rugby" thumb="https://archive.org/download/C64Games_201705/C64_Artwork.zip/Commodore%2064%20Artwork%2FWorld%20Class%20Rugby%20%28Europe%29%2FCover-World_Class_Rugby.jpg">ActivateWindow(10025,&quot;plugin://plugin.program.iarl/Emulator/C64_ZachMorris/Game/World+Class+Rugby+%28Europe%29?sf_options=desc%3D%26_options_sf&quot;,return)</favourite>
	<favourite name="World Class Rugby" thumb="http://i.imgur.com/8KBj7Wj.jpg">ActivateWindow(10025,&quot;plugin://plugin.program.iarl/Emulator/SNES_ZachMorris/Game/World+Class+Rugby+%28Europe%29?sf_options=desc%3D%26_options_sf&quot;,return)</favourite>
	<favourite name="World Class Rugby 2 - Kokunai Gekitou Hen " thumb="http://i.imgur.com/73StSEj.jpg">ActivateWindow(10025,&quot;plugin://plugin.program.iarl/Emulator/SNES_ZachMorris/Game/World+Class+Rugby+2+-+Kokunai+Gekitou+Hen+%2793+%28Japan%29?sf_options=desc%3D%26_options_sf&quot;,return)</favourite>
</favourites>