<favourites>
    <favourite name="Wolfenstein 3D" thumb="http://www.mobygames.com/images/covers/l/12672-wolfenstein-3d-dos-front-cover.jpg">ActivateWindow(10025,&quot;plugin://plugin.program.iarl/Emulator/IA_MSDOS_ZachMorris/Game/Wolfenstein+3D?sf_options=desc%3D%26_options_sf&quot;,return)</favourite>
	<favourite name="Beyond Castle Wolfenstein" thumb="http://www.mobygames.com/images/covers/l/9163-beyond-castle-wolfenstein-apple-ii-front-cover.jpg">ActivateWindow(10025,&quot;plugin://plugin.program.iarl/Emulator/IA_MSDOS_ZachMorris/Game/Beyond+Castle+Wolfenstein?sf_options=desc%3D%26_options_sf&quot;,return)</favourite>
	<favourite name="Beyond Castle Wolfenstein" thumb="https://archive.org/download/C64Games_201705/C64_Artwork.zip/Commodore%2064%20Artwork%2FBeyond%20Castle%20Wolfenstein%20%28Europe%29%2FCover-Beyond_Castle_Wolfenstein_%28v1%29.jpg">ActivateWindow(10025,&quot;plugin://plugin.program.iarl/Emulator/C64_ZachMorris/Game/Beyond+Castle+Wolfenstein+%28Europe%29?sf_options=desc%3D%26_options_sf&quot;,return)</favourite>
	<favourite name="Castle Wolfenstein" thumb="http://www.mobygames.com/images/shots/l/24282-castle-wolfenstein-dos-screenshot-title-screen.jpg">ActivateWindow(10025,&quot;plugin://plugin.program.iarl/Emulator/IA_MSDOS_ZachMorris/Game/Castle+Wolfenstein?sf_options=desc%3D%26_options_sf&quot;,return)</favourite>
	<favourite name="Castle Wolfenstein" thumb="https://archive.org/download/C64Games_201705/C64_Artwork.zip/Commodore%2064%20Artwork%2FCastle%20Wolfenstein%20%28Europe%29%2FCover%20%28MainStreet%29-Castle_Wolfenstein_%28MainStreet%29.jpg">ActivateWindow(10025,&quot;plugin://plugin.program.iarl/Emulator/C64_ZachMorris/Game/Castle+Wolfenstein+%28Europe%29?sf_options=desc%3D%26_options_sf&quot;,return)</favourite>
	<favourite name="Return to Castle Wolfenstein - Operation Resurrection" thumb="http://thegamesdb.net/banners/boxart/original/front/19756-1.jpg">ActivateWindow(10025,&quot;plugin://plugin.program.iarl/Emulator/Sony_Playstation_2_N3RDFLIX/Game/Return+to+Castle+Wolfenstein+-+Operation+Resurrection+%28USA%29?sf_options=desc%3D%26_options_sf&quot;,return)</favourite>
	<favourite name="Wolfenstein 3-D" thumb="http://i.imgur.com/l7W1y2V.png">ActivateWindow(10025,&quot;plugin://plugin.program.iarl/Emulator/SNES_ZachMorris/Game/Wolfenstein+3-D+%28USA%29?sf_options=desc%3D%26_options_sf&quot;,return)</favourite>
	<favourite name="Wolfenstein 3D" thumb="http://i.imgur.com/63XU8MR.png">ActivateWindow(10025,&quot;plugin://plugin.program.iarl/Emulator/SNES_ZachMorris/Game/Wolfenstein+3D+%28Europe%29?sf_options=desc%3D%26_options_sf&quot;,return)</favourite>
	<favourite name="Wolfenstein 3D" thumb="http://thegamesdb.net/banners/boxart/original/front/10158-1.jpg">ActivateWindow(10025,&quot;plugin://plugin.program.iarl/Emulator/3DO_ZachMorris/Game/Wolfenstein+3D+%28USA%29?sf_options=desc%3D%26_options_sf&quot;,return)</favourite>
	<favourite name="Wolfenstein 3D" thumb="http://thegamesdb.net/banners/boxart/original/front/4140-1.jpg">ActivateWindow(10025,&quot;plugin://plugin.program.iarl/Emulator/GBA_ZachMorris/Game/Wolfenstein+3D+%28USA%2C+Europe%29?sf_options=desc%3D%26_options_sf&quot;,return)</favourite>
	<favourite name="Wolfenstein 3D" thumb="http://thegamesdb.net/banners/boxart/original/front/3990-1.jpg">ActivateWindow(10025,&quot;plugin://plugin.program.iarl/Emulator/Atari_Jaguar_ZachMorris/Game/Wolfenstein+3D+%28World%29?sf_options=desc%3D%26_options_sf&quot;,return)</favourite>
	<favourite name="Wolfenstein 3D - The Claw of Eisenfaust" thumb="http://i.imgur.com/63XU8MR.png">ActivateWindow(10025,&quot;plugin://plugin.program.iarl/Emulator/SNES_ZachMorris/Game/Wolfenstein+3D+-+The+Claw+of+Eisenfaust+%28Japan%29?sf_options=desc%3D%26_options_sf&quot;,return)</favourite>
</favourites>