<favourites>
	<favourite name="Captain Commando" thumb="http://thegamesdb.net/banners/boxart/original/front/7856-1.png">ActivateWindow(10025,&quot;plugin://plugin.program.iarl/Emulator/MAME_2014_ZachMorris/Game/Captain+Commando+%28World+911202%29?sf_options=desc%3D%26_options_sf&quot;,return)</favourite>
	<favourite name="Captain Commando" thumb="http://i.imgur.com/VdX4Mxa.jpg">ActivateWindow(10025,&quot;plugin://plugin.program.iarl/Emulator/SNES_ZachMorris/Game/Captain+Commando+%28USA%29?sf_options=desc%3D%26_options_sf&quot;,return)</favourite>
	<favourite name="Captain Commando" thumb="http://images.launchbox-app.com/e9dc9d5d-3393-4a31-a850-c885087a459b.jpg">ActivateWindow(10025,&quot;plugin://plugin.program.iarl/Emulator/FBA_ZachMorris/Game/Captain+Commando+%28World+911202%29?sf_options=desc%3D%26_options_sf&quot;,return)</favourite>
	<favourite name="Captain Commando" thumb="http://thegamesdb.net/banners/boxart/original/front/7856-1.jpg">ActivateWindow(10025,&quot;plugin://plugin.program.iarl/Emulator/MAME_AKNF_Full/Game/Captain+Commando+%28World+911202%29?sf_options=desc%3D%26_options_sf&quot;,return)</favourite>
	<favourite name="Captain Commando" thumb="http://thegamesdb.net/banners/boxart/original/front/7856-1.jpg">ActivateWindow(10025,&quot;plugin://plugin.program.iarl/Emulator/MAME_ZachMorris/Game/Captain+Commando+%28World+911202%29?sf_options=desc%3D%26_options_sf&quot;,return)</favourite>
	<favourite name="Side Scrolling:  11.  Captain Commando" thumb="http://thegamesdb.net/banners/boxart/original/front/7856-1.jpg">ActivateWindow(10025,&quot;plugin://plugin.program.iarl/Emulator/MAME_Bestof_ZachMorris/Game/Side+Scrolling%3A++11.++Captain+Commando?sf_options=desc%3D%26_options_sf&quot;,return)</favourite>
</favourites>